mfcc_1,mfcc_2,mfcc_3,mfcc_4,mfcc_5,mfcc_6,mfcc_7,mfcc_8,mfcc_9,mfcc_10,mfcc_11,mfcc_12,mfcc_13,mfcc_14,mfcc_15,mfcc_16,mfcc_17,mfcc_18,mfcc_19,mfcc_20,mfcc_21,mfcc_22,mfcc_23,mfcc_24,mfcc_25,mfcc_26,mfcc_27,mfcc_28,mfcc_29,mfcc_30,mfcc_31,mfcc_32,mfcc_33,mfcc_34,mfcc_35,mfcc_36,mfcc_37,mfcc_38,mfcc_39,mfcc_40,Emotion,Emotion_ID,Path
-398.0422,75.35605,3.555152,13.388279,6.0331125,15.046699,-3.2746794,3.4103808,-3.6091578,-1.7168945,-8.651242,-2.3639233,3.1397507,-2.95309,1.0415163,1.8035823,-3.0160904,0.26065698,2.9246404,-1.9294503,-2.0861773,-1.0784081,-0.43701324,0.4333029,-3.378229,-3.1957223,-0.1550813,-0.9766595,-3.6928742,-2.1950328,0.48568594,-1.5478027,-3.2181597,0.02114327,-0.5493203,-0.62805307,0.052051745,-1.3432611,-1.7601829,-1.5899184,neutral,5,c:\Users\Kacpiro Recenzje\Desktop\Studia\XAI_2026\data\raw\Actor_01\03-01-01-01-01-01-01.wav
-404.4144,77.657196,1.1821151,14.425774,8.691035,15.811256,-4.6196384,4.848064,-4.0081296,-4.158945,-8.501261,-1.7059567,3.3208592,-2.7894557,0.6188821,1.0195729,-3.1611087,0.048665553,1.9382008,-2.3094063,-2.6073873,-0.7517185,-1.0718224,0.501153,-1.8981416,-3.878762,-0.30256945,-0.87335646,-4.521075,-1.3926704,0.3342806,-2.801111,-3.3094301,0.44899505,-0.5269717,-1.5361525,0.29221094,-1.0845125,-2.3102322,-1.1541592,neutral,5,c:\Users\Kacpiro Recenzje\Desktop\Studia\XAI_2026\data\raw\Actor_01\03-01-01-01-01-02-01.wav
-423.0302,75.06685,3.6810563,12.329444,6.4562926,11.320028,-3.6641772,4.332827,-5.347966,-3.4265285,-8.55627,-3.659352,1.656869,-3.55057,0.22932607,1.2349949,-2.7900944,-2.3761363,1.578215,-1.8507074,-4.1934056,-2.2036445,0.29457438,1.2385638,-3.0934107,-3.021811,-0.94384885,-0.6084395,-3.1400025,-1.283326,-0.014972444,-1.0264664,-3.324881,-0.4627402,-0.96453965,-1.04203,-0.22775447,-1.2940278,-1.9388529,-1.6482996,neutral,5,c:\Users\Kacpiro Recenzje\Desktop\Studia\XAI_2026\data\raw\Actor_01\03-01-01-01-02-01-01.wav
-431.4447,70.96046,5.918694,13.914023,6.412232,13.075801,-2.0529938,5.827669,-5.2176867,-3.630437,-7.901123,-2.225666,2.2236297,-0.7482827,0.12107032,1.3803095,-2.69438,-0.905174,1.6628042,-0.6373806,-3.2773907,-1.1475571,0.4493166,0.21830277,-2.5045137,-2.8067286,-1.4888576,-0.10529311,-2.3499088,-1.6945221,-0.40320143,-1.3981997,-2.7337859,-0.34440973,-0.80639064,-0.6347188,0.4998143,-1.6435846,-1.7578952,-1.6410266,neutral,5,c:\Users\Kacpiro Recenzje\Desktop\Studia\XAI_2026\data\raw\Actor_01\03-01-01-01-02-02-01.wav
-374.96695,88.75673,6.5754924,16.645142,7.1181736,16.783058,-3.9649441,5.0497084,-6.5024357,-1.1743642,-9.485906,-4.474838,2.318814,-2.3807821,-0.6106164,0.8074668,-3.1262429,-0.8992987,3.3287232,-2.3771193,-3.6489503,-0.4206576,-0.35991037,-0.70485544,-3.5431623,-2.524146,-1.6728611,-1.1002849,-4.394815,-2.34219,0.23506095,-2.5828533,-3.3438568,0.53029895,-1.2104989,-1.6605766,0.4102996,-1.7856561,-1.4777374,-0.73233473,calm,1,c:\Users\Kacpiro Recenzje\Desktop\Studia\XAI_2026\data\raw\Actor_01\03-01-02-01-01-01-01.wav
-369.30093,94.52046,9.770503,13.529407,6.1476636,18.295021,-3.3388596,3.4479907,-6.511609,-2.1089334,-7.0427136,-4.9149127,3.5107377,-1.3119078,-0.15540005,0.032070618,-2.6658156,-1.7736769,3.0474193,-1.9387928,-3.247602,-1.7236224,0.11674143,-0.1822823,-3.3978312,-2.131313,-2.2739975,-0.9504292,-3.8611052,-2.6414487,0.25429296,-2.6989646,-2.6692953,-0.3345545,-1.2047465,-1.171736,-0.3311552,-2.5718067,-2.3690064,-1.9677283,calm,1,c:\Users\Kacpiro Recenzje\Desktop\Studia\XAI_2026\data\raw\Actor_01\03-01-02-01-01-02-01.wav
-384.8445,95.09479,5.5331445,16.722399,6.0484767,16.179253,-3.7107368,8.27746,-5.742377,-1.2546576,-7.3955674,-4.62157,3.8143864,-1.9991877,2.255238,1.0806953,-3.505377,1.0545048,3.049223,-3.2147923,-4.7982802,-1.3625922,-0.0751096,0.728947,-5.1844587,-2.3095725,-1.981976,-0.16314913,-3.1204643,-2.088127,-0.3527105,-1.8182027,-4.048533,1.2528228,-2.1525152,-1.3714173,-0.67166334,-2.234709,-1.9895688,-1.166192,calm,1,c:\Users\Kacpiro Recenzje\Desktop\Studia\XAI_2026\data\raw\Actor_01\03-01-02-01-02-01-01.wav
-403.13538,94.63251,8.176188,14.060357,7.4465714,16.7495,-3.7292,7.6814466,-5.9083304,-2.398621,-6.800247,-4.433538,2.4025404,-1.8342415,1.2146177,1.1256982,-3.3108156,0.34169888,3.0910516,-2.0780096,-4.3549404,-0.87137693,-0.57042265,0.98752856,-4.867978,-3.3723001,-1.9100721,-0.71809363,-2.1419973,-1.9039981,-0.7846234,-1.0997634,-3.2199452,0.38876837,-2.3252096,-1.3805349,-0.53057724,-2.5493834,-2.0719843,-0.4945749,calm,1,c:\Users\Kacpiro Recenzje\Desktop\Studia\XAI_2026\data\raw\Actor_01\03-01-02-01-02-02-01.wav
-356.05502,102.423004,11.68823,17.286337,7.3644958,19.506884,-3.7512782,5.3150153,-6.9933844,0.9412174,-6.724201,-3.8463087,2.799043,0.74248886,1.650788,-0.088295825,-3.070101,0.23527373,2.7361858,-1.4047706,-0.28022334,-2.871106,-0.018266827,3.1767638,-4.8483896,-3.5842836,-0.30625346,-0.7929459,-4.107062,-1.9487275,0.22035268,-1.8384322,-1.783017,0.86104935,-1.9962236,-0.92344016,-0.8002237,-2.3641617,-3.1432579,-2.4901173,calm,1,c:\Users\Kacpiro Recenzje\Desktop\Studia\XAI_2026\data\raw\Actor_01\03-01-02-02-01-01-01.wav
-320.93146,110.38736,4.7953105,17.654076,3.9322085,21.173906,-7.744667,7.2317576,-10.622242,-1.7272031,-7.782126,-5.6103053,5.0609393,-1.5068656,1.2252598,-2.0056515,-3.567684,-0.682369,2.3676035,-3.6607978,-2.0481195,-2.5132527,-0.4194273,2.2367845,-5.718818,-2.9284089,-0.7712319,-0.19044779,-4.6568794,-2.2704692,-0.5574223,-2.9582005,-3.1760998,-0.38919377,-1.2372218,-1.3203278,-1.6070056,-3.0533164,-2.8860204,-2.8715794,calm,1,c:\Users\Kacpiro Recenzje\Desktop\Studia\XAI_2026\data\raw\Actor_01\03-01-02-02-01-02-01.wav
-276.88104,113.59342,9.95198,22.09338,0.19484456,21.25347,-5.2705183,10.580333,-14.254838,1.5105991,-11.761591,-4.757231,3.9865468,-0.2909416,3.1894832,-1.2738923,-4.9612546,0.8517653,0.6398008,-4.8588023,-4.2289467,-3.1565144,-2.8118212,0.47775128,-6.7103696,-5.323265,-0.6881456,-0.15342148,-5.1359396,-4.1340427,0.62582695,-1.7574458,-4.85459,1.0989659,-2.9320927,-2.7666998,-0.9144182,-3.7747107,-2.8639488,-1.5420482,calm,1,c:\Users\Kacpiro Recenzje\Desktop\Studia\XAI_2026\data\raw\Actor_01\03-01-02-02-02-01-01.wav
-311.62573,110.46439,0.8553735,18.011019,6.926937,20.192863,-5.444788,8.669709,-12.353943,-3.2771852,-10.266196,-3.7294567,5.7160573,0.041248728,1.3236703,-0.28112805,-5.609662,-0.21931322,1.959064,-2.6864247,-4.214997,-1.4687247,-1.0430789,2.947554,-5.9890466,-3.8611355,-2.7519486,1.0550174,-4.6297207,-1.7347667,1.0089947,-1.8920583,-2.7603347,0.606377,-1.4519851,-1.0572281,-1.9593644,-3.1209776,-3.6591616,-2.736099,calm,1,c:\Users\Kacpiro Recenzje\Desktop\Studia\XAI_2026\data\raw\Actor_01\03-01-02-02-02-02-01.wav
-376.2445,90.943,0.6685681,11.940956,5.932081,13.259774,-8.229047,2.2955678,-7.9143744,-4.063795,-10.026118,-2.5490658,2.4198189,-6.744909,-1.9264436,1.4853454,-4.3230352,-2.6601622,3.361869,-2.6852474,-6.4593186,-2.0362208,-1.321946,-2.098973,-4.4771757,-3.3318508,-0.6157495,-1.3263747,-5.2231116,-2.2252784,-1.7135786,-2.7995229,-4.282823,-0.6045378,-1.5594468,-3.7364502,-0.49074084,-2.7993176,-3.1888068,-1.4616998,happy,4,c:\Users\Kacpiro Recenzje\Desktop\Studia\XAI_2026\data\raw\Actor_01\03-01-03-01-01-01-01.wav
-381.21072,90.154335,-0.92185336,11.67212,9.575071,14.16153,-5.6498713,0.5724569,-6.490758,-3.7439632,-11.439692,-2.003966,4.3165164,-6.932393,-0.39818296,3.419295,-3.5105298,-2.990291,4.1997547,-2.458841,-6.2322106,-2.4295542,1.861877,-1.3807585,-4.045356,-3.7284281,-0.5017514,-1.450138,-6.7774796,-0.7386073,-0.5445477,-1.9215252,-2.6799557,-1.6872509,-1.5612721,-3.813009,-0.014557669,-1.6003684,-3.6064484,-0.92999613,happy,4,c:\Users\Kacpiro Recenzje\Desktop\Studia\XAI_2026\data\raw\Actor_01\03-01-03-01-01-02-01.wav
-370.70682,91.36076,2.7558775,14.139873,6.1638217,11.228363,-6.215926,4.4410424,-9.764756,-3.8076787,-13.927339,-2.913259,5.0678043,-5.775,-2.5223932,2.3830013,-3.7224722,-1.850898,3.6760864,-3.605923,-5.007977,-1.9348439,-0.16879754,-2.3901148,-5.355662,-2.5161893,-3.1519694,-0.7147789,-4.646049,-2.6640513,-0.6971973,-2.0018196,-4.4744406,0.035055038,-0.9618774,-2.7913942,-0.8037867,-2.4354486,-2.8955042,-1.442735,happy,4,c:\Users\Kacpiro Recenzje\Desktop\Studia\XAI_2026\data\raw\Actor_01\03-01-03-01-02-01-01.wav
-338.7013,90.76592,0.405173,20.997976,7.2268004,13.305979,-8.054513,7.7939515,-9.015076,-2.8887463,-13.78713,-3.2947376,2.9321601,-5.2158766,-0.4141709,2.2073357,-4.1377254,-2.0624728,3.6538143,-4.5028033,-5.9625883,-2.1413136,-0.9423823,-1.5982424,-5.8041515,-2.5086617,-2.8852725,-0.6711468,-4.8723865,-3.4086983,-0.14505848,-1.5487909,-5.4167595,-0.53078824,-1.8729147,-2.918902,-0.74027985,-2.70617,-2.7893336,-1.5312316,happy,4,c:\Users\Kacpiro Recenzje\Desktop\Studia\XAI_2026\data\raw\Actor_01\03-01-03-01-02-02-01.wav
-391.56766,82.37812,-8.226301,12.2177725,-3.888706,8.869444,-6.140995,-3.838708,-13.005048,-5.873935,-9.575172,-9.938001,0.3246012,-5.32559,-6.397432,0.21388964,-5.3010073,-5.5685654,-1.5383319,-3.6918833,-7.0482273,-3.176282,-1.7284138,-5.1063256,-5.6771708,-4.136356,-4.52384,-2.8855202,-5.9809265,-3.2185032,-2.3491566,-1.9859983,-1.4808408,1.0721626,1.1408833,0.4692343,-0.58916646,-1.8300413,-2.2171667,-1.3959874,happy,4,c:\Users\Kacpiro Recenzje\Desktop\Studia\XAI_2026\data\raw\Actor_01\03-01-03-02-01-01-01.wav
-386.8243,87.62356,-8.320234,6.023882,0.62649035,10.384186,-5.344929,-4.204304,-9.75053,-6.2343073,-12.779598,-8.865439,4.597769,-4.280143,-6.3360415,1.2420092,-2.9554193,-5.781555,-1.0322162,-2.2511764,-7.781548,-5.4386244,-1.2945472,-4.2540708,-5.8541694,-4.9081597,-4.722547,-2.3459125,-5.280708,-3.2403288,-0.12992434,-1.3071835,-4.0477366,-0.97535825,0.54994774,-2.8717713,-2.5656857,-0.72726583,0.72302365,0.89199895,happy,4,c:\Users\Kacpiro Recenzje\Desktop\Studia\XAI_2026\data\raw\Actor_01\03-01-03-02-01-02-01.wav
-299.60168,92.00095,-13.216851,14.761251,-1.9328282,13.141153,-9.414802,-0.7546136,-12.05907,-8.405935,-17.191498,-6.954047,4.8106947,-9.290027,-5.386772,2.095869,-4.5755587,-7.5061946,0.8889284,-2.794748,-9.435467,-3.7301164,-1.0281045,-5.2500114,-7.0592203,-5.283133,-3.7762182,-3.3855226,-7.7630773,-3.56662,-4.4487133,-3.8982687,-5.8807282,-3.1356587,-3.6211712,-5.781856,-1.2613846,-0.548479,-1.9232228,2.116608,happy,4,c:\Users\Kacpiro Recenzje\Desktop\Studia\XAI_2026\data\raw\Actor_01\03-01-03-02-02-01-01.wav
-320.66696,92.91173,-11.529963,15.710711,-3.9353392,13.125535,-11.240068,0.027946094,-11.890398,-8.308059,-15.952022,-9.323395,2.2161005,-7.517417,-3.9850242,1.5216428,-3.5228703,-7.355029,-1.409067,-2.5870771,-8.95287,-5.9017873,-1.4632849,-3.3766248,-6.774647,-6.215574,-3.5696893,-2.8907762,-8.447989,-4.6580815,-3.3988605,-3.1831133,-6.7822385,-3.2883773,-3.5135462,-4.8924785,-3.8481598,-2.4415576,-3.444052,-2.8434718,happy,4,c:\Users\Kacpiro Recenzje\Desktop\Studia\XAI_2026\data\raw\Actor_01\03-01-03-02-02-02-01.wav
-371.50162,95.31386,3.4611115,14.52872,8.915086,17.232313,-8.531696,6.1427426,-7.576629,-6.304732,-9.62612,-4.5113854,-1.6611079,-4.4952345,1.8623474,-2.2521212,-6.060615,-1.9116747,0.4179332,-3.9871135,-4.5853877,-4.6270823,-3.0330093,0.20944,-4.719284,-4.9418874,-2.5744934,-0.81334865,-5.674331,-2.588551,-0.6460717,-3.1563253,-3.3244078,-2.1348982,-1.1544293,-2.3295207,-2.204898,-1.7463115,-2.5420063,-2.0576482,sad,6,c:\Users\Kacpiro Recenzje\Desktop\Studia\XAI_2026\data\raw\Actor_01\03-01-04-01-01-01-01.wav
-393.47025,92.64935,1.1779019,13.287405,9.10559,15.654176,-6.4401474,6.687047,-5.193371,-6.1106,-8.331143,-5.3587384,-0.20327653,-2.4417834,-0.4175999,-1.1013165,-3.448513,0.0011774361,0.24435782,-2.03428,-2.6910756,-2.1970954,-1.3451993,1.468092,-4.1202803,-4.519651,-1.1350037,0.17582847,-4.4853354,-1.8750228,0.24939868,-2.3249998,-2.2912273,-1.2420783,-1.9436563,-1.8573332,-0.8334776,-0.591554,-1.6919324,-1.6301292,sad,6,c:\Users\Kacpiro Recenzje\Desktop\Studia\XAI_2026\data\raw\Actor_01\03-01-04-01-01-02-01.wav
-402.76617,86.39533,2.8722303,11.730284,9.229328,13.750153,-6.130828,4.7566876,-5.6155615,-5.804417,-9.008444,-3.027269,0.23043182,-1.7056723,-0.07729356,-1.0219214,-2.8590062,-2.2170362,0.2263808,-1.609833,-4.501223,-5.1716437,-0.58856195,1.2327265,-4.565485,-3.5593853,-2.7337477,-1.1915617,-4.5715175,-2.2148995,0.19255103,-1.7279005,-1.6314201,-0.05988965,-1.9848723,-1.0234369,-0.26897013,-1.5406296,-3.936972,-1.2090745,sad,6,c:\Users\Kacpiro Recenzje\Desktop\Studia\XAI_2026\data\raw\Actor_01\03-01-04-01-02-01-01.wav
-395.51895,79.2515,5.0842957,14.558014,8.746861,13.021178,-5.7166724,7.3556495,-4.2842393,-5.715259,-9.631048,-3.307501,-0.18916635,-3.8255079,0.6856881,-0.17426609,-2.842435,-2.261103,1.5218296,0.11361502,-3.2634165,-2.878445,-1.3943276,1.4716316,-4.107808,-4.1360364,-1.6553446,-0.83647543,-3.6936169,-2.0236235,-0.47626922,-1.260846,-3.193325,-1.8696644,-2.0062408,-0.49137402,-0.42901832,-0.91784906,-1.5685774,-1.1931198,sad,6,c:\Users\Kacpiro Recenzje\Desktop\Studia\XAI_2026\data\raw\Actor_01\03-01-04-01-02-02-01.wav
-358.87433,97.413994,5.471321,17.807928,9.9215145,18.160318,-8.996499,6.6666365,-7.419126,-6.3598294,-8.598397,-2.5390916,0.01647066,-5.7977552,0.40200907,-1.6652684,-5.2618856,-2.8407788,1.9088832,-3.324356,-4.517905,-3.9029493,-2.5249412,-0.06480235,-3.807832,-3.8410773,-2.5828602,-0.80357534,-6.532811,-2.6845684,-1.1926688,-2.4696238,-3.0538788,-0.8086285,-0.46322936,-1.6135756,-0.7183098,-2.623048,-1.2422522,-2.1473863,sad,6,c:\Users\Kacpiro Recenzje\Desktop\Studia\XAI_2026\data\raw\Actor_01\03-01-04-02-01-01-01.wav
-397.2956,85.502594,-4.559693,14.476208,3.7144663,13.706652,-7.537793,-1.9368589,-7.880681,-7.098264,-13.259656,-5.4092007,1.4531993,-7.4150634,-2.8044822,0.86607075,-4.562571,-5.6047583,2.2080991,-3.7728515,-7.667352,-2.8431416,0.6725412,-1.4526479,-5.4356103,-3.5280914,-3.0711424,-5.123052,-5.5887,-2.4304993,-3.0387988,-1.7453666,-3.9209425,-3.1452112,-1.2245544,-2.5773253,-1.0487685,-2.9689665,-3.2008944,-2.9362051,sad,6,c:\Users\Kacpiro Recenzje\Desktop\Studia\XAI_2026\data\raw\Actor_01\03-01-04-02-01-02-01.wav
-368.2612,88.28259,-2.0529854,13.782972,7.9855967,13.907498,-7.9836297,1.1967179,-9.352459,-8.264217,-17.145678,-4.7251425,1.3891078,-8.079748,-2.3053014,0.55866444,-5.2567368,-4.5532346,2.1310778,-2.3381593,-6.219634,-4.3655767,-1.5378476,-2.0551963,-4.949625,-5.8517036,-3.849083,-0.94520307,-6.3317976,-4.792188,-2.4692166,-1.9245982,-6.4828486,-2.5499856,-1.9524744,-3.9712582,-1.5452127,-4.0185947,-2.940453,-2.7410643,sad,6,c:\Users\Kacpiro Recenzje\Desktop\Studia\XAI_2026\data\raw\Actor_01\03-01-04-02-02-01-01.wav
-341.32443,88.30434,-5.778048,18.570387,3.9748933,14.053665,-9.504369,1.3253983,-9.202783,-7.389974,-14.878796,-3.6787534,2.1087587,-6.6591225,-1.8731551,0.8299499,-6.2030425,-4.9938655,2.8294344,-3.770461,-6.8514147,-4.2105913,-1.8758394,-1.7711931,-5.91983,-4.214142,-3.369545,-0.7127455,-6.8514757,-3.7688534,-1.5909808,-2.7163918,-5.2818007,-1.0237423,-2.6882155,-4.0853715,-0.57104915,-3.6154706,-3.0893936,-3.036231,sad,6,c:\Users\Kacpiro Recenzje\Desktop\Studia\XAI_2026\data\raw\Actor_01\03-01-04-02-02-02-01.wav
-366.01135,80.30713,-11.233813,17.741451,2.311283,8.775095,-8.766041,2.1117785,-4.021705,-1.1265169,-12.499191,-5.0604515,1.536507,-4.7756085,-2.52356,0.2601667,-5.696958,-2.7024913,-0.9191324,-4.4005966,-4.7144647,-2.201795,-3.1120226,-3.7510338,-5.0411816,-3.659566,-3.5920756,-2.8972185,-5.4441347,-3.0479274,-1.9578757,-2.18632,-4.329028,0.3906857,-0.7728208,-3.0432482,-0.6390554,-0.012620561,-1.6433146,-1.89069,angry,0,c:\Users\Kacpiro Recenzje\Desktop\Studia\XAI_2026\data\raw\Actor_01\03-01-05-01-01-01-01.wav
-309.18274,78.93646,-11.871543,17.831383,-3.2286084,7.829841,-10.197729,0.64485383,-10.415402,-7.6777163,-12.225864,-7.123743,-2.2470918,-6.8061957,-5.44908,-1.7979522,-6.2888613,-3.479189,-2.5730767,-6.2938013,-6.5278335,-1.6775669,-4.4610214,-5.1951666,-4.411544,-3.2851908,-4.099408,-0.7050988,-3.0557337,-0.8056059,-1.9100703,-0.9903298,-3.4316747,-1.2484261,-2.1148965,-3.6086297,-2.087148,-1.3115218,-3.3301876,-2.2139866,angry,0,c:\Users\Kacpiro Recenzje\Desktop\Studia\XAI_2026\data\raw\Actor_01\03-01-05-01-01-02-01.wav
-355.43073,68.3963,-2.7316384,15.897607,3.035125,8.469701,-7.0657706,2.4375668,-6.765716,-5.0509787,-11.012239,-4.0215726,-0.12418901,-6.26442,-0.737219,-0.8787638,-5.330024,-1.8567946,0.053590383,-3.4103389,-6.739538,-1.6680065,-1.2505867,-3.4553888,-5.412239,-3.9945855,-2.138748,-2.4820964,-5.0408764,-3.2569206,-2.1735582,-2.7164812,-4.309651,-1.7449075,-1.7210788,-2.4739223,-1.6330647,-0.6230019,-1.92976,-0.7173896,angry,0,c:\Users\Kacpiro Recenzje\Desktop\Studia\XAI_2026\data\raw\Actor_01\03-01-05-01-02-01-01.wav
-350.49097,73.87947,-4.427678,15.744956,0.13854417,10.259242,-9.169646,1.8800267,-5.2200437,-6.7341723,-12.678008,-5.774273,0.78672767,-6.0751095,-2.8776867,1.5818795,-6.357105,-4.206985,0.4656758,-3.9765143,-7.698932,-0.82919866,-0.2804711,-4.352763,-6.49137,-3.277767,-1.9567269,-2.9625165,-5.388677,-1.9678106,-3.208625,-3.525726,-5.0272174,-2.8308911,-2.2754734,-3.43502,-1.5539219,-0.9710522,-2.6584868,0.18761103,angry,0,c:\Users\Kacpiro Recenzje\Desktop\Studia\XAI_2026\data\raw\Actor_01\03-01-05-01-02-02-01.wav
-302.79605,69.64014,-30.139025,6.362251,-12.929934,-1.5127898,-15.043762,-3.3934014,-19.645508,-10.413215,-14.589655,-10.556138,-7.3073573,-6.482396,-7.425983,-6.807521,-9.355309,-4.751032,-3.2282994,-4.006264,-6.801976,3.2378132,1.9997067,2.7020917,3.0038455,3.9508889,3.1328683,6.976481,-1.6305068,1.2276713,-0.6425727,-0.024755599,-2.4598956,1.4545047,3.073824,-0.01277929,-2.1223555,0.5141235,-2.2186859,1.7177027,angry,0,c:\Users\Kacpiro Recenzje\Desktop\Studia\XAI_2026\data\raw\Actor_01\03-01-05-02-01-01-01.wav
-294.757,79.01781,-28.046625,14.208908,-11.298943,4.777412,-16.728918,-3.6212404,-9.663955,-6.777987,-15.683116,-12.615309,-3.8587365,-11.068178,-8.3601465,-3.2534335,-7.0812984,-6.1334124,-5.866714,-8.5917635,-13.522716,-6.685947,-5.3136377,-8.783161,-8.901958,-4.3251166,-3.4619684,0.19663438,-1.2970566,6.261503,5.7639008,3.2133248,1.164846,2.0037649,-0.6307954,-2.809454,1.0554979,4.363053,0.5183705,0.7407757,angry,0,c:\Users\Kacpiro Recenzje\Desktop\Studia\XAI_2026\data\raw\Actor_01\03-01-05-02-01-02-01.wav
-319.775,67.3984,-27.982933,14.804397,-9.568885,5.0812516,-14.12946,-1.7891718,-10.91322,-6.6795835,-16.12501,-8.257345,-1.3585814,-7.7318935,-7.885969,0.025533473,-8.811885,-4.2097483,-3.4396505,-4.405891,-10.742347,-1.9016325,-3.2609963,-5.981007,-5.1515718,-1.4831471,-3.0752883,0.13600364,-3.8426695,2.0532246,-0.74565375,2.5897381,-1.016317,-0.102003165,-1.2992518,0.0152557045,-0.5736046,1.7897583,-1.0620712,-0.407753,angry,0,c:\Users\Kacpiro Recenzje\Desktop\Studia\XAI_2026\data\raw\Actor_01\03-01-05-02-02-01-01.wav
-245.90121,64.10546,-35.085052,6.3164973,-19.29817,1.8348696,-19.899515,-6.8296027,-22.736649,-8.412084,-20.091825,-13.250012,-3.3045301,-8.2604475,-12.501276,-4.4505906,-9.872306,-3.1350532,-5.1050515,-2.580517,-6.5943785,3.0746825,5.624604,3.664746,-0.77837986,3.7166255,-0.47168672,5.3215714,-0.8015954,4.081557,-0.57880753,-2.1753163,-5.0846586,-1.3391329,-1.390708,0.11046257,-2.3675244,-0.7911244,-4.537951,-0.2821796,angry,0,c:\Users\Kacpiro Recenzje\Desktop\Studia\XAI_2026\data\raw\Actor_01\03-01-05-02-02-02-01.wav
-370.5882,86.53399,1.8127749,18.258474,5.655886,19.023191,-8.618471,3.2465088,-7.4372716,-7.1795344,-9.662914,-2.5031278,0.2131747,-4.691382,4.0913086,1.3007762,-4.189559,-0.05372284,5.5160303,-0.20241812,-4.138759,-2.100599,-0.6999457,-1.0506431,-5.213976,-3.030323,-1.9415781,-1.5901425,-5.3133965,-2.6882942,-0.80316263,-1.8789747,-2.9982858,-0.13142882,-2.2934852,-3.3260784,-1.2185024,-1.9204401,-2.816163,-2.3913236,fear,3,c:\Users\Kacpiro Recenzje\Desktop\Studia\XAI_2026\data\raw\Actor_01\03-01-06-01-01-01-01.wav
-324.9307,86.720245,-4.444574,11.983358,2.2053244,15.093135,-9.796692,0.61117584,-11.330458,-10.804643,-13.662923,-4.660439,0.22780105,-8.230105,-1.7535338,-1.011369,-6.709022,-2.8954117,3.3087883,-2.519139,-7.083842,-4.0498548,-2.01037,-2.588853,-5.6997337,-3.6092937,-2.6836607,-3.378844,-5.8574123,-3.8079824,-2.2873445,-3.584049,-5.348258,-1.9913867,-2.4785216,-3.8552368,-3.882157,-3.4140415,-2.8960419,-2.41328,fear,3,c:\Users\Kacpiro Recenzje\Desktop\Studia\XAI_2026\data\raw\Actor_01\03-01-06-01-01-02-01.wav
-354.21356,79.32139,2.0767574,19.92451,6.2059507,16.525387,-4.863066,5.3237376,-5.9523296,-4.450057,-7.1374106,-1.2349105,1.0169219,-3.4392734,1.1537285,0.85186243,-3.5162053,-0.71707493,3.1882653,-0.55433506,-2.288186,-2.564991,0.9594679,2.2161922,-2.99409,-3.6798797,-1.4111347,0.14859636,-4.3279796,-2.277037,-1.7151333,-0.99152714,-3.2075846,-0.80817646,-0.776517,-2.6170714,-0.8619601,-1.7362572,-1.5674317,-1.8735936,fear,3,c:\Users\Kacpiro Recenzje\Desktop\Studia\XAI_2026\data\raw\Actor_01\03-01-06-01-02-01-01.wav
-332.82736,96.421486,-2.3144207,17.680027,7.5903745,17.733152,-7.023571,5.673199,-10.224227,-7.6246457,-9.276956,-0.3411854,0.6351324,-2.5634425,1.0996287,-0.07671905,-3.7644172,1.0005592,2.118888,-1.616683,-2.0831692,-3.744771,-0.49970403,3.0488935,-4.8257747,-4.483544,-0.24822314,-1.907127,-4.5205364,-2.2456868,-1.3936911,-2.4497082,-4.490128,0.28132567,-2.518143,-2.50067,-1.6632502,-2.09517,-1.088901,-3.1242373,fear,3,c:\Users\Kacpiro Recenzje\Desktop\Studia\XAI_2026\data\raw\Actor_01\03-01-06-01-02-02-01.wav
-291.54974,87.07176,-25.361597,17.476383,-7.405419,14.217948,-8.879171,1.7885605,-9.971093,-7.867523,-12.792483,-7.1397457,1.1353141,-6.06563,-5.913877,0.0060995114,-8.19767,-3.7100558,0.32963517,1.1291463,-7.537497,-7.5953994,-3.764496,-2.6912258,-8.503915,-4.8790727,-3.8172188,0.22628184,-4.089278,0.25346506,0.73851454,2.9584503,-0.5142861,1.2099229,3.4089897,-0.23515828,-0.2229163,4.88292,1.9295068,2.0984604,fear,3,c:\Users\Kacpiro Recenzje\Desktop\Studia\XAI_2026\data\raw\Actor_01\03-01-06-02-01-01-01.wav
-317.5546,79.19376,-18.677181,2.7441435,-9.701567,12.837229,-8.652746,-3.546841,-14.653178,-14.173185,-14.653698,-12.315284,-3.1096883,-11.388441,-10.326516,-5.7027183,-9.365044,-5.143075,-1.1879318,-3.2711298,-11.55123,-8.875205,-1.9740239,-5.2332416,-7.391838,-6.383649,-3.4740214,3.0720968,1.2562414,5.0702596,5.8161483,6.092391,2.3743863,1.3996847,3.5987687,1.3480453,4.662557,6.8265953,2.929031,1.7219597,fear,3,c:\Users\Kacpiro Recenzje\Desktop\Studia\XAI_2026\data\raw\Actor_01\03-01-06-02-01-02-01.wav
-309.6869,67.520294,-23.686018,8.49807,-12.501274,5.5408373,-12.308489,-0.6467841,-16.656319,-14.236425,-13.845897,-11.648533,-3.2244227,-8.056807,-10.562865,-5.5426292,-9.824716,-6.8233547,-1.2542263,-2.0909152,-12.488982,-6.514449,-2.6196399,-3.6557958,-5.3089976,-4.0618706,-3.534098,1.7691436,-0.45981625,5.146298,7.5669436,9.713061,4.915447,5.6389976,3.3795931,-0.50467914,0.5788553,1.9747752,1.7437668,3.146022,fear,3,c:\Users\Kacpiro Recenzje\Desktop\Studia\XAI_2026\data\raw\Actor_01\03-01-06-02-02-01-01.wav
-338.6925,77.351616,-19.0239,7.82778,-9.444828,10.72016,-7.453487,-1.460307,-16.936665,-8.771606,-15.07017,-12.138585,1.6049125,-4.453658,-9.655057,-5.26295,-8.498536,-6.3744407,0.036068857,-2.645725,-11.158946,-6.8297443,-1.8713866,-4.295995,-8.843203,-4.5574007,-4.6405783,0.24250522,-1.7302068,1.0733075,3.2523613,4.5632644,3.37529,4.3709683,5.460874,3.418296,2.5738204,4.3725424,1.4146518,1.3843722,fear,3,c:\Users\Kacpiro Recenzje\Desktop\Studia\XAI_2026\data\raw\Actor_01\03-01-06-02-02-02-01.wav
-311.0782,93.76955,-0.17690931,14.393343,0.88627535,16.773504,-8.6826105,4.264053,-11.750537,-3.8804448,-13.736699,-5.673502,3.2516472,-7.8522153,-3.9000638,-1.0947891,-7.958167,-0.5256064,-0.8173644,-6.2870245,-3.7018888,-4.186603,-2.633229,-2.9806173,-4.590994,-3.1223664,-0.65866387,-4.0513988,-4.9843445,-0.45772222,-2.5074272,-1.5756522,-2.6412792,-0.41444796,-2.2259767,-0.78741676,-0.17797792,-0.983809,-0.46123087,-0.4871505,disgust,2,c:\Users\Kacpiro Recenzje\Desktop\Studia\XAI_2026\data\raw\Actor_01\03-01-07-01-01-01-01.wav
-316.92007,83.478546,0.84356993,13.61729,-6.075654,17.314213,-9.185447,2.1156023,-13.350306,-2.823168,-15.084869,-4.6312857,1.3964924,-5.295631,-5.528173,-2.085794,-5.5812035,-1.1762154,-1.2877345,-5.3302364,-4.1146073,-3.8981435,-1.8925381,0.24443293,-4.7895885,-1.5820605,-1.4665252,-4.3274574,-4.485983,-0.9504835,-2.1058004,-2.3981292,-3.740357,-0.35857025,-0.9777003,-0.6374282,-0.22598256,-1.7967142,-1.0617033,-0.9544769,disgust,2,c:\Users\Kacpiro Recenzje\Desktop\Studia\XAI_2026\data\raw\Actor_01\03-01-07-01-01-02-01.wav
-332.93863,95.245155,8.053668,21.074343,5.1673994,15.727596,-5.282993,10.378352,-15.41309,-3.5390248,-8.11797,-0.30258662,-1.4658396,-3.0874536,-1.0706171,-0.11755008,-5.0110097,-1.0742146,1.9569429,-3.6835556,-4.4811506,-1.7529649,-1.0670859,-1.0193628,-6.954253,-4.0681725,-1.2322829,-0.42171252,-5.1796675,-2.9710104,-3.1707897,-2.3559835,-3.4868333,-2.1750653,-2.0124784,-1.4536215,-2.96933,-2.4663062,-2.541308,-2.4593942,disgust,2,c:\Users\Kacpiro Recenzje\Desktop\Studia\XAI_2026\data\raw\Actor_01\03-01-07-01-02-01-01.wav
-325.37183,86.6124,2.4823444,15.008841,2.8416271,11.840647,-5.1992455,8.910781,-15.404236,-3.3241274,-8.598031,0.138665,1.6954978,-3.5001795,-1.2996573,-0.77512056,-6.3284125,-2.1147447,2.412391,-4.0069547,-4.4855223,-2.642528,-0.63915986,-0.42001855,-5.4463835,-3.2442675,-3.3378525,-1.5476415,-4.6462355,-4.0279837,-2.3851848,-2.377158,-3.2936344,-1.9461884,-0.58863074,-1.8579391,-3.0674195,-2.207001,-3.080338,-2.2679017,disgust,2,c:\Users\Kacpiro Recenzje\Desktop\Studia\XAI_2026\data\raw\Actor_01\03-01-07-01-02-02-01.wav
-316.34265,73.31021,-3.9511845,13.238699,-17.371025,4.6603026,-8.114835,-1.8496094,-17.38382,-13.341124,-11.738642,-9.4228325,-4.37191,-4.115242,-6.6532946,-6.2088675,-7.438138,-3.6526384,-5.75806,-8.748511,-5.0741773,-4.844668,-7.3776875,-5.1511264,-7.478935,-6.741336,-4.7899733,-0.8135794,-2.2307832,0.45912772,-0.48182732,-1.4075884,-0.60367674,1.3351787,2.0706959,1.1504327,0.8768498,2.2016428,1.4804479,1.494365,disgust,2,c:\Users\Kacpiro Recenzje\Desktop\Studia\XAI_2026\data\raw\Actor_01\03-01-07-02-01-01-01.wav
-309.91843,71.556816,-11.171964,13.484806,-11.047172,5.3033776,-14.21148,-4.8007507,-20.621212,-8.524258,-7.5099015,-8.384913,-3.2821605,-8.416198,-6.509607,-7.600676,-10.709924,-4.028832,-1.0025297,-6.0767856,-7.996033,-1.6759787,-5.036736,-6.2553177,-4.6940775,-4.8977447,-4.267385,-0.39697853,-2.881463,-0.96104765,-0.6093,-0.40920448,-3.3227293,-1.8225764,-2.0338032,-1.0198553,0.48431382,0.81845284,1.3203385,1.6101685,disgust,2,c:\Users\Kacpiro Recenzje\Desktop\Studia\XAI_2026\data\raw\Actor_01\03-01-07-02-01-02-01.wav
-321.91394,79.7559,4.82941,24.87448,-14.53408,7.2236123,-7.4262385,1.1318171,-21.308548,-8.918255,-5.027163,-7.9662027,-10.6907015,-3.3626795,-6.156047,-6.5988054,-13.856199,-4.8577795,-3.6161168,-10.377685,-10.8474,-5.325798,-4.970566,-4.822373,-9.042245,-5.7611465,-6.4093165,-5.7971206,-6.0430627,-4.9219704,-2.826529,-1.2511083,-4.6144667,2.232369,0.8975889,-0.15607807,0.34909955,-0.12353564,-1.741492,-2.2111619,disgust,2,c:\Users\Kacpiro Recenzje\Desktop\Studia\XAI_2026\data\raw\Actor_01\03-01-07-02-02-01-01.wav
-295.25177,80.53008,-1.1001972,13.734035,-9.974803,8.284835,-9.467436,-2.3231087,-22.641117,-10.47832,-9.028416,-5.971188,-7.0118027,-6.8519516,-7.777271,-6.7674007,-7.5173254,-6.0848603,-1.03373,-5.244783,-7.9514318,-3.701017,-3.5173042,-4.070189,-5.8290243,-5.0862203,-4.6705403,-2.849305,-5.4242754,-4.712193,-4.1635866,-2.6829925,-4.767262,-1.8275937,-0.2811988,-0.13842763,1.0952281,1.003697,-0.10583518,-0.03567824,disgust,2,c:\Users\Kacpiro Recenzje\Desktop\Studia\XAI_2026\data\raw\Actor_01\03-01-07-02-02-02-01.wav
-397.54993,72.95023,2.7636132,11.150818,2.2641797,12.156832,-5.9561005,0.777162,-6.797056,-4.3318796,-6.847664,-6.1227994,2.1701837,-4.2167306,-2.341275,-0.24960072,-4.535135,-4.3254924,0.76017684,-3.1521013,-6.591189,-2.459594,-1.4832517,-2.3221195,-3.9182,-3.8932989,-2.8167028,-2.945805,-5.2076836,-2.921383,-0.62123984,-2.911927,-3.9971828,-0.7970273,-1.9554292,-3.0169392,-1.6861808,-2.7096782,-3.3561301,-0.63856894,surprise,7,c:\Users\Kacpiro Recenzje\Desktop\Studia\XAI_2026\data\raw\Actor_01\03-01-08-01-01-01-01.wav
-421.38934,71.520775,0.48315993,9.121992,5.197484,12.844415,-4.8344707,-0.044050068,-6.5971327,-3.7794952,-8.004427,-1.6240375,1.4645334,-4.6492352,-2.3529816,0.035385348,-3.6380534,-4.6871614,1.3055955,-1.5003753,-4.778851,-1.433697,0.13212575,-0.034222137,-3.8646855,-4.269199,-1.2074767,-1.9767222,-3.9244163,-2.0302374,-2.5156171,-2.872163,-2.786654,-1.5722961,-1.6342492,-1.5004861,-1.4952257,-1.2380154,-1.8190005,-1.111218,surprise,7,c:\Users\Kacpiro Recenzje\Desktop\Studia\XAI_2026\data\raw\Actor_01\03-01-08-01-01-02-01.wav
-402.41025,83.47188,1.8683498,16.305956,4.4489675,13.316052,-7.27237,4.5105276,-7.892856,-4.566521,-9.816565,-2.2286882,1.9013174,-4.1491094,-0.9157676,-1.844899,-4.303053,-2.4621267,1.9138131,-2.6316772,-5.960735,-2.4818645,-0.8332368,0.08013003,-5.466139,-5.924581,-1.8684037,-2.1222675,-4.3735347,-2.5779705,-3.0113642,-2.4026952,-4.2487707,-1.680708,-1.3971717,-1.6278363,-1.4703598,-2.490463,-2.305558,-2.0771618,surprise,7,c:\Users\Kacpiro Recenzje\Desktop\Studia\XAI_2026\data\raw\Actor_01\03-01-08-01-02-01-01.wav
-420.58182,69.582794,-0.8964459,12.633046,0.21458283,8.155306,-8.574828,3.0436008,-6.5887194,-3.3300214,-7.770409,-3.7869418,0.40778098,-3.9607437,-3.8111594,0.8484648,-4.8694444,-3.8904216,1.3087599,-3.1307983,-6.7245903,-2.4944265,-0.81095845,-1.0010952,-5.03241,-4.300117,-2.075378,-1.2714249,-3.9873493,-2.676717,-0.4126926,-2.0068185,-4.8371964,-1.3946292,-2.0102084,-2.6952007,-1.8173302,-1.9305074,-3.4391139,-1.946207,surprise,7,c:\Users\Kacpiro Recenzje\Desktop\Studia\XAI_2026\data\raw\Actor_01\03-01-08-01-02-02-01.wav
-393.18457,77.30948,-5.8317766,12.313464,0.43723318,13.919676,-8.196585,0.51004094,-8.674796,-3.5420892,-9.121459,-5.3108697,3.6212451,-6.359072,-3.763943,1.4606037,-4.00229,-4.357195,0.749938,-2.937387,-7.243666,-3.288444,-1.6877295,-4.1610727,-4.614005,-3.8074908,-2.5039833,-2.681482,-6.319678,-3.3987782,-1.2859069,-2.579308,-4.085932,-0.51074255,-1.135935,-1.5474826,-0.32782245,-0.7920721,-0.7654698,0.0063160565,surprise,7,c:\Users\Kacpiro Recenzje\Desktop\Studia\XAI_2026\data\raw\Actor_01\03-01-08-02-01-01-01.wav
-368.00766,69.740265,-7.537222,12.205087,-1.4700171,10.122136,-9.395116,1.3042486,-9.324892,-4.9906707,-10.434331,-6.524945,0.61488247,-4.7182617,-5.26659,0.09726591,-4.418577,-5.722585,-1.7703425,-3.3017375,-7.617402,-4.332464,-1.5872142,-3.9045775,-5.460424,-3.6396303,-4.097254,-2.4737182,-6.5893,-2.724053,-0.29099965,-1.7437742,-1.8661642,1.2113485,0.88452244,-0.5601784,0.81748796,-0.29702774,-0.5697526,0.52150476,surprise,7,c:\Users\Kacpiro Recenzje\Desktop\Studia\XAI_2026\data\raw\Actor_01\03-01-08-02-01-02-01.wav
-386.66718,77.06393,-8.637574,16.209072,-2.0088098,12.014498,-9.919937,1.1076751,-7.8506823,-7.491623,-12.148337,-1.9875623,-0.13055702,-5.3307214,-2.8693428,0.51573926,-5.6682396,-5.3726,0.70484173,-4.3725367,-7.6324186,-2.6441631,-0.4501407,-2.0435503,-6.2799997,-3.918576,-3.5256927,-4.402478,-6.6242356,-2.5179896,-4.2158494,-3.0044634,-2.868933,-2.2802045,-3.5468214,-2.4275572,-2.466693,-2.6404297,-3.7094471,-2.351559,surprise,7,c:\Users\Kacpiro Recenzje\Desktop\Studia\XAI_2026\data\raw\Actor_01\03-01-08-02-02-01-01.wav
-386.44037,69.29643,-6.6528363,11.499742,-3.1392827,9.064572,-6.281904,1.0462605,-11.087012,-5.730924,-8.931129,-5.3933225,0.6595922,-4.6281824,-3.8452227,-0.21133417,-4.083724,-6.493857,-1.193784,-1.5554048,-8.582055,-4.5777917,-1.4948518,-2.1128216,-4.579109,-6.5538645,-3.848861,-1.218783,-5.5709105,-4.386618,-1.8026654,-0.98183924,-2.03056,-0.90975,-1.2131292,-1.5786352,-0.4503294,1.9291557,1.9949402,2.2832942,surprise,7,c:\Users\Kacpiro Recenzje\Desktop\Studia\XAI_2026\data\raw\Actor_01\03-01-08-02-02-02-01.wav
-394.99756,81.4073,-7.5332108,5.2648373,-0.25635955,2.918844,-12.36091,2.425235,-11.780046,-4.702925,-3.7012038,-1.3199368,-4.181557,-4.0438404,-3.1919723,-4.850879,-0.74484223,-5.1369405,-6.2305417,-0.34994122,-4.209947,-1.8886297,-0.96822375,-1.9510604,0.36321244,-1.59092,-1.6658827,-0.52576697,-0.27512872,0.41376403,-2.7978232,-2.0051582,-0.24413727,-1.4198117,0.74732906,1.6632428,-0.21166554,0.20657162,2.1755006,1.6244292,neutral,5,c:\Users\Kacpiro Recenzje\Desktop\Studia\XAI_2026\data\raw\Actor_02\03-01-01-01-01-01-02.wav
-378.14288,78.262024,-9.6849375,6.72581,1.8288254,2.212805,-12.302832,3.865047,-11.908596,-2.2158568,-3.4679635,-2.4328732,-3.2008832,-3.6365058,-3.70418,-5.4186087,-1.0965931,-4.280657,-6.3782835,-0.9801268,-3.0658522,-0.9835513,-1.5739808,-1.9773921,0.25408107,-1.8275625,-2.1288316,-1.0710802,-1.3911711,-0.1554455,-3.3169656,-3.0053928,-1.9344766,-2.1263514,0.5296729,1.8962872,0.09572174,0.7528737,2.639443,2.7738097,neutral,5,c:\Users\Kacpiro Recenzje\Desktop\Studia\XAI_2026\data\raw\Actor_02\03-01-01-01-01-02-02.wav
-386.6435,79.64445,-8.0844965,3.2655897,-3.4928558,2.5468633,-12.0342245,2.2068036,-12.247174,-6.1655784,-5.199176,-2.4194062,-5.049634,-4.478626,-5.0182915,-5.5102386,0.00063467363,-4.181438,-7.719358,-1.2674019,-5.573191,-3.6940494,-1.275523,-1.3352356,0.4636434,-1.1973872,-1.2402794,-0.43135145,-1.7163346,0.28076702,-1.6090702,-1.4531775,1.6844262,2.2632842,2.0761526,3.2549553,1.5336084,0.4053447,1.9273617,1.4820889,neutral,5,c:\Users\Kacpiro Recenzje\Desktop\Studia\XAI_2026\data\raw\Actor_02\03-01-01-01-02-01-02.wav
-390.73093,72.08178,-7.794831,4.4075294,-3.6622128,2.4894347,-13.012136,2.835099,-12.341251,-5.8392587,-5.575984,-2.955041,-5.2896357,-3.6708035,-5.4856586,-7.0673146,-1.764254,-4.787015,-8.309745,-0.36021197,-5.731783,-4.493298,-1.5855856,-1.799867,-0.5575169,-1.14945,-3.1857007,-1.0642365,-2.4341364,-0.7807909,-2.375973,-1.4192982,1.4872675,1.21632,1.754864,3.3487065,2.6723132,2.1897237,2.5005322,0.85663396,neutral,5,c:\Users\Kacpiro Recenzje\Desktop\Studia\XAI_2026\data\raw\Actor_02\03-01-01-01-02-02-02.wav
-388.0544,88.27215,-4.2225695,14.220802,0.6888904,5.027656,-12.287851,6.6230936,-12.216909,-2.8899138,-3.1933966,-2.9474804,-2.9505398,-5.107276,-5.4757185,-3.7091472,0.1487376,-4.589077,-5.863901,-2.6161387,-4.546378,-3.2118487,-5.035965,-4.4516873,-1.3724554,-3.2701058,-3.2915945,-1.0013157,-1.8775018,-0.26516205,-1.5476203,-0.016443996,3.2183607,3.1798337,6.0598745,5.991102,3.291923,3.1075907,2.718468,1.820619,calm,1,c:\Users\Kacpiro Recenzje\Desktop\Studia\XAI_2026\data\raw\Actor_02\03-01-02-01-01-01-02.wav
-336.4656,87.175476,-7.8631687,10.099596,-0.84892154,3.989227,-13.111864,5.139105,-13.665897,-4.9957533,-3.314949,-5.0877614,-3.8545458,-7.466987,-9.124191,-3.7752287,-0.65465254,-5.566898,-7.5732317,-3.2382383,-7.399707,-4.698554,-6.0877194,-5.8418307,-2.5014648,-3.5733144,-3.9120882,-1.2239321,-1.3897179,-0.77581936,-1.2579336,-1.2869858,0.16772504,0.20790738,2.3412766,4.749563,3.1090364,4.070551,4.7489185,2.7178094,calm,1,c:\Users\Kacpiro Recenzje\Desktop\Studia\XAI_2026\data\raw\Actor_02\03-01-02-01-01-02-02.wav
-375.06677,80.9698,-6.807296,10.687664,-5.6114798,5.6995873,-12.008515,2.1510067,-12.405974,-5.6485615,-6.0572624,-2.1278703,-6.617402,-5.2598076,-7.4015093,-5.540144,-1.2854443,-6.8068657,-10.224457,-3.1552863,-5.390819,-5.2042913,-5.559894,-5.2797413,-2.727546,-5.6290846,-6.641069,-1.6512845,-3.3686745,-1.5043359,-2.2661624,-2.2235446,1.487128,1.9939013,4.2868195,5.7844257,4.753369,3.9940012,4.1760244,2.7877278,calm,1,c:\Users\Kacpiro Recenzje\Desktop\Studia\XAI_2026\data\raw\Actor_02\03-01-02-01-02-01-02.wav
-355.17163,85.18359,-8.760993,5.0393696,-6.567801,3.6744237,-14.422571,1.8541485,-15.151501,-7.457824,-6.318225,-3.4050972,-7.3496113,-5.85632,-8.740958,-8.227854,-2.6689558,-7.5864863,-10.391226,-4.0145774,-6.288239,-5.78698,-6.2499223,-6.707052,-3.8976033,-6.6840386,-7.3255954,-2.082796,-4.046062,-0.943988,-2.8564453,-1.7836837,1.0895416,-0.1479726,2.6146076,5.0793414,3.0977232,3.6479816,3.5327432,3.5069833,calm,1,c:\Users\Kacpiro Recenzje\Desktop\Studia\XAI_2026\data\raw\Actor_02\03-01-02-01-02-02-02.wav
-330.94135,84.66051,-6.3674955,12.9873495,-1.0649968,3.5905118,-14.936392,4.0113573,-10.688917,-6.47037,-6.3043346,-4.0107064,-3.4420648,-8.65024,-6.975651,-5.1748366,-2.8625598,-6.455977,-6.9728327,-4.3933935,-6.6626625,-4.1864433,-5.691395,-5.9135,-2.213475,-3.8525062,-5.189151,-1.988931,-2.4367614,-3.5220337,-1.9402028,-2.5884123,-1.0150441,0.62164134,0.79648846,2.1642246,-0.97422206,0.27314958,0.23920195,0.96962255,calm,1,c:\Users\Kacpiro Recenzje\Desktop\Studia\XAI_2026\data\raw\Actor_02\03-01-02-02-01-01-02.wav
-362.51276,86.51221,-8.961121,11.764249,-2.8061128,2.3970027,-13.625445,5.6740727,-14.708122,-5.1150255,-5.442834,-4.967161,-2.306224,-7.514818,-9.332353,-4.747677,-1.3771858,-5.7390456,-7.491243,-4.718854,-7.3221107,-4.2703185,-4.6052423,-6.31255,-4.3706098,-5.500327,-7.2713275,-3.3709474,-2.2005327,-0.99155986,0.28776258,-0.61302674,0.4511541,-1.4127811,-1.5420628,-0.08415157,-0.98157704,0.7008269,1.329642,2.2762158,calm,1,c:\Users\Kacpiro Recenzje\Desktop\Studia\XAI_2026\data\raw\Actor_02\03-01-02-02-01-02-02.wav
-346.1904,81.88629,-8.412962,10.916173,-10.330661,3.9313576,-12.401225,1.8372405,-15.804814,-8.722551,-8.397259,-3.4834557,-7.1178007,-9.412832,-10.960224,-6.7542586,-3.6885605,-7.560616,-9.2324705,-2.971803,-7.0353527,-5.0323696,-6.081858,-7.2595468,-2.9302535,-5.2211657,-8.249097,-1.4374393,-2.80296,-2.4339135,-1.6954608,1.4037268,3.6243486,2.658356,5.5097904,4.2519393,2.7189686,2.6775444,3.3904045,2.0125608,calm,1,c:\Users\Kacpiro Recenzje\Desktop\Studia\XAI_2026\data\raw\Actor_02\03-01-02-02-02-01-02.wav
-303.56076,85.12184,-4.697952,12.06356,-7.891644,5.017692,-12.436269,3.7818937,-16.603949,-6.012965,-7.647688,-1.0231693,-5.5203085,-8.131925,-11.347952,-6.220729,-2.2582061,-6.7502007,-8.692291,-2.7300107,-8.499563,-4.1203613,-6.4191256,-7.2701945,-3.7481854,-6.354062,-8.534042,-2.4583926,-4.735387,-4.6242614,-3.0659616,-1.5821427,1.1595807,1.3442487,2.9066608,4.011437,1.1633447,1.5513273,1.4928629,2.9677753,calm,1,c:\Users\Kacpiro Recenzje\Desktop\Studia\XAI_2026\data\raw\Actor_02\03-01-02-02-02-02-02.wav
-414.0442,76.989624,-20.98052,1.0457454,2.4589684,-1.1079009,-12.190676,1.6041456,-11.247344,-9.797642,-2.1190627,-4.2562656,-5.9523306,-3.0090837,-6.3039956,-7.1434584,-2.1624951,-3.7011294,-6.669392,-2.501354,-2.6371393,-2.4748256,-2.9947667,-0.985265,0.1707057,-3.2936716,-3.6036112,-0.6760554,-2.705428,0.028612178,-0.85475105,-1.5983021,0.7563313,0.97841626,1.7454609,3.3970556,0.18944566,-0.8567058,-0.37698948,2.050358,happy,4,c:\Users\Kacpiro Recenzje\Desktop\Studia\XAI_2026\data\raw\Actor_02\03-01-03-01-01-01-02.wav
-409.86862,81.94878,-20.488916,5.457225,3.9487607,0.50880855,-14.663088,2.8105571,-12.799501,-8.785959,-2.2484655,-4.842751,-7.2837453,-3.0246422,-5.404994,-6.903381,-1.3074425,-3.2198827,-7.4464135,-2.8298137,-2.1792824,-2.4565887,-2.6111882,-0.30139452,0.4072789,-3.0677018,-3.8599987,-0.67761964,-2.8955467,-1.5693675,-3.0097122,-4.0737934,-1.2871373,0.29098007,1.0852621,3.304106,1.6533815,0.4761671,1.0594889,3.7579753,happy,4,c:\Users\Kacpiro Recenzje\Desktop\Studia\XAI_2026\data\raw\Actor_02\03-01-03-01-01-02-02.wav
-397.8267,80.33156,-21.75896,2.176551,-1.2807193,-1.6593349,-12.991415,-1.4866099,-15.15415,-11.995354,-3.333495,-4.3189473,-9.103014,-3.8926544,-6.4150376,-9.705142,-1.959479,-4.3481064,-8.814055,-3.8153968,-3.5394845,-6.171851,-4.543058,-2.101758,0.056864854,-3.0713456,-3.863537,-0.5612122,-2.8395455,-0.6449155,-0.43531734,-0.036763508,2.5440595,2.1748338,1.3534148,1.3359252,-0.5223322,-2.180784,-1.3220016,1.5693998,happy,4,c:\Users\Kacpiro Recenzje\Desktop\Studia\XAI_2026\data\raw\Actor_02\03-01-03-01-02-01-02.wav
-386.34818,81.7367,-17.32905,5.296813,0.5346065,0.19323947,-12.32476,-1.3432537,-13.798216,-9.344204,-1.3080318,-2.9412613,-7.632892,-3.088387,-5.9807014,-7.125653,-1.401711,-4.3749914,-8.480314,-2.2223403,-3.3234694,-4.5989966,-3.0899506,-1.215319,0.30139485,-3.8561528,-3.9852676,-1.8070042,-3.6180294,-1.4179502,-1.3758351,0.30464572,2.492891,1.1799977,1.4879321,2.4812908,1.1116663,0.004136647,-0.072195336,0.93153316,happy,4,c:\Users\Kacpiro Recenzje\Desktop\Studia\XAI_2026\data\raw\Actor_02\03-01-03-01-02-02-02.wav
-398.3985,68.29596,-30.365927,-2.8327448,2.713548,-6.33151,-19.680414,-2.9382071,-12.718401,-13.747706,-1.6373904,-9.0577345,-11.948726,-3.069245,-9.091762,-9.73277,-3.0224385,-3.9833949,-10.388299,-3.1049235,-0.50238967,-0.89678454,-0.6398718,0.009556764,0.63109505,-3.7157142,-3.64717,0.699217,-1.8667022,0.20245059,-0.68692845,-2.1084328,0.53307104,1.7824843,2.9326248,4.133986,2.3865926,2.3304276,1.9239675,2.601659,happy,4,c:\Users\Kacpiro Recenzje\Desktop\Studia\XAI_2026\data\raw\Actor_02\03-01-03-02-01-01-02.wav
-404.9151,71.75492,-30.219858,-3.363102,1.9884293,-3.9024754,-20.271372,-4.8234506,-11.860945,-12.674701,-2.6631024,-7.475945,-10.9259615,-2.8597176,-6.8709865,-8.896837,-1.8751072,-2.0282087,-9.638605,-0.30514506,1.4482017,-0.19746973,-0.098934956,0.10449132,0.99025106,-2.7152035,-3.6579957,0.2860495,-2.209187,-0.7494298,-2.0072572,-2.3117259,-0.21680331,0.15469354,0.72536,2.085901,1.7828617,3.7470565,4.661267,5.399844,happy,4,c:\Users\Kacpiro Recenzje\Desktop\Studia\XAI_2026\data\raw\Actor_02\03-01-03-02-01-02-02.wav
-408.9908,72.59401,-21.87151,-0.44252738,0.6596669,-0.7984548,-15.810369,-6.847459,-14.301168,-12.33614,-1.1275412,-4.580091,-12.07967,-5.7580924,-6.0829864,-10.289506,-2.6024768,-3.548175,-11.839775,-4.029025,-4.1578765,-5.6066346,-4.664216,-1.5744817,1.456447,-0.6643105,-3.5888083,0.27179584,0.32710254,1.6520337,0.6647372,1.4604975,2.172446,2.5713346,-0.36170912,-0.19122487,-0.112568796,1.6819158,2.3850908,4.928946,happy,4,c:\Users\Kacpiro Recenzje\Desktop\Studia\XAI_2026\data\raw\Actor_02\03-01-03-02-02-01-02.wav
-400.0712,74.436165,-23.202044,0.85284984,-0.8378045,-2.320995,-17.982939,-4.5104623,-13.331553,-13.227704,-3.9563386,-6.823885,-13.130902,-4.0166554,-8.100482,-11.128369,-3.2704356,-4.008251,-11.968516,-2.1035922,-1.1620694,-2.2860126,-2.3289301,-0.5834489,0.65412396,-3.4285598,-5.7167883,-0.110777296,-1.6084709,0.6158075,-0.441702,-0.11550882,0.14188099,2.193375,0.45238394,1.6489182,1.843224,3.2393868,4.651766,6.6820917,happy,4,c:\Users\Kacpiro Recenzje\Desktop\Studia\XAI_2026\data\raw\Actor_02\03-01-03-02-02-02-02.wav
-356.514,87.27918,-7.380044,7.3170557,-1.7409711,3.5175304,-13.7579565,3.7521064,-15.039705,-5.4290323,-6.2588596,-4.2552204,-5.462236,-6.275949,-7.294534,-4.2061524,-0.20470847,-5.150731,-6.6791387,-3.7526894,-5.789496,-3.3933816,-5.3761115,-6.068504,-1.8316568,-4.3533807,-3.5842352,-3.2839377,-1.3896197,1.388763,-1.6237007,-0.51391083,0.4833319,0.3483786,1.3483382,2.7402306,2.0295262,3.5719168,6.8242326,8.42404,sad,6,c:\Users\Kacpiro Recenzje\Desktop\Studia\XAI_2026\data\raw\Actor_02\03-01-04-01-01-01-02.wav
-404.47485,90.04842,-8.213867,7.3629184,-0.7756275,3.1064372,-12.551868,4.02728,-11.633384,-6.486869,-5.327746,-3.5335035,-3.560257,-6.3017087,-4.1986046,-5.199944,-0.8764932,-3.7945552,-7.1417236,-2.6724188,-5.36632,-3.4196427,-4.641461,-5.6106367,-0.43493214,-3.3181398,-3.4587379,-3.2627919,-2.9429815,1.0814682,-3.0750282,-2.6401153,0.7408803,1.0392711,1.8088137,4.414994,3.8855395,4.167043,5.857549,6.8194046,sad,6,c:\Users\Kacpiro Recenzje\Desktop\Studia\XAI_2026\data\raw\Actor_02\03-01-04-01-01-02-02.wav
-394.93713,74.18501,-0.6336614,7.8202586,-1.9577711,3.484513,-10.30365,-0.7790018,-14.257116,-7.128515,-3.9017339,-3.9926212,-6.4667163,-6.250955,-5.2788615,-6.6994295,-1.6269104,-5.3489637,-8.331657,-2.9818037,-5.1467595,-4.190074,-4.1973805,-5.5587234,-1.4409246,-6.0501127,-6.2726507,-5.744325,-4.321463,-1.6945068,-3.805584,-1.5444875,1.5191616,0.9723511,0.7548707,0.2578508,-1.0210423,0.73255175,5.5389814,9.283628,sad,6,c:\Users\Kacpiro Recenzje\Desktop\Studia\XAI_2026\data\raw\Actor_02\03-01-04-01-02-01-02.wav
-406.5368,78.574974,-3.4013603,10.095612,-0.71887445,5.01445,-9.799687,-0.09764456,-11.661162,-7.9422817,-4.8753366,-2.2736402,-5.675098,-6.4108853,-5.032731,-6.625839,-1.8549106,-5.067525,-6.891999,-2.0637262,-5.105314,-4.129468,-3.7859507,-6.1661673,-2.3308,-4.6240582,-6.4992,-5.2024617,-4.939415,-2.459009,-3.8759043,-3.4277613,-0.12791389,0.3969125,1.8980299,3.8690615,3.9823146,5.006699,8.779229,10.3567915,sad,6,c:\Users\Kacpiro Recenzje\Desktop\Studia\XAI_2026\data\raw\Actor_02\03-01-04-01-02-02-02.wav
-407.16302,76.402084,-10.423257,6.8918366,-2.4047978,-1.6398162,-12.55857,-2.6194475,-14.6713505,-10.916519,-7.309444,-4.5959477,-7.3867726,-5.0976305,-5.0621457,-6.3219476,2.1938138,-2.6007214,-8.1020975,-4.4988804,-2.7259228,-3.1746316,-2.2355485,-3.9132426,1.5475259,-0.9158809,-0.9648545,0.70251995,0.99220353,6.241232,3.3712845,5.678563,6.532547,3.1352744,2.5530002,1.6614137,-1.435312,-1.8380708,1.4614984,0.8269922,sad,6,c:\Users\Kacpiro Recenzje\Desktop\Studia\XAI_2026\data\raw\Actor_02\03-01-04-02-01-01-02.wav
-383.35577,84.172455,-5.392072,9.559188,-1.4300267,3.1001515,-11.504209,-1.5854963,-14.803415,-8.140646,-8.056135,-3.2700057,-6.332287,-5.012938,-4.7339664,-6.0496144,-1.180269,-3.5138311,-6.2613845,-2.8157995,-2.2292442,-2.9638097,-3.6065333,-5.2960544,-0.71094155,-4.072636,-2.9032953,-1.105041,-0.9995933,3.2896278,0.5930944,2.7819276,5.368246,5.3703237,5.9006424,5.444825,2.6629033,0.9718315,1.66566,0.13602948,sad,6,c:\Users\Kacpiro Recenzje\Desktop\Studia\XAI_2026\data\raw\Actor_02\03-01-04-02-01-02-02.wav
-385.13977,73.88407,-6.3598957,9.239961,-4.026072,2.0557344,-10.353147,-2.8920052,-15.410288,-11.242779,-9.593546,-4.4509926,-8.705862,-5.376881,-6.7357407,-8.97556,-2.3787045,-4.825679,-9.760918,-5.4964585,-2.8127027,-5.6958356,-6.7733502,-6.0625353,-2.316712,-5.7174196,-5.677799,-1.868949,-0.70630664,4.053722,1.6093793,2.578012,4.020028,2.6840036,2.1049623,3.8158383,2.9284496,2.9085474,4.2575684,2.2675648,sad,6,c:\Users\Kacpiro Recenzje\Desktop\Studia\XAI_2026\data\raw\Actor_02\03-01-04-02-02-01-02.wav
-378.71902,74.17337,-8.946209,9.700616,-5.12901,3.245406,-13.807229,-4.0739784,-16.283459,-9.653161,-7.6640954,-2.2055273,-9.336717,-5.7713294,-5.7107315,-7.692235,-1.6894423,-2.8643024,-9.186445,-5.021881,-1.5392249,-4.909614,-5.6891775,-5.0815086,-1.1374055,-3.0620818,-2.8956292,0.38230106,2.8876853,7.2896357,3.754091,4.258156,4.8257995,2.297733,-0.089317866,0.38220963,-1.3975321,-1.2212685,1.805147,0.5379805,sad,6,c:\Users\Kacpiro Recenzje\Desktop\Studia\XAI_2026\data\raw\Actor_02\03-01-04-02-02-02-02.wav
-380.41272,72.45916,-10.084135,5.3447394,-1.7364899,0.98498577,-11.718482,2.4339921,-9.814185,-8.337329,-2.550829,-3.5770693,-2.6855927,-3.2663631,-4.504094,-4.009268,-0.44680837,-3.2878497,-6.610923,-2.642744,-4.4783883,-2.6930175,-1.8602568,-1.2108684,1.9543089,1.097848,-0.8435857,0.24562235,-2.500415,0.15154585,0.1104133,0.8768735,3.9768338,2.8835764,0.76752913,0.875505,-0.90046525,-0.54728675,1.5284538,2.3986986,angry,0,c:\Users\Kacpiro Recenzje\Desktop\Studia\XAI_2026\data\raw\Actor_02\03-01-05-01-01-01-02.wav
-354.4239,75.92209,-17.876661,3.8912506,-1.5995824,0.12362996,-13.211127,3.0820723,-12.803386,-6.2084165,-1.0874993,-1.9092585,-1.3966587,-3.2378545,-3.4173265,-4.078174,-1.0698682,-3.2520468,-6.3396683,-2.4688323,-3.2569191,-2.047149,-1.3910016,0.51274216,2.9050608,0.07709303,-0.7702338,-0.15677226,-1.7770598,0.67064023,-0.7097659,1.3212718,3.523171,1.8874464,0.7098997,1.054201,-1.5408592,-0.0713944,1.8797085,2.8676836,angry,0,c:\Users\Kacpiro Recenzje\Desktop\Studia\XAI_2026\data\raw\Actor_02\03-01-05-01-01-02-02.wav
-374.26135,77.93846,-11.455568,7.4360766,-6.2447314,1.1218647,-13.481636,4.361476,-13.991779,-7.193297,-5.454594,-2.091172,-6.0059605,-4.530696,-5.14077,-6.8778224,-1.2972003,-3.8823233,-8.235768,-2.3978045,-5.0819306,-4.9007044,-6.1977696,-3.5202234,-2.1151597,-1.8069957,-3.1643758,1.0754033,-1.5853245,0.95958,0.6591558,0.65913844,3.575767,2.870719,2.5875232,3.347757,1.5541414,1.4663194,1.4880968,1.6942327,angry,0,c:\Users\Kacpiro Recenzje\Desktop\Studia\XAI_2026\data\raw\Actor_02\03-01-05-01-02-01-02.wav
-371.30038,75.34965,-17.98983,5.268257,-7.0925326,-0.92690086,-17.744127,4.6098475,-15.10817,-8.465019,-5.1359076,-2.971122,-5.471494,-3.4800687,-5.52279,-7.9148765,0.6730303,-4.0909777,-7.614824,-1.2130731,-5.756669,-6.799088,-7.127541,-4.1654587,-1.9903145,-2.7465007,-4.279969,-0.14419058,-1.9360052,0.9348625,0.052285377,0.19585338,3.7045202,2.2150156,3.853383,5.3128176,2.415357,1.0866333,0.5375823,0.65918034,angry,0,c:\Users\Kacpiro Recenzje\Desktop\Studia\XAI_2026\data\raw\Actor_02\03-01-05-01-02-02-02.wav
-365.9764,67.75622,-29.503546,0.13464127,-5.8286157,-8.27892,-17.627377,4.2874227,-13.616418,-11.727401,-1.0240145,-6.2467527,-5.710825,-2.67271,-7.744321,-5.377434,-2.481406,-2.3453212,-4.105526,0.92833024,0.95915157,1.9865991,2.0773115,2.416745,2.9247851,1.3495767,-0.41659525,-0.18848376,-1.050699,1.8114102,1.3068115,3.2244067,3.8693137,0.5320359,-1.1910533,-0.65994334,-1.880107,1.0096725,2.0421305,0.59530145,angry,0,c:\Users\Kacpiro Recenzje\Desktop\Studia\XAI_2026\data\raw\Actor_02\03-01-05-02-01-01-02.wav
-359.74783,74.428764,-30.078146,-0.5124842,-6.076589,-8.532852,-17.374966,7.179092,-10.805319,-11.696031,-2.2486417,-6.247791,-5.8076153,-1.5103354,-7.7595525,-6.404336,-1.7682254,-2.9037433,-7.7898297,-0.9784454,-1.2171315,0.50959337,0.51728725,1.6502091,1.9671061,-0.57087445,-1.2793784,0.3718963,-0.16191241,3.2440026,2.3041456,3.0010836,3.2184086,0.560238,0.5690909,2.4538293,0.04100356,1.1217102,0.6119969,-0.4753761,angry,0,c:\Users\Kacpiro Recenzje\Desktop\Studia\XAI_2026\data\raw\Actor_02\03-01-05-02-01-02-02.wav
-390.78635,61.91783,-34.661762,-7.855132,-12.184842,-12.368189,-22.16651,1.7053952,-15.06356,-17.543043,-5.9603777,-8.339863,-11.01192,-4.3894258,-11.401427,-9.470661,-6.7372313,-3.697314,-6.419654,0.744311,0.64052695,3.1164484,3.2811618,3.620252,5.848328,4.064628,3.64829,3.6282613,0.116915114,0.6205119,-1.0856236,-0.643003,0.23641464,-0.4315323,-3.1294744,-0.8487006,-1.9334815,0.18108279,1.0354135,0.13112073,angry,0,c:\Users\Kacpiro Recenzje\Desktop\Studia\XAI_2026\data\raw\Actor_02\03-01-05-02-02-01-02.wav
-362.2795,64.46267,-38.024155,-4.9203095,-11.520325,-13.217344,-21.390026,3.0974853,-14.95682,-16.30862,-4.440828,-7.9817996,-11.135512,-4.877713,-11.455142,-10.101966,-4.800116,-4.76317,-5.7858768,1.5773488,0.88572043,0.6823854,-1.3649685,0.9559313,2.7067459,0.3789986,2.9050782,4.702205,2.4524941,3.3757937,0.33676103,-1.2641041,1.2248398,-0.18272589,-0.25717953,2.3327806,-1.3387661,-0.9774512,-0.9801089,0.56074125,angry,0,c:\Users\Kacpiro Recenzje\Desktop\Studia\XAI_2026\data\raw\Actor_02\03-01-05-02-02-02-02.wav
-362.11823,71.18426,-31.13596,1.8425319,-5.998618,-2.550847,-20.200819,0.9674936,-17.58386,-10.350773,-5.5371385,-8.196943,-7.7604303,-5.2659783,-8.709596,-2.8114278,-1.2768588,-3.795347,-7.643494,-5.963847,-7.0673747,-4.0166245,-1.4853472,1.2206767,7.1867995,7.090629,6.5442686,9.025603,6.4629674,6.4662266,0.50477195,2.03289,3.5030425,1.8590244,1.2597435,1.3770813,-1.9139378,-1.8223232,-0.108246714,-0.08126103,fear,3,c:\Users\Kacpiro Recenzje\Desktop\Studia\XAI_2026\data\raw\Actor_02\03-01-06-01-01-01-02.wav
-356.4797,70.81199,-28.808107,-1.4874477,-7.0670624,-2.3556252,-18.881369,1.7480986,-17.717976,-12.349994,-5.7726192,-6.669719,-8.460574,-5.762316,-8.584738,-3.9488764,0.32643843,-4.8266296,-8.383074,-3.3247516,-2.9691603,-1.4906013,1.546333,4.0452805,9.149,7.943986,7.0919075,5.984075,4.4227085,5.1251965,-0.79966176,0.1113567,1.8943381,0.64453363,0.9876855,0.5748955,-2.3584301,-3.6302235,-1.1945714,-0.05291234,fear,3,c:\Users\Kacpiro Recenzje\Desktop\Studia\XAI_2026\data\raw\Actor_02\03-01-06-01-01-02-02.wav
-363.24408,66.68418,-29.21262,1.342473,-8.280476,0.37911972,-18.510853,-1.0446825,-18.84896,-11.652123,-4.5626016,-4.0240154,-10.499177,-5.4875073,-6.946457,-5.8997164,-0.786299,-5.2137938,-8.690945,-3.198317,-4.6163096,-3.387802,0.06393952,2.2843037,8.001631,6.613795,6.2208476,6.5081925,5.132775,6.0327992,0.17056447,1.6341472,4.826512,2.3997214,0.45998484,1.8591951,-2.3794978,-2.2491465,-0.11549372,-0.28444952,fear,3,c:\Users\Kacpiro Recenzje\Desktop\Studia\XAI_2026\data\raw\Actor_02\03-01-06-01-02-01-02.wav
-357.09598,62.407608,-29.81653,-3.7037125,-9.272238,-0.09342718,-19.651669,-3.4259453,-21.46104,-12.767457,-5.114057,-4.623653,-11.674181,-6.9841886,-9.135912,-3.483963,-0.63856447,-6.3906264,-9.321209,-2.4325147,-4.857983,-1.0661051,5.0057936,8.916369,14.543083,13.351347,8.453975,7.6320887,3.9337604,3.2529511,-3.523369,-0.79393435,2.144248,0.010942013,0.9874294,0.8190739,-3.4413238,-2.971027,-0.82914203,0.27412942,fear,3,c:\Users\Kacpiro Recenzje\Desktop\Studia\XAI_2026\data\raw\Actor_02\03-01-06-01-02-02-02.wav
-374.11713,56.24815,-38.27941,-5.2851276,-9.767327,-8.038118,-22.046814,-2.871042,-16.22019,-13.214451,-5.5489235,-4.1445217,-10.788035,-8.212269,-8.207447,-4.970788,1.0319663,1.8053709,2.593356,9.833185,13.695289,9.3141775,8.126782,1.9148413,1.0117198,-3.2148168,-6.15444,0.13920777,-1.1280237,0.9178322,-5.6950903,-6.148911,-1.9518878,-3.2351766,1.1840062,-0.6256161,-2.7764723,-0.80464137,2.7281368,4.682014,fear,3,c:\Users\Kacpiro Recenzje\Desktop\Studia\XAI_2026\data\raw\Actor_02\03-01-06-02-01-01-02.wav
-373.3403,51.257133,-36.491844,-3.6992245,-9.679764,-5.2967052,-22.298914,-2.788344,-14.517992,-14.569049,-6.146544,-6.0273194,-11.177593,-7.031216,-5.7031083,-3.8614926,1.3074214,0.7220764,-0.253563,9.125461,14.7224865,11.025067,9.915398,3.177575,2.5385695,-3.06124,-6.986052,-1.4557223,-1.7379818,0.81715715,-4.8938446,-3.9590888,-2.3235314,-3.4728074,-0.008075619,1.4683464,-1.6375946,-2.1360781,0.269174,0.4228378,fear,3,c:\Users\Kacpiro Recenzje\Desktop\Studia\XAI_2026\data\raw\Actor_02\03-01-06-02-01-02-02.wav
-392.82727,45.513916,-33.02136,-3.879196,-13.706106,-2.4155788,-21.407646,-2.9538236,-14.469926,-11.202131,-6.275929,-5.9518533,-12.102771,-6.1353154,-8.22088,-5.0148854,0.73948973,0.45227018,-0.06153296,6.664524,9.599145,8.298221,8.031123,4.8874116,4.3102517,-0.09931221,-5.2176566,-0.52396524,-2.8351312,0.18621263,-4.9793572,-3.802105,-1.2785379,-3.2425458,-1.0671175,-0.8845174,-1.3419516,0.7481766,2.6105638,1.1779602,fear,3,c:\Users\Kacpiro Recenzje\Desktop\Studia\XAI_2026\data\raw\Actor_02\03-01-06-02-02-01-02.wav
-375.44138,51.075005,-31.543503,-3.61565,-12.248985,-3.0299082,-18.127338,-5.2004957,-16.817617,-13.544709,-3.4251986,-4.2008862,-10.855785,-6.4367833,-6.346667,-4.4430294,0.3527306,0.13029252,1.5108751,10.200099,11.96523,8.313309,8.453855,3.9587038,4.63786,0.347162,-2.9439511,1.2844068,-2.279099,-0.99669695,-5.626561,-2.729939,0.85570705,-2.8486886,-0.9337461,-0.47214004,-1.127759,1.6797318,3.2240791,1.1599296,fear,3,c:\Users\Kacpiro Recenzje\Desktop\Studia\XAI_2026\data\raw\Actor_02\03-01-06-02-02-02-02.wav
-335.1049,86.44067,-15.260443,8.4631,-3.931207,0.1307731,-7.505256,2.0741951,-16.233688,-5.595377,-3.2650921,-1.2340833,-5.83187,-2.5494082,-3.6558635,-4.498007,0.66157585,-3.915919,-5.712477,-1.9457501,-5.0247965,-3.440088,-5.086637,-3.2563498,-2.0093703,-4.519819,-3.7207599,-4.0039744,-1.9458581,-0.6664643,-3.265266,-0.32854715,-0.39444175,-1.7596105,-0.023044884,-1.2339416,0.114873685,0.89066577,2.0259438,2.5279138,disgust,2,c:\Users\Kacpiro Recenzje\Desktop\Studia\XAI_2026\data\raw\Actor_02\03-01-07-01-01-01-02.wav
-367.37732,91.683495,-15.340637,9.817236,-3.2772875,-1.4735342,-7.836999,1.9838603,-13.939659,-8.134195,-4.6528473,-0.8486142,-5.122286,-4.5509973,-3.4387476,-7.6300335,-0.32380372,-3.1335115,-5.5431614,-3.5887206,-3.4507349,-2.9387934,-5.5136294,-3.6083076,-2.9951253,-3.2346797,-4.9810014,-4.975186,-3.5125053,-2.8043852,-3.9340508,-2.450482,-1.4610237,-1.7527747,0.10175524,1.3956552,0.033855464,-0.71519613,1.8861132,0.3472035,disgust,2,c:\Users\Kacpiro Recenzje\Desktop\Studia\XAI_2026\data\raw\Actor_02\03-01-07-01-01-02-02.wav
-336.55545,91.54871,-10.444797,8.992217,-4.73063,3.1070573,-8.868662,-0.3478896,-14.262743,-9.57716,-4.4710608,0.7022699,-8.96592,-4.1121244,-4.2438293,-8.467216,-2.130751,-4.335773,-8.47213,-3.0760083,-4.2368855,-4.9283686,-6.764695,-3.0274882,-4.435083,-3.8141155,-8.16985,-5.8154936,-3.1557941,-6.9599586,-6.4373183,-5.0333624,-3.2377512,-2.5955875,0.43220758,3.0947518,2.8488684,3.7343152,3.8022704,1.8549683,disgust,2,c:\Users\Kacpiro Recenzje\Desktop\Studia\XAI_2026\data\raw\Actor_02\03-01-07-01-02-01-02.wav
-355.5095,90.90736,-16.872381,7.450899,-3.0558302,0.41339657,-11.573775,-1.4253311,-16.793661,-10.708672,-2.5543833,0.7740123,-10.310277,-4.3827386,-4.2077928,-9.759452,-3.0429606,-4.882396,-7.5100927,-2.2213945,-4.614504,-5.7375646,-6.168131,-4.1752253,-4.817591,-4.428813,-8.297668,-4.5667405,-2.5225177,-6.324517,-5.43646,-3.3779938,-2.9026525,-1.978402,0.19249341,1.711644,1.7609966,2.0782483,3.5861902,2.911077,disgust,2,c:\Users\Kacpiro Recenzje\Desktop\Studia\XAI_2026\data\raw\Actor_02\03-01-07-01-02-02-02.wav
-321.896,94.53716,-25.049711,9.405527,-6.9894013,-4.137413,-13.876169,2.211844,-17.732267,-11.576603,-4.704131,-1.7527863,-8.216548,-6.941194,-5.9667454,-7.4255266,-2.0633364,-5.640681,-9.377369,-3.2445817,-5.705794,-4.776383,-5.8413205,-5.195272,-3.965481,-4.694822,-5.5426545,-5.1597133,-3.554212,-2.5179193,-3.6514208,-1.1129506,0.033593576,0.27126944,2.1032703,3.6016648,1.0477247,1.3453374,2.8915417,2.1567724,disgust,2,c:\Users\Kacpiro Recenzje\Desktop\Studia\XAI_2026\data\raw\Actor_02\03-01-07-02-01-01-02.wav
-350.97543,91.89414,-20.152573,10.766998,-7.303718,-3.6009078,-11.420783,3.3336205,-14.426505,-9.58788,-5.1806726,-0.054387517,-5.7595162,-4.1273828,-5.936339,-6.2425356,-1.6030971,-5.2395606,-7.98765,-3.278257,-5.173962,-4.689697,-5.5425844,-4.2643385,-2.5335975,-3.3782868,-5.9881983,-3.8534582,-1.7176479,-0.24967751,0.835156,1.453086,3.2924855,2.8297436,2.3900924,4.1331944,1.7113242,1.8768629,2.9090855,2.633994,disgust,2,c:\Users\Kacpiro Recenzje\Desktop\Studia\XAI_2026\data\raw\Actor_02\03-01-07-02-01-02-02.wav
-299.7234,90.650406,-16.565449,4.351681,-9.003406,-3.1431413,-11.409748,-4.212987,-19.643393,-11.82557,-4.2358265,-2.5558558,-12.286044,-4.6691823,-2.698031,-11.104346,-4.367949,-4.036974,-9.930887,-3.7027614,-4.532465,-4.6693845,-7.415332,-6.2141137,-4.394766,-5.2157707,-9.643353,-5.010486,-2.3640947,-6.4453664,-2.3554466,2.0770884,1.3555456,5.0669746,4.649592,4.6031723,3.2125115,2.302376,2.5376453,3.128888,disgust,2,c:\Users\Kacpiro Recenzje\Desktop\Studia\XAI_2026\data\raw\Actor_02\03-01-07-02-02-01-02.wav
-348.00623,90.358154,-19.547049,5.66638,-8.63341,-1.8227184,-12.12634,-3.4044688,-16.66933,-10.343496,-5.006163,-0.2954496,-9.840943,-2.7052472,-2.7748005,-10.677412,-2.6576412,-2.6049206,-9.405549,-1.825655,-2.8778646,-5.441002,-9.232034,-4.0923524,-5.8066525,-4.9791675,-6.1683197,-5.0368824,-2.6300764,-4.681786,-3.62655,-0.50480425,1.6365459,2.75507,2.5193124,5.0974917,4.529834,5.8442035,7.623864,5.1758313,disgust,2,c:\Users\Kacpiro Recenzje\Desktop\Studia\XAI_2026\data\raw\Actor_02\03-01-07-02-02-02-02.wav
-375.59528,65.50877,-18.080591,6.3042364,-1.1505945,1.6710403,-16.773077,4.3446255,-8.981405,-2.4758842,-3.132312,-4.329484,-3.6319544,-4.91197,-5.1415505,-1.7907096,-0.39727122,-0.22404112,-1.4886209,1.6385213,-2.323427,-0.6860055,-1.1392004,0.3595081,1.614252,-0.39284712,-2.2662268,-1.1310005,-2.1035342,0.8594673,-0.5442717,1.391885,3.3518336,2.3196986,2.3604407,4.5673037,2.5149372,3.7265682,2.27078,1.3012899,surprise,7,c:\Users\Kacpiro Recenzje\Desktop\Studia\XAI_2026\data\raw\Actor_02\03-01-08-01-01-01-02.wav
-378.38278,68.02926,-17.804228,1.7436836,-3.11224,1.787344,-14.760347,3.7291813,-9.337511,-4.452823,-5.7356734,-4.673467,-6.7542324,-4.332832,-4.1227374,-4.0564322,-0.47906786,-0.57922,-2.9139297,-0.8131586,-2.790288,-2.2936773,-1.997824,-1.3676065,1.4052312,-1.0332316,-2.0786793,-1.5204405,-3.920597,-1.2887238,-1.4236796,0.60368943,2.5476604,1.7875626,2.2929492,2.1159375,0.6336736,1.4456785,1.5836065,1.2703186,surprise,7,c:\Users\Kacpiro Recenzje\Desktop\Studia\XAI_2026\data\raw\Actor_02\03-01-08-01-01-02-02.wav
-407.4565,66.09519,-14.336064,3.0386803,-4.9038825,0.5855965,-15.226847,3.3144042,-11.38861,-5.990217,-4.1184387,-3.141806,-8.15333,-3.8627002,-6.1307497,-6.2851453,0.39629835,-1.2510388,-5.4416523,1.9257492,-2.4398093,-2.2056742,-3.5374327,-1.2684534,-0.3768406,-2.0375717,-2.7153225,0.12697953,-2.4302235,-0.4692912,-1.8598906,-1.4683261,-0.18536098,-0.047779303,-0.1649744,2.2345476,2.2694206,3.0814698,3.064825,1.683789,surprise,7,c:\Users\Kacpiro Recenzje\Desktop\Studia\XAI_2026\data\raw\Actor_02\03-01-08-01-02-01-02.wav
-391.82767,67.57068,-18.668568,3.5755694,-3.5502865,1.8230885,-18.53815,0.9130853,-13.576202,-6.4464126,-5.887034,-4.083426,-7.6896963,-5.200385,-5.858321,-3.5676863,2.114447,-0.31362894,-4.4260287,0.5830019,-4.015715,-4.2105403,-3.9379044,-1.6932758,0.7580838,-0.64737576,-2.7394643,-0.71574724,-1.5076275,1.024417,-0.5655169,-0.06449763,1.7442605,3.0311215,2.7405367,3.5626726,0.9652065,1.1728498,2.1234305,0.8582026,surprise,7,c:\Users\Kacpiro Recenzje\Desktop\Studia\XAI_2026\data\raw\Actor_02\03-01-08-01-02-02-02.wav
-333.33234,68.05701,-24.928692,5.4578304,-5.4038353,0.24792762,-16.034828,3.8525321,-11.210311,-6.218023,-4.3644867,-5.0264587,-5.551873,-3.980146,-5.4370923,0.9385843,3.6131475,4.3565226,-2.0988038,0.082705125,-3.6407242,-4.1165824,-4.3920984,-2.0167356,1.1104285,-1.0009371,-5.1548862,-1.6221781,-2.201616,1.816113,1.3891668,2.986393,0.94561917,3.7075117,5.1135635,4.280086,2.2839334,2.0998254,1.2797235,2.9439716,surprise,7,c:\Users\Kacpiro Recenzje\Desktop\Studia\XAI_2026\data\raw\Actor_02\03-01-08-02-01-01-02.wav
-342.9492,71.25727,-26.112623,0.9821362,-5.5808897,-1.5957929,-18.390537,3.945719,-10.465675,-5.2179823,-5.5725417,-4.4811068,-6.3104644,-4.5323014,-3.767785,0.74386746,3.7111003,3.332667,-1.5000983,0.28392375,-2.0013533,-1.1970037,-4.9135146,-2.521715,0.094149515,-3.6328816,-6.1154213,-2.13506,-3.7146966,1.2607456,-0.7467085,0.8695841,2.4687207,2.9610567,3.3715167,2.6883225,-0.15716977,1.6119751,2.5362546,3.5494392,surprise,7,c:\Users\Kacpiro Recenzje\Desktop\Studia\XAI_2026\data\raw\Actor_02\03-01-08-02-01-02-02.wav
-334.7676,58.349857,-18.647326,2.6609263,-10.09997,-1.7457544,-21.506907,2.3053827,-12.21099,-8.810519,-7.459959,-5.0636077,-7.6816883,-1.9252912,-5.415578,-3.386687,1.3562628,2.0057576,-1.4675614,1.0540607,-1.1466786,-2.327127,-2.7325327,-1.2012495,-1.2568446,-1.4805187,-3.352599,1.712206,-0.68938065,1.434981,0.7071194,1.8323938,1.664395,2.80694,1.4230251,2.1598854,0.7492503,1.6508266,1.9314272,2.0993183,surprise,7,c:\Users\Kacpiro Recenzje\Desktop\Studia\XAI_2026\data\raw\Actor_02\03-01-08-02-02-01-02.wav
-379.51648,69.058495,-25.208504,0.73987705,-15.189071,-1.4645131,-20.789661,0.26094964,-16.224337,-9.436842,-6.227104,-5.886717,-9.519788,-5.6949167,-8.403665,-6.1993713,-1.0889734,-3.2148008,-6.5517015,-1.2940032,-1.9742872,-0.28477928,-1.9107627,-0.16040888,0.60152304,-2.9858143,-4.871467,-0.0397298,-2.4743094,0.6764224,-1.0100751,-0.18704951,0.20555922,2.3669279,2.5131888,2.7215593,1.0568284,-0.108043425,1.6535274,2.2129383,surprise,7,c:\Users\Kacpiro Recenzje\Desktop\Studia\XAI_2026\data\raw\Actor_02\03-01-08-02-02-02-02.wav
-366.58585,84.54462,-2.7908485,11.381942,3.3832388,9.871745,-4.4248223,-6.30064,-10.439741,-2.621391,-1.6240168,-8.694314,-2.1951044,-0.19270115,-5.4208183,-2.1638262,-1.6100452,-4.025396,-3.4176686,-2.3702,-3.4586766,-2.983099,-0.0922894,-4.0157022,-4.1660233,-2.6658921,-5.1977987,-2.2103627,-3.4816184,-3.5068104,-2.2047365,-1.2418228,-1.5829281,-2.5764139,-1.839152,-2.410107,-1.5629466,-0.9509354,-2.6045783,-1.3596652,neutral,5,c:\Users\Kacpiro Recenzje\Desktop\Studia\XAI_2026\data\raw\Actor_03\03-01-01-01-01-01-03.wav
-360.907,93.07349,3.725896,16.948814,7.7435703,15.687787,-2.055875,-2.0763736,-8.528764,-0.091429204,1.2311656,-5.5067034,-0.39972964,1.4768915,-2.8163393,1.6377769,-0.14221138,-2.4082727,-0.17115302,2.4693205,-0.8782434,-0.9291322,2.8296943,-1.9880087,-1.1728295,-0.38976938,-2.4912157,-0.24174286,-2.515695,-1.3181038,-0.603477,0.32159144,0.17396973,0.32231265,1.2107259,0.24854165,0.39694014,0.9295702,-0.58874923,0.3371292,neutral,5,c:\Users\Kacpiro Recenzje\Desktop\Studia\XAI_2026\data\raw\Actor_03\03-01-01-01-01-02-03.wav
-366.6392,92.78166,-6.297594,18.624596,0.9151971,15.140099,-5.2287054,-4.297,-12.038198,-0.6657968,-3.828012,-8.028705,-0.2924716,-0.03524242,-6.5644903,-0.5600348,-1.0306405,-3.6610675,-3.0381908,-1.6888516,-2.1908228,-4.573955,-0.057688504,-2.7912657,-5.2678623,-3.1122956,-2.8010712,-1.8967564,-4.5831747,-3.99363,-1.8836027,-1.3149592,-3.4078603,-2.1879516,-1.4063996,-2.4592881,-1.961279,-2.0959918,-3.5233982,-2.7204356,neutral,5,c:\Users\Kacpiro Recenzje\Desktop\Studia\XAI_2026\data\raw\Actor_03\03-01-01-01-02-01-03.wav
-393.2801,86.340385,-3.5967138,19.423218,-0.61205405,14.982097,-3.4989421,-5.522491,-13.675772,-1.6570616,-4.7508254,-8.1197605,-1.4286902,-0.12601799,-4.7819433,-1.629956,-1.6948519,-4.3410926,-3.1827807,-1.9616656,-2.584654,-4.624588,0.017218731,-1.9237472,-4.1667547,-2.3522215,-3.0198965,-1.5568222,-3.9737973,-3.4016674,-1.6917325,-0.7789122,-2.109333,-0.84952796,-1.0574092,-2.4790497,-1.8166913,-1.8562943,-3.0232692,-2.9540796,neutral,5,c:\Users\Kacpiro Recenzje\Desktop\Studia\XAI_2026\data\raw\Actor_03\03-01-01-01-02-02-03.wav
-321.37888,102.13126,2.8515167,22.410763,-0.006937284,18.729956,-7.141984,-2.3322053,-13.309423,2.8710363,-3.334023,-6.3343453,3.276758,1.3609673,-8.492145,2.0215354,-2.829653,-4.3237834,-0.958091,-1.1103628,-2.787039,-3.705265,1.5499365,-4.8064327,-4.470159,-1.561689,-4.9991837,-1.7954004,-4.0599847,-3.9092302,-1.9811584,-1.2690773,-2.8789144,-1.7100022,-1.2577578,-1.2497625,-1.4806623,-1.2372167,-3.1477108,-2.2888124,calm,1,c:\Users\Kacpiro Recenzje\Desktop\Studia\XAI_2026\data\raw\Actor_03\03-01-02-01-01-01-03.wav
-344.20264,100.95713,-3.8201702,18.823101,-0.29284474,16.391047,-8.838782,-3.7573025,-13.044626,1.449961,-2.4831297,-6.1155753,2.7581437,1.3054644,-9.741465,1.5814811,-2.4613824,-5.6578755,-2.7058513,-1.2054557,-3.423916,-3.2556558,2.4507387,-5.1838307,-4.2748833,-0.5424377,-4.998082,-2.4877307,-4.774834,-3.4686465,-1.8651681,-2.1056507,-3.1560202,-0.9608178,-1.1952411,-1.7775185,-2.3900285,-1.6955699,-3.3012445,-3.0470834,calm,1,c:\Users\Kacpiro Recenzje\Desktop\Studia\XAI_2026\data\raw\Actor_03\03-01-02-01-01-02-03.wav
-323.17142,112.40313,-3.4192963,20.865088,-3.6472507,24.710636,-7.6794953,-9.96373,-13.501535,9.537621,-5.468993,-8.7209835,7.4591885,2.114061,-10.076496,2.468999,-3.226419,-1.3250997,-1.3875222,-3.2583225,-1.8755162,-2.6737576,-0.7303863,-3.7659738,-4.552319,-3.0420606,-5.0384235,0.26737085,-4.720161,-4.443374,-2.0148587,-1.7172701,-1.0446705,-3.0782583,-1.8809685,0.13002339,-3.901111,-2.7356286,-1.1661032,-2.1663048,calm,1,c:\Users\Kacpiro Recenzje\Desktop\Studia\XAI_2026\data\raw\Actor_03\03-01-02-01-02-01-03.wav
-292.81854,100.53876,-7.9764056,19.20283,-7.5374684,19.575132,-6.603787,-6.939817,-16.048565,3.3979263,-5.5118623,-9.641903,3.019553,2.6670456,-13.487381,0.91597366,-2.532622,-6.9752007,-1.2966406,-1.0485505,-5.1457543,-4.726948,0.9367786,-3.3318615,-7.6653786,-1.8203002,-3.7797596,-1.9206495,-5.482838,-3.3295739,-1.943054,-0.40324834,-3.190676,-3.1681695,-1.4872885,-1.5489208,-4.720885,-1.8660259,-3.3019795,-4.430652,calm,1,c:\Users\Kacpiro Recenzje\Desktop\Studia\XAI_2026\data\raw\Actor_03\03-01-02-01-02-02-03.wav
-320.04187,121.639404,-7.9999743,18.412233,-3.630145,16.25386,-10.444478,-5.910616,-16.155542,6.0322757,-4.104287,-10.825354,7.922392,5.600405,-13.327497,2.6800156,-0.29341266,-6.427538,-0.3403883,-0.17102797,-1.7376996,-4.0573673,2.7533972,-2.5522552,-7.758476,-1.9560573,-4.211785,-1.8151094,-5.7227597,-1.0894471,-2.0730493,-2.7183635,-0.77573395,-1.5931895,-0.51305026,-0.49056855,-3.2487936,-1.799429,-2.0796044,-3.8645916,calm,1,c:\Users\Kacpiro Recenzje\Desktop\Studia\XAI_2026\data\raw\Actor_03\03-01-02-02-01-01-03.wav
-302.3454,106.18858,-13.332027,14.110941,-1.0797569,18.247839,-11.3260145,-3.9966123,-15.249122,-0.18907425,-4.3755646,-7.6609855,2.3902252,2.4292517,-10.527751,1.5258101,-3.6683068,-6.3852344,-1.7051474,-1.4119875,-3.1594002,-4.562683,1.9878094,-3.2427561,-7.0624676,-1.6528896,-5.3223867,-1.5631584,-4.3903503,-3.0828986,-1.3866051,-2.5472846,-3.4306226,-1.5644754,-1.1322875,-1.7742251,-4.822915,-2.2494357,-3.8555686,-5.5647454,calm,1,c:\Users\Kacpiro Recenzje\Desktop\Studia\XAI_2026\data\raw\Actor_03\03-01-02-02-01-02-03.wav
-282.1077,111.720505,-10.252005,20.643787,-3.864156,22.083097,-8.479948,-4.727262,-16.301975,7.4252887,-6.210837,-8.6272955,6.811989,5.964499,-14.800225,4.156228,-0.58021176,-6.5929236,-0.1436548,-0.23757453,-3.6262708,-2.572221,2.0500033,-3.9297473,-8.238733,1.6625248,-4.484566,-2.0859005,-4.565972,-3.234546,-2.040617,0.007130995,-3.2460659,-3.4190025,-1.3378829,0.033476375,-3.950907,-1.1369764,-1.8505902,-4.6145554,calm,1,c:\Users\Kacpiro Recenzje\Desktop\Studia\XAI_2026\data\raw\Actor_03\03-01-02-02-02-01-03.wav
-298.08878,103.17463,-12.300355,21.405186,-7.927234,17.499191,-8.697723,-6.1996236,-18.618288,5.2587585,-3.8896263,-9.577872,5.607593,4.473486,-16.664846,4.690177,-1.2771376,-7.7188807,-0.8857788,-0.46082935,-3.4812696,-3.7848048,0.7986688,-3.0002074,-10.495736,-0.2142802,-2.773775,-3.422529,-6.0200315,-1.8575591,-1.8761095,-1.9999783,-3.776578,-2.0787544,-1.9370494,-0.34475017,-4.824225,-1.9328159,-3.6193426,-4.3727646,calm,1,c:\Users\Kacpiro Recenzje\Desktop\Studia\XAI_2026\data\raw\Actor_03\03-01-02-02-02-02-03.wav
-316.7307,101.06918,-10.629234,9.903724,-0.2088345,14.078985,-6.2255325,-4.6048045,-15.674218,-4.8814635,-7.568527,-10.186944,2.9056463,-1.1500086,-10.721133,-0.2316097,-2.985733,-4.3153143,-2.7093697,-2.6520803,-4.066945,-4.1979203,-1.7252274,-4.6846805,-4.6900125,-4.2643924,-4.6590915,-2.0290654,-4.720234,-4.0796084,-2.1132724,-2.2869482,-4.2414966,-1.902706,-1.6517352,-3.251763,-2.772416,-0.71523356,-1.6208109,0.45213935,happy,4,c:\Users\Kacpiro Recenzje\Desktop\Studia\XAI_2026\data\raw\Actor_03\03-01-03-01-01-01-03.wav
-337.56757,89.34054,-11.331775,5.5702786,-7.547881,7.390153,-6.063467,-3.1427128,-17.639503,-5.349379,-8.686233,-11.629061,0.77738464,-2.7528498,-11.434434,-2.2123492,-4.6594005,-5.270454,-5.0685863,-5.551576,-5.5742598,-4.1227865,-1.2104334,-5.044604,-6.9959645,-3.814219,-5.2123437,-2.8957956,-3.2757955,-1.1530262,-1.4804931,-0.116517626,-1.5291462,-0.31971017,3.2895107,3.2865098,1.50561,4.14657,3.5869622,2.8499784,happy,4,c:\Users\Kacpiro Recenzje\Desktop\Studia\XAI_2026\data\raw\Actor_03\03-01-03-01-01-02-03.wav
-352.25223,77.590485,-9.119128,10.520378,-2.6810133,9.869686,-5.273891,-7.9443808,-16.382145,-3.5794525,-6.6693273,-12.571563,-1.1378402,-4.661413,-10.132142,-1.6343485,-4.765613,-5.7231,-3.724751,-4.443113,-4.921167,-5.081804,-0.5676067,-3.7011662,-6.0068808,-2.7988546,-4.3299327,-3.9643672,-4.495554,-3.220443,-3.4737577,-2.4250042,-2.6033442,-1.826163,-0.56776404,-1.9090587,-1.7711208,-1.9055489,-2.2490904,-1.1180911,happy,4,c:\Users\Kacpiro Recenzje\Desktop\Studia\XAI_2026\data\raw\Actor_03\03-01-03-01-02-01-03.wav
-371.12543,83.98083,-4.741209,11.857452,-5.7286296,8.722774,-1.0441531,-4.1470175,-17.277538,-1.5144705,-5.997524,-10.681262,2.5385923,-2.4052045,-8.725271,-0.61598474,-4.2754445,-3.964866,-1.5823653,-4.842266,-4.6048913,-4.0114017,0.5746404,-4.232503,-6.7173133,-4.56015,-5.074788,-3.4442024,-5.22015,-4.4120603,-4.765696,-3.5273457,-3.5064065,-2.497729,0.09591275,-1.5623835,-1.3661778,-0.54005617,-1.5319849,-0.5309087,happy,4,c:\Users\Kacpiro Recenzje\Desktop\Studia\XAI_2026\data\raw\Actor_03\03-01-03-01-02-02-03.wav
-317.28003,89.096855,-14.600242,13.960172,-12.738189,3.5692995,-6.9736443,-8.984109,-19.123423,-3.3619745,-7.7729597,-15.152677,0.49771336,-0.18493035,-16.178673,-3.915723,-4.5139685,-7.143036,-4.57905,-8.99357,-5.5384574,-4.66547,-3.8347454,-6.037025,-7.820822,-3.3023186,-4.8425803,-1.4305475,1.7674452,7.6440682,10.084606,12.881829,11.095972,8.474525,4.672976,0.942235,-1.1548833,0.85883963,1.9865495,4.7608843,happy,4,c:\Users\Kacpiro Recenzje\Desktop\Studia\XAI_2026\data\raw\Actor_03\03-01-03-02-01-01-03.wav
-302.80685,95.31361,-30.248209,16.498638,-13.594329,-0.51627606,-8.376256,-7.985067,-20.733246,-7.71089,-8.948261,-17.023558,-0.6162115,0.15291297,-17.837618,-3.077821,-4.0395503,-9.508273,-5.0778584,-7.987096,-6.777747,-3.6129973,-3.6588542,-5.685823,-11.496024,-4.6256614,-4.647684,-6.323398,0.12058664,5.5222616,7.558738,11.597342,12.197852,12.452164,10.155698,7.402472,2.9905405,1.266611,0.7303718,2.6057727,happy,4,c:\Users\Kacpiro Recenzje\Desktop\Studia\XAI_2026\data\raw\Actor_03\03-01-03-02-01-02-03.wav
-265.193,79.67811,-19.898808,16.166494,-20.65928,2.9972258,-11.013211,-1.1363491,-20.118774,-8.757576,-10.615833,-18.047482,-7.209792,-0.6472158,-13.775217,-6.4339347,-2.7519941,-0.4618008,-5.1140404,-5.90303,-6.084554,-3.534486,-3.1567695,-3.944301,-3.264994,4.267501,4.105676,5.720574,2.6705115,5.5286694,4.3764386,4.33698,2.0848753,1.9795878,3.385574,6.0369787,4.212899,5.316237,2.034352,1.9456934,happy,4,c:\Users\Kacpiro Recenzje\Desktop\Studia\XAI_2026\data\raw\Actor_03\03-01-03-02-02-01-03.wav
-296.75073,77.99723,-13.483974,10.87349,-11.835281,7.9143333,-4.1116943,-7.429717,-15.478173,-3.984316,-6.5376577,-14.570073,0.327796,-3.3474562,-14.557598,-3.1477427,-5.077646,-5.4602604,-4.196736,-7.043394,-5.1181345,-3.5255303,-2.8997185,-6.18229,-8.441056,-3.8285067,-1.66827,0.56448376,0.32156178,4.1298795,3.0260658,3.6597397,4.4255023,3.8454373,5.10648,4.548438,2.4470813,0.8061885,-0.44942993,0.8558571,happy,4,c:\Users\Kacpiro Recenzje\Desktop\Studia\XAI_2026\data\raw\Actor_03\03-01-03-02-02-02-03.wav
-387.43225,103.44182,0.14829974,15.85994,1.0603313,16.803734,-3.8793573,-2.5668278,-11.060883,-0.31311077,-2.6859672,-7.738811,-0.37387344,-0.9310612,-8.450183,-0.5488586,-3.0845687,-4.3772416,-4.1097813,-4.014161,-1.9784029,-2.4440668,-1.0192624,-5.7671704,-2.6351266,-2.8365266,-4.613767,-1.8131965,-3.5510688,-2.8700848,-2.6299732,-2.1308131,-2.8644855,-1.7708972,-1.3678921,-1.7094872,-0.80598783,-1.7113556,-2.9032052,-1.3092401,sad,6,c:\Users\Kacpiro Recenzje\Desktop\Studia\XAI_2026\data\raw\Actor_03\03-01-04-01-01-01-03.wav
-334.25314,102.443375,2.3399293,15.751771,0.68610483,17.516432,-5.3621626,-1.5136522,-9.909817,0.2093837,-0.89594233,-5.940917,-1.3121219,-0.44296247,-6.0578294,-0.17343584,-2.337907,-3.6092997,-1.4864144,-2.4629767,-0.86124456,-3.140123,-0.58746535,-5.082854,-2.5092885,-1.7047313,-5.817363,-0.34557223,-3.9829383,-3.4797494,-2.6262803,-2.0615442,-2.8735197,-1.9500563,-1.3133258,-1.3782619,-0.8319636,-3.3388853,-2.0189626,-1.0983777,sad,6,c:\Users\Kacpiro Recenzje\Desktop\Studia\XAI_2026\data\raw\Actor_03\03-01-04-01-01-02-03.wav
-346.6682,98.74458,-5.8776407,16.181843,3.448032,15.507388,-6.555421,-3.8797421,-13.290072,-2.3813999,-3.8274965,-8.327341,0.8948844,0.2794526,-7.7675805,0.25390786,-0.83406705,-2.5353732,-1.8707302,-0.80414945,-1.826576,-3.1493528,0.54467624,-3.0921903,-5.9931197,-4.1552052,-3.4750836,0.7268317,-4.342294,-5.801124,-2.4070432,-0.48079932,-2.234286,-0.83950686,-1.4356527,-2.110298,-1.7775722,-1.6213291,-2.2797472,-2.4035342,sad,6,c:\Users\Kacpiro Recenzje\Desktop\Studia\XAI_2026\data\raw\Actor_03\03-01-04-01-02-01-03.wav
-351.24094,103.60069,-2.7966113,21.239622,0.8013602,16.313524,-3.4434128,-4.8213778,-15.498054,0.3122548,-3.2609963,-8.892672,0.7137706,2.2214086,-6.7727265,0.08692597,-2.172163,-1.0102608,-1.6108339,-1.9290488,-1.2711233,-2.263964,-0.40544885,-3.132555,-4.456075,-4.220956,-4.468636,-0.31294006,-3.8171232,-4.4599047,-4.4510417,-1.5617837,-1.9839811,-1.4315777,-1.959151,-2.5536518,-1.4304347,-3.2822747,-4.558964,-3.0759575,sad,6,c:\Users\Kacpiro Recenzje\Desktop\Studia\XAI_2026\data\raw\Actor_03\03-01-04-01-02-02-03.wav
-328.578,93.1724,-6.5682454,-1.0570644,-4.484993,5.9965725,-9.679895,-9.119395,-19.157536,-12.145085,-15.441219,-19.031054,-6.681113,-4.636195,-11.995875,-7.648256,-7.7977815,-5.387029,-4.5311003,-4.046422,-3.7850533,-5.78173,0.559532,-2.3013794,-5.302414,-0.5610004,-3.3013492,-1.259613,-3.5344346,-3.524708,-2.4435687,-0.89447975,-0.30803514,-1.9509522,0.2362738,1.3053358,-0.7041083,1.6008639,1.8139824,0.6618341,sad,6,c:\Users\Kacpiro Recenzje\Desktop\Studia\XAI_2026\data\raw\Actor_03\03-01-04-02-01-01-03.wav
-332.73,80.019035,-9.455391,10.326558,-4.210381,7.131036,-9.03349,-4.6146483,-18.119034,-7.429697,-9.097143,-12.056193,-4.6170664,-3.4453247,-12.194374,-6.1174135,-7.5194497,-6.0427155,-4.3261423,-5.5005074,-2.8853326,-4.496157,0.62299234,-0.23636438,-2.3210566,0.92711884,-0.25420776,1.5967648,-2.7475286,-2.2044852,-0.23839758,0.27584586,-3.0231636,-4.0031576,1.3822685,1.3843285,1.7925761,3.8323529,2.6852586,1.0798869,sad,6,c:\Users\Kacpiro Recenzje\Desktop\Studia\XAI_2026\data\raw\Actor_03\03-01-04-02-01-02-03.wav
-344.3902,77.62609,-7.766618,8.381932,1.6159893,13.271297,-4.3512936,-2.218782,-13.581457,-9.417634,-9.475591,-10.0439,-1.6815565,-3.8421164,-9.413559,-0.95475304,-3.9131954,-5.011828,-0.9159852,0.07067979,-0.24600631,-2.9996424,1.3604715,1.3227041,-3.1165192,-2.0863373,-2.4249358,1.3071464,-2.934872,-5.0549083,-0.71813726,0.69525146,-1.1954468,-0.870066,2.0869677,1.5150824,1.4321445,3.1687658,0.9642243,1.9799138,sad,6,c:\Users\Kacpiro Recenzje\Desktop\Studia\XAI_2026\data\raw\Actor_03\03-01-04-02-02-01-03.wav
-321.00116,89.0641,-8.101784,13.048525,-0.64750075,11.55931,-5.17871,-1.9626571,-13.059369,-6.9066653,-10.807783,-10.495247,-3.8695025,-3.4604156,-9.039546,-2.6175425,-3.5341425,-4.1857624,-1.7078884,-1.1872704,-4.2644653,-4.325536,0.7473843,-1.3427042,-6.0865264,-5.2457967,-3.4829907,-1.20249,-5.2327785,-4.7524543,-1.9649758,-0.4165603,-2.5135636,-0.6962559,0.13159104,-0.04392191,1.6566966,2.4974847,1.1696719,2.0933132,sad,6,c:\Users\Kacpiro Recenzje\Desktop\Studia\XAI_2026\data\raw\Actor_03\03-01-04-02-02-02-03.wav
-315.0658,102.317856,-3.0782342,26.538563,3.145412,18.883097,-11.299089,3.9231849,-11.810623,-5.5722265,-3.2183194,-4.6980066,-2.0926862,-2.8642452,-4.171673,1.3761404,-5.580255,-2.4700232,-4.0276823,1.1480789,-1.6892084,-4.2192383,0.3167467,-0.87678367,-1.9948393,-2.4839306,-3.8500466,-2.0159385,-5.3659964,-2.129981,-3.136575,-2.557403,-2.1210134,-1.431997,0.11644909,-0.98955584,-2.176828,0.71006113,-2.0937111,-1.9120786,angry,0,c:\Users\Kacpiro Recenzje\Desktop\Studia\XAI_2026\data\raw\Actor_03\03-01-05-01-01-01-03.wav
-324.9962,100.28993,-15.255771,15.372648,3.5248668,12.313249,-9.799112,-0.71551675,-11.615959,-7.704597,-2.5111482,-7.7162547,-6.90114,-2.5122273,-5.4010015,-0.97806394,-4.144909,-5.5070066,-3.613605,-0.35438922,-1.026411,-3.419209,1.7359805,-3.0354762,-2.3314624,-1.4770511,-5.6880326,-2.7284555,-3.5355363,-2.6253533,-3.7980208,-1.936745,-2.8344796,-2.0329716,-1.5051042,-0.6591741,-2.0852036,-2.233434,-1.0637965,-3.158812,angry,0,c:\Users\Kacpiro Recenzje\Desktop\Studia\XAI_2026\data\raw\Actor_03\03-01-05-01-01-02-03.wav
-297.7993,103.1181,-14.937143,17.200136,1.3544757,13.275104,-9.034829,-2.2470446,-14.785986,-8.506803,-4.0282717,-7.6215396,-4.6022725,-2.488187,-4.173458,0.35061055,-6.0652514,-5.712107,-3.2300885,-1.7272973,-1.2052673,-2.7106593,-1.2119882,-3.3264186,-1.8187505,-2.2319028,-3.862638,-2.8353107,-4.884884,-2.1997993,-2.7893064,-2.2630184,-2.315799,-1.4377896,-0.71614164,-1.0582554,-1.9451476,-0.63368386,-3.2281344,-3.434117,angry,0,c:\Users\Kacpiro Recenzje\Desktop\Studia\XAI_2026\data\raw\Actor_03\03-01-05-01-02-01-03.wav
-309.19467,97.04712,-16.17387,15.363693,-3.441311,11.953609,-11.435696,-5.0774317,-15.702097,-6.480897,-6.5720377,-7.430079,-4.584527,-2.8054862,-5.606664,-0.94816905,-5.7170587,-7.1979856,-4.3029623,-2.9152513,-2.2138815,-4.8025303,1.637349,-3.531346,-3.9583588,-2.4543648,-5.147631,-2.2162821,-4.8186855,-5.2000666,-4.499971,-0.68134385,-5.0037208,-2.9833891,-1.8896619,-1.823861,-3.7894244,-3.340211,-3.6471674,-3.7572813,angry,0,c:\Users\Kacpiro Recenzje\Desktop\Studia\XAI_2026\data\raw\Actor_03\03-01-05-01-02-02-03.wav
-287.25003,95.71257,-32.684856,15.35169,-6.560449,-3.4014437,-13.529191,5.3619747,-15.226826,-10.416421,-2.643404,-8.032025,-9.943083,-1.1866003,-6.5578127,-3.820702,-5.3278074,-5.640942,-3.789969,-1.5637552,-6.379171,-5.261057,-1.1999003,-1.7744353,-5.6317077,2.299109,-0.6756757,3.5785024,2.3152802,5.779773,4.772564,7.7188606,8.469231,6.2650924,7.2207255,7.498138,4.174465,5.713126,3.0152996,3.925412,angry,0,c:\Users\Kacpiro Recenzje\Desktop\Studia\XAI_2026\data\raw\Actor_03\03-01-05-02-01-01-03.wav
-290.38574,93.11673,-27.204624,17.202436,-4.2466645,2.5844178,-13.13051,1.1551329,-14.938387,-11.688772,-2.7000175,-7.900088,-8.663219,-4.1281853,-7.0449166,-2.9442897,-5.0112944,-5.3375835,-4.600383,-2.5146172,-4.7569685,-5.5966964,-2.4752772,-1.3907422,-5.4623365,0.40279597,-2.1343267,3.626119,4.0155435,4.682975,4.3446226,6.010674,5.807818,3.9933178,4.0293155,6.0668054,4.2343764,5.687339,4.802778,3.7707121,angry,0,c:\Users\Kacpiro Recenzje\Desktop\Studia\XAI_2026\data\raw\Actor_03\03-01-05-02-01-02-03.wav
-306.73282,92.28628,-27.30758,14.610502,-8.938604,0.36477694,-15.401932,4.308275,-13.476279,-9.696809,-4.2938743,-7.347748,-7.036824,-1.3508677,-7.9317465,-4.7513824,-4.5387583,-6.797253,-6.233307,-0.950865,-4.8290877,-3.3206713,-2.2690365,0.86262494,-3.6500218,-1.3397859,-2.7984014,1.4541216,-1.9961418,2.6220672,1.9837503,4.260012,3.6302257,2.9559894,4.258822,4.359819,1.6389959,3.571696,1.9443089,2.8929644,angry,0,c:\Users\Kacpiro Recenzje\Desktop\Studia\XAI_2026\data\raw\Actor_03\03-01-05-02-02-01-03.wav
-259.63226,93.669304,-30.804909,17.5148,-10.23985,-2.6920857,-16.769165,7.1696854,-14.656001,-9.223088,-8.975148,-7.9604588,-6.074855,-1.8108045,-9.259274,-6.386701,-4.24029,-7.035936,-9.406773,-1.9625409,-6.083413,-2.2906191,-1.6036928,-1.2694422,-6.756144,-1.9397533,-1.8029352,1.5101773,-0.5737554,3.977259,3.3918352,4.881436,3.3412988,3.3249724,4.599006,8.703599,5.5703006,6.6079917,3.6617267,2.029939,angry,0,c:\Users\Kacpiro Recenzje\Desktop\Studia\XAI_2026\data\raw\Actor_03\03-01-05-02-02-02-03.wav
-328.57797,95.850655,-9.888498,21.412655,-2.7754388,16.237272,-7.586992,-0.37600863,-17.65517,-7.7203784,1.1554393,-7.2981286,-1.7920105,-2.8047802,-7.3542023,-2.3225071,-4.424374,-4.112799,-2.3280094,-2.4514782,-2.6343853,-2.7305694,-1.0844731,-2.3670256,-4.8304834,-3.4248083,-4.3285255,-0.53570116,-4.059876,-2.3739386,-2.5445476,-2.3392622,-3.2934055,0.06165249,-2.0545354,-2.2527926,-0.77400386,-1.7244496,-1.610777,-1.4564122,fear,3,c:\Users\Kacpiro Recenzje\Desktop\Studia\XAI_2026\data\raw\Actor_03\03-01-06-01-01-01-03.wav
-322.29343,109.432556,-16.618343,18.949312,-3.232261,17.05609,-11.809819,-4.1999545,-17.3246,-7.5163608,-0.90469694,-10.586553,-4.2421217,-4.0554867,-9.084199,-4.3776727,-5.2642717,-5.1054296,-5.3831754,-3.3051794,-6.249483,-3.8614848,-0.71788836,-5.1852136,-7.0413795,-6.2802873,-6.480818,-2.0038474,-5.079853,-5.8170886,-5.4029093,-2.1506948,-4.73263,-1.344686,-2.9220312,-2.7319903,-1.9513165,-3.2370255,-3.0007775,-3.5269923,fear,3,c:\Users\Kacpiro Recenzje\Desktop\Studia\XAI_2026\data\raw\Actor_03\03-01-06-01-01-02-03.wav
-327.61017,88.69451,-13.683116,20.23778,-4.045232,11.784691,-7.792657,-4.0645413,-14.529416,-8.302127,-4.6104856,-9.948505,-3.194219,-0.18893887,-8.753473,-2.6905906,-3.6290758,-2.4411328,-3.872083,-4.1612396,-2.7717505,-5.092763,0.6539615,-4.2473326,-6.36067,-4.1020913,-4.688677,-2.2927268,-5.8194313,-4.645656,-3.869371,-1.0327188,-2.8097422,-1.5934639,-3.2062552,-2.399286,-2.6616864,-2.7958183,-3.026204,-4.6076846,fear,3,c:\Users\Kacpiro Recenzje\Desktop\Studia\XAI_2026\data\raw\Actor_03\03-01-06-01-02-01-03.wav
-373.5918,88.639755,-10.237634,10.011967,2.8649604,11.358769,-4.930526,-5.158841,-14.738211,-7.221466,-3.7843676,-7.788035,0.8905104,0.7829971,-7.3853025,-1.0214019,-1.8249809,-1.3934215,0.7878702,0.0636884,-2.9110165,-2.4640157,3.1233928,-2.4268258,-4.863798,-3.4483366,-4.160596,-0.7473,-2.8005571,-3.0376444,-2.928198,0.53061825,0.12986556,-0.6921801,-0.86445004,-0.7805719,-1.2996744,-1.2719594,-2.9412773,-2.0623157,fear,3,c:\Users\Kacpiro Recenzje\Desktop\Studia\XAI_2026\data\raw\Actor_03\03-01-06-01-02-02-03.wav
-325.54483,99.01306,-15.434426,15.479908,0.69458807,17.592953,-4.125006,4.1438975,-7.6899457,0.802878,-7.209892,-7.0512624,5.892199,3.5766547,-11.658067,1.38833,1.4806054,0.73646283,2.0092661,1.2870548,-2.9239326,-1.4119714,3.1086836,-0.017821211,-5.2594576,0.057339933,-0.59277254,1.5098957,-3.5067618,-0.080180824,0.94086254,2.955041,3.0598066,3.5602667,2.4709706,4.96525,4.2261715,5.625607,4.2551317,4.529315,fear,3,c:\Users\Kacpiro Recenzje\Desktop\Studia\XAI_2026\data\raw\Actor_03\03-01-06-02-01-01-03.wav
-298.81213,88.094124,-29.30588,8.272139,-10.159384,6.8740926,-10.734413,-1.8482356,-22.867949,-10.91896,-7.545599,-17.074118,-2.6614363,-3.5732474,-14.43312,-3.1619039,-2.6770723,-2.1820207,-2.8172188,-1.6266005,-2.824981,-4.649188,1.5865552,2.7372193,-3.74923,-0.7952685,1.3743879,2.7513695,1.4988662,3.9858632,9.661656,10.736842,6.7136793,7.7463655,7.193511,6.1104007,5.359563,5.342867,3.4609475,3.4696953,fear,3,c:\Users\Kacpiro Recenzje\Desktop\Studia\XAI_2026\data\raw\Actor_03\03-01-06-02-01-02-03.wav
-337.25946,73.40404,-14.709128,15.721863,-4.823845,13.007565,-3.015495,4.0488567,-14.9854765,-6.6175694,-6.881126,-10.798724,-1.0447623,0.3167134,-10.669983,-4.2294445,-2.7216754,-1.1880343,-0.5590818,0.23122704,-3.112874,-2.5389788,-0.008899013,0.4598889,-3.09168,-2.6341398,0.1287041,5.1642227,1.6510121,4.145975,5.7417636,8.614912,7.8735905,6.4446273,5.9933596,7.791922,5.3751698,4.6016836,4.6224556,4.012703,fear,3,c:\Users\Kacpiro Recenzje\Desktop\Studia\XAI_2026\data\raw\Actor_03\03-01-06-02-02-01-03.wav
-307.41943,83.514114,-29.461689,6.582306,-14.101902,8.673705,-8.460441,-2.8490508,-21.021946,-5.7468514,-12.127104,-15.934058,2.8591583,3.0520577,-12.607515,-3.2926466,0.47540358,2.939692,0.1836393,1.2584279,-1.9571888,-5.011409,1.1106279,1.8366702,-5.412151,-2.4884856,0.35122833,5.6352077,2.164159,3.4251735,7.9713316,11.786365,9.005562,7.379753,5.6715684,5.3414397,4.590323,4.758448,3.8953438,4.7046866,fear,3,c:\Users\Kacpiro Recenzje\Desktop\Studia\XAI_2026\data\raw\Actor_03\03-01-06-02-02-02-03.wav
-361.0097,90.421364,-9.007487,14.435012,-0.498441,16.621752,-13.871731,0.7323582,-10.029712,-2.8657727,-5.0844235,-2.9134262,1.7161186,-6.427974,-6.5111957,-1.6383678,-6.1400194,-3.568998,-5.240998,-3.9813414,-3.1536758,-4.0579414,-2.5292132,-3.7495382,-4.5684466,-3.6880152,-7.0782995,-0.98321986,-3.996028,-5.3076715,-4.2014766,-4.2821107,-2.027589,-1.3127776,-4.6987867,-1.2339708,-1.4510819,-3.0614586,-2.464964,-3.2971966,disgust,2,c:\Users\Kacpiro Recenzje\Desktop\Studia\XAI_2026\data\raw\Actor_03\03-01-07-01-01-01-03.wav
-313.09448,95.21303,-4.3410006,16.898438,1.7094741,19.675068,-15.651454,2.0951023,-11.88294,-3.1029046,-4.821408,-5.682984,2.90478,-5.653052,-5.637076,-2.142421,-6.4361887,-0.26664573,-4.389992,-2.785641,-2.3269055,-2.0223904,-3.5666335,-2.5624278,-3.7085953,-4.1943245,-5.440151,-1.1382513,-4.1092167,-3.9614353,-1.2506812,-2.7952254,-2.8764458,-0.15912712,-2.8800387,-0.28228062,-0.8662087,-1.0122988,-0.9600435,-1.643296,disgust,2,c:\Users\Kacpiro Recenzje\Desktop\Studia\XAI_2026\data\raw\Actor_03\03-01-07-01-01-02-03.wav
-328.20447,71.04766,-4.741017,20.198738,-0.023695493,16.734358,-11.770304,1.4116526,-15.466593,3.5784736,-5.2565427,-1.7167754,1.3681148,-5.730537,-7.085086,-1.469347,-4.280044,-1.6851789,-4.183358,-2.8925982,-1.7563472,-4.0401373,-1.7244087,-0.6021725,-6.1422095,-4.3118105,-4.014801,-1.5431348,-4.9974356,-1.469567,-2.834658,-3.0242405,-0.41902554,-0.80556744,-3.1941986,0.76763684,-2.1547341,-0.72490376,-2.102201,-2.033572,disgust,2,c:\Users\Kacpiro Recenzje\Desktop\Studia\XAI_2026\data\raw\Actor_03\03-01-07-01-02-01-03.wav
-296.1284,87.60933,-14.243946,11.623484,-0.37956563,17.471767,-15.076307,-0.26868293,-17.625856,-1.2562534,-7.522409,-5.2220964,4.263161,-5.3328648,-5.4960256,-3.219237,-7.5998135,-0.90130776,-4.660049,-5.6483727,-0.30008915,-3.8871062,-1.9302037,-3.611537,-5.2548704,-4.489315,-6.0505095,-1.1452584,-4.1444683,-4.4459195,-2.3211753,-3.6074889,-0.86070013,-1.1895086,-3.7802696,-1.3275675,-1.9552681,-0.9863393,-3.616021,-3.6430113,disgust,2,c:\Users\Kacpiro Recenzje\Desktop\Studia\XAI_2026\data\raw\Actor_03\03-01-07-01-02-02-03.wav
-316.5896,92.9831,-8.454736,15.96019,5.3340926,19.310987,-20.33022,0.22879678,-16.318178,4.0006685,-5.2344394,-3.2962132,-0.4072139,-4.752688,-7.502895,-2.2803197,-6.1828537,-1.0119247,-7.006195,-3.879231,-2.7638173,-4.447242,-3.037942,-1.6223272,-7.2940207,-1.3166416,-6.406821,-4.513933,-4.770426,-2.0442379,-3.796153,-2.9084203,-4.383433,-1.5156138,-3.1061406,-0.007978966,-2.034894,-1.9100175,-3.317245,-1.1422302,disgust,2,c:\Users\Kacpiro Recenzje\Desktop\Studia\XAI_2026\data\raw\Actor_03\03-01-07-02-01-01-03.wav
-286.3763,100.68115,-2.889342,24.565264,-1.0050473,16.868916,-16.318699,3.885292,-14.869433,5.5917883,-5.6991982,-3.6464176,0.5780556,-4.383701,-7.1065803,-2.23352,-4.990593,-2.1379757,-7.5047903,-2.6750882,-1.8682678,-5.737968,-1.0409404,0.37584063,-7.744513,-3.683625,-7.1030145,-1.816261,-4.286364,-2.3006868,-3.4309924,-4.3326755,-3.8250568,-0.9409331,-4.03491,-0.032877848,-3.68895,-3.376581,-2.241439,-3.0896337,disgust,2,c:\Users\Kacpiro Recenzje\Desktop\Studia\XAI_2026\data\raw\Actor_03\03-01-07-02-01-02-03.wav
-324.15628,94.95545,-2.4153056,17.95336,-7.140068,11.996642,-11.309532,-0.8434805,-12.770813,2.3235395,-8.913666,-10.446044,-1.5216336,-4.3986206,-5.676613,-4.998433,-5.2915072,-1.1271229,-8.850926,-5.8121824,-1.748386,-4.1708593,-2.8231945,-3.1378977,-4.564369,-3.9589593,-7.2542458,-3.4382784,-4.608691,-4.478075,-2.1071532,-3.3246517,-4.186146,-1.4272496,-3.8833146,-0.92327935,-2.6122139,-1.9124234,-3.3319688,-4.200035,disgust,2,c:\Users\Kacpiro Recenzje\Desktop\Studia\XAI_2026\data\raw\Actor_03\03-01-07-02-02-01-03.wav
-319.3478,80.69859,-12.517831,15.674541,-9.671788,6.27032,-11.699923,-1.5197648,-19.846693,-1.995459,-10.67835,-7.590779,-5.764613,-5.681313,-5.154465,-6.503021,-7.6797404,0.45783043,-6.934463,-8.070601,-4.0668864,-4.247324,-3.5972135,-4.6724405,-6.2204285,-4.4203444,-9.159623,-3.7320032,-5.21535,-5.7180996,-3.5527647,-0.055091694,-0.76448023,-0.054431997,0.6703627,2.6869853,2.030033,0.43728188,0.1303342,-0.42383057,disgust,2,c:\Users\Kacpiro Recenzje\Desktop\Studia\XAI_2026\data\raw\Actor_03\03-01-07-02-02-02-03.wav
-351.70462,82.15389,-13.716478,4.541813,-6.0565195,3.6090693,-8.462099,-3.0669122,-17.989239,-5.4594197,-5.971222,-9.041058,-2.6822727,-1.3253968,-6.8726935,-1.26994,-3.3384118,-4.6525397,-4.156004,-4.3260827,-1.6653674,-6.019461,-4.0427175,-3.0755153,-2.0368998,-2.577274,-1.6167979,0.7022205,-3.2549324,-1.4300907,-0.14149481,-0.6881607,-2.0360641,-0.112337366,-0.047695093,0.8435556,1.1114569,0.853482,2.8297782,2.271384,surprise,7,c:\Users\Kacpiro Recenzje\Desktop\Studia\XAI_2026\data\raw\Actor_03\03-01-08-01-01-01-03.wav
-364.6206,78.40928,-8.25205,10.909872,0.15381059,13.0189,-6.9520783,0.8773293,-10.497879,0.32464465,-0.8023318,-3.9976702,-1.0293726,1.9902638,-6.0015273,-1.8684862,-0.70121914,-0.19769552,-3.567649,-3.586311,-2.2415853,-1.677732,-1.8344721,-2.0700302,-3.1769516,-1.8788911,-2.227278,1.9525775,-1.7082772,-0.49754584,0.23761365,-1.0007181,-1.3582809,-0.48905694,-0.7854413,2.8136902,1.4795649,0.17938611,1.1561661,0.70023537,surprise,7,c:\Users\Kacpiro Recenzje\Desktop\Studia\XAI_2026\data\raw\Actor_03\03-01-08-01-01-02-03.wav
-390.21155,78.998116,-7.8251643,8.572494,-2.077116,3.8292553,-3.9311714,-0.95406455,-13.862415,-3.32362,-5.368623,-7.740106,-1.5168755,2.0807457,-4.3471584,-3.9078984,-2.4503925,-1.826752,-4.315068,-3.3391867,-0.031891763,-5.911086,-4.627608,-0.91727245,-1.1899476,-4.482188,-3.1372063,-0.31347582,-3.8840237,-3.1248565,-2.6978123,-1.8834707,-1.912931,-1.8491365,-0.87247616,-0.14598021,-0.6494393,-1.1440177,-2.1916425,-1.674808,surprise,7,c:\Users\Kacpiro Recenzje\Desktop\Studia\XAI_2026\data\raw\Actor_03\03-01-08-01-02-01-03.wav
-340.91168,91.18286,-15.244353,4.7616644,0.51059544,7.876366,-11.238402,-1.9917457,-15.114441,-1.0192311,-3.8038573,-8.110201,0.53974545,2.4786818,-5.8662825,-2.6821766,-2.8439999,-0.8506714,-5.153745,-5.330373,-0.3379731,-4.9039583,-2.701212,-1.5028986,-4.0952806,-4.687573,-2.2077754,-0.3013571,-3.6020288,-1.2218297,-2.1558907,0.5435057,-1.7373734,-0.58740747,0.68895614,1.4532651,0.39274088,0.112242155,-0.9936902,-0.13072987,surprise,7,c:\Users\Kacpiro Recenzje\Desktop\Studia\XAI_2026\data\raw\Actor_03\03-01-08-01-02-02-03.wav
-386.98386,81.85408,-14.134358,5.887742,-3.1252038,4.275509,-13.944549,0.09282809,-12.473015,-4.901416,-3.8211462,-10.663547,-4.950251,1.732129,-5.105978,-4.600425,-3.3495035,-1.5512551,-5.2644114,-5.325827,-0.73962337,-4.277713,-3.0158598,-4.114475,-3.0386646,-3.5094361,-2.9302506,-0.9603676,-4.102829,-1.7134755,-1.8833624,-1.3130101,-1.0655351,0.33466065,1.1150699,1.8349028,0.3209101,0.321545,-0.07430121,-0.08809446,surprise,7,c:\Users\Kacpiro Recenzje\Desktop\Studia\XAI_2026\data\raw\Actor_03\03-01-08-02-01-01-03.wav
-388.13416,77.697365,-15.246343,11.117032,-1.7023777,6.227202,-12.431952,-0.5108267,-10.489097,-3.919502,0.96105987,-7.994185,-4.3992105,4.233666,-5.4229155,-3.4485679,-1.431477,-0.67694145,-3.236141,-4.81245,-2.5369825,-4.529021,-1.7076269,-2.9744647,-4.745569,-4.911755,-3.03107,1.5962096,-3.4191358,-0.575404,1.6531783,2.230545,0.5763485,1.7760661,3.4149675,3.5509028,1.60915,0.025050955,1.1524591,0.22315885,surprise,7,c:\Users\Kacpiro Recenzje\Desktop\Studia\XAI_2026\data\raw\Actor_03\03-01-08-02-01-02-03.wav
-358.14594,75.96124,-16.72108,6.6872015,-13.563676,3.418498,-7.091003,-5.003151,-18.824814,-3.5041292,-2.6023757,-11.528529,-2.8042364,0.6753995,-5.806164,-4.676464,-5.1799817,-2.9938319,-1.454275,-4.9831753,-3.5502343,-4.7900496,-3.994381,-2.1824796,-5.288318,-5.583915,-4.4478326,-0.29975104,-3.8174045,-0.30888963,3.4100134,3.8553073,3.7646825,3.7565854,2.62144,3.5302157,2.1209965,-0.06499223,0.42843086,1.0473927,surprise,7,c:\Users\Kacpiro Recenzje\Desktop\Studia\XAI_2026\data\raw\Actor_03\03-01-08-02-02-01-03.wav
-398.0204,74.58662,-9.237392,7.8067636,-4.431319,6.036179,-8.778507,-1.6798072,-11.681516,-1.9750268,-5.4236193,-6.641064,-3.0988564,-0.12459131,-7.108893,-2.7538505,-4.394778,-5.126241,-5.1615877,-4.509456,-1.4143134,-4.19131,-3.0760887,-1.9759612,-3.5771458,-5.1376576,-4.337898,0.62645054,-4.4824367,-3.7204356,-1.1666001,-2.3939958,-2.5269325,-0.8951905,-1.0246061,-0.84358686,-1.4890314,-2.22937,-3.098574,-1.9541949,surprise,7,c:\Users\Kacpiro Recenzje\Desktop\Studia\XAI_2026\data\raw\Actor_03\03-01-08-02-02-02-03.wav
-393.71793,65.92731,-8.573741,9.143428,-0.07141243,2.4483323,-10.087634,1.5158981,-11.618622,-7.5013556,-5.603671,-2.9740756,-2.994259,-4.3919683,-7.494035,-2.0165315,-0.9169074,-4.914105,-4.77668,-2.7387202,-1.1947472,-1.6838733,-1.4276649,3.6595926,-0.32121244,-0.3560501,-0.97396547,-4.9636016,-3.676572,-1.7018191,-1.2743279,-0.81948984,0.32225022,1.2504604,1.7750634,1.9130056,1.5252142,-0.46517155,-0.6325517,-1.2168471,neutral,5,c:\Users\Kacpiro Recenzje\Desktop\Studia\XAI_2026\data\raw\Actor_04\03-01-01-01-01-01-04.wav
-408.27194,70.794205,-8.253632,9.420378,-3.2436519,0.30993256,-12.792211,0.19883002,-13.004966,-9.642573,-8.149029,-4.295269,-3.6431105,-5.828011,-8.091831,-2.511025,-1.9865705,-6.402881,-5.875393,-4.85787,-5.0185895,-5.4875717,-5.138356,0.6849511,-1.2335633,-0.33285502,0.029528461,-1.8480471,-3.4510376,-2.0564477,-3.8511055,-2.1557362,0.7090886,2.2252116,3.3505504,1.3909036,0.8209304,0.27390522,1.1588778,2.1679466,neutral,5,c:\Users\Kacpiro Recenzje\Desktop\Studia\XAI_2026\data\raw\Actor_04\03-01-01-01-01-02-04.wav
-438.7824,64.78534,-4.2919602,5.794995,-4.780992,1.8963798,-9.570039,0.45395768,-14.824853,-7.4257708,-8.27963,-4.271564,-5.352695,-5.9627304,-8.582634,-3.0950038,-2.2348719,-7.1438403,-5.182511,-4.487242,-3.017056,-4.9845166,-5.205683,-0.78890526,-2.2188742,-1.7237966,-1.704235,-3.2269473,-3.2272906,-0.80709165,-1.3334448,-1.4966649,0.084423415,-0.049893104,0.22622323,-1.095802,0.14936894,-0.7528718,0.9283457,2.007658,neutral,5,c:\Users\Kacpiro Recenzje\Desktop\Studia\XAI_2026\data\raw\Actor_04\03-01-01-01-02-01-04.wav
-434.59155,68.55698,-4.693367,10.265718,-6.4829297,3.253938,-9.89322,0.762062,-12.74396,-8.06322,-7.3116107,-4.5296855,-4.339016,-5.6583695,-8.280192,-3.372224,-1.5175103,-7.0008802,-5.648358,-5.0794277,-2.26393,-4.790342,-6.050269,-1.2991223,-3.1461048,-2.284185,-1.9568315,-3.2989812,-3.6208117,-2.2659538,-1.9991821,-2.5009856,-1.2336344,-0.7962474,-0.18924361,-1.3285631,1.5754325,-0.37920818,0.6904937,2.054366,neutral,5,c:\Users\Kacpiro Recenzje\Desktop\Studia\XAI_2026\data\raw\Actor_04\03-01-01-01-02-02-04.wav
-337.17758,85.233765,-10.089194,6.702814,-5.3621755,-2.209048,-14.102734,-0.21604508,-14.922499,-10.098713,-10.251197,-4.219814,-4.546148,-6.6648865,-10.100877,-1.4940283,-2.3326247,-6.7991376,-5.615711,-5.5311885,-3.7354317,-4.7512994,-5.9496546,-0.034770288,-4.395249,-2.4201002,-3.330478,-4.448041,-3.7183535,-1.3745499,-2.3921604,-1.0670773,0.31193185,-2.0800617,-0.26653165,-1.3980535,0.57549113,1.3471545,2.5149133,4.18058,calm,1,c:\Users\Kacpiro Recenzje\Desktop\Studia\XAI_2026\data\raw\Actor_04\03-01-02-01-01-01-04.wav
-310.74045,97.82059,-17.810833,4.0236425,-3.8126948,1.0863189,-13.153125,-1.4860107,-14.898611,-9.426854,-7.3079343,-3.4993546,-3.6756566,-5.9939437,-11.5827055,-0.52315617,-2.379955,-5.7806516,-5.219612,-3.5296557,-5.6386027,-3.138526,-7.2792935,0.10132355,-2.585684,-2.0995908,0.96771014,-1.862864,-0.86489946,-1.2928232,-2.4052968,-0.52704364,-1.3254814,1.228992,2.4057097,2.8206592,1.6457223,2.7488446,1.4399924,8.1789255,calm,1,c:\Users\Kacpiro Recenzje\Desktop\Studia\XAI_2026\data\raw\Actor_04\03-01-02-01-01-02-04.wav
-325.75916,82.33652,-8.721831,10.748652,-5.9580398,0.5058286,-12.840204,0.99559367,-16.671442,-8.627321,-9.268033,-4.6854396,-3.0462368,-5.837327,-7.4553585,-0.713257,-4.388295,-5.3687363,-4.984307,-3.7060487,-4.0396214,-6.2887273,-6.2367444,-0.13308348,-7.4214716,-4.5799904,-4.6648397,-5.729524,-2.6059256,0.6197284,1.7536873,2.7450724,4.0453315,2.5027208,2.3529468,2.4180043,3.2623255,5.133199,5.2438717,9.43554,calm,1,c:\Users\Kacpiro Recenzje\Desktop\Studia\XAI_2026\data\raw\Actor_04\03-01-02-01-02-01-04.wav
-316.4742,88.28064,-10.808058,6.587396,-9.132004,2.9931257,-12.297414,0.21981128,-20.184196,-13.788714,-6.6488247,-4.691129,-6.360566,-6.9129977,-10.018529,-3.9482296,-2.240531,-3.124487,-3.7020748,-4.920191,-4.668079,-5.942205,-8.320425,-2.5327837,-6.213383,-4.6745105,-3.8017335,-3.434067,-0.6031567,2.5222678,4.6960316,5.246649,4.3194656,3.304478,4.546296,2.8236163,2.659288,2.3084164,2.8004532,7.4291077,calm,1,c:\Users\Kacpiro Recenzje\Desktop\Studia\XAI_2026\data\raw\Actor_04\03-01-02-01-02-02-04.wav
-309.22403,95.52802,-14.694134,10.013619,-8.98467,0.6783684,-11.682239,-1.5036795,-15.724229,-10.892893,-7.84755,-6.163833,-2.265431,-9.409685,-11.574928,-2.8702695,-5.271259,-6.454407,-6.294754,-5.303399,-3.792489,-6.088455,-5.2761207,-0.14965323,-7.085123,-3.420597,-1.5462154,-4.673091,-1.7748624,0.49510312,-0.3673126,0.8034473,1.4566076,0.17060106,1.8307902,4.679271,5.7090015,7.878902,7.4286323,9.295733,calm,1,c:\Users\Kacpiro Recenzje\Desktop\Studia\XAI_2026\data\raw\Actor_04\03-01-02-02-01-01-04.wav
-321.08853,95.19548,-13.954109,5.6141195,-3.4286659,2.304242,-11.802703,-3.10481,-17.31209,-13.148731,-8.47628,-5.8666034,-3.930858,-8.281873,-10.717349,-0.56616926,-2.1810653,-5.419918,-5.823983,-3.3804243,-4.8342648,-6.063526,-7.4172587,-1.0976902,-4.791154,-4.347391,-0.6564154,-4.2163014,-2.1919546,-1.3983569,0.21953891,-1.648649,-0.16288292,0.99367607,1.6436349,2.6310606,3.701812,5.116639,4.2447953,6.921689,calm,1,c:\Users\Kacpiro Recenzje\Desktop\Studia\XAI_2026\data\raw\Actor_04\03-01-02-02-01-02-04.wav
-268.81033,100.280174,-17.415312,8.844804,-7.3371797,1.8305131,-13.676583,-0.012814677,-23.36194,-12.833318,-5.2253723,-4.2463126,-6.0286517,-6.8566666,-10.653994,0.6846206,-2.2459636,-3.6720629,-1.6826048,-1.460773,-4.1146216,-6.850255,-7.565676,-1.4161454,-5.489387,-3.4507973,-0.78266096,-1.7004764,0.5281035,1.3658508,0.75646,-0.24257968,0.35059255,2.094021,4.2128506,5.325421,4.4852304,5.1410937,3.2054033,7.4406376,calm,1,c:\Users\Kacpiro Recenzje\Desktop\Studia\XAI_2026\data\raw\Actor_04\03-01-02-02-02-01-04.wav
-315.08105,85.42189,-10.456062,12.320047,-9.270334,-0.40277663,-12.287333,-4.388378,-18.23699,-9.7821455,-10.167092,-4.712038,-8.130201,-9.611296,-13.255963,-0.9075782,-8.828845,-9.398057,-6.3122177,-3.8354764,-6.762312,-8.816657,-7.358635,-2.2518933,-9.530532,-5.6796026,-6.380934,-5.2643723,-4.6472507,-3.6404493,-6.238367,-2.4211695,-1.1656016,-2.2216403,3.7633295,3.1837838,5.0036526,5.9316034,5.987022,5.4698777,calm,1,c:\Users\Kacpiro Recenzje\Desktop\Studia\XAI_2026\data\raw\Actor_04\03-01-02-02-02-02-04.wav
-407.64905,77.78696,-16.267153,4.189512,-0.79641724,-0.88241553,-13.5377245,-0.5722186,-12.245382,-10.214942,-5.989855,-3.4419594,-7.2019534,-6.5954113,-9.634912,-2.3205578,-1.7919306,-5.5286036,-4.460958,-1.3776119,-4.3427134,-4.468757,-5.061958,-2.0475311,-3.264173,-1.6005423,-1.2719942,-2.9792202,-2.8703048,-1.1090235,-1.759512,-4.5352526,-2.2309573,-3.340128,-2.3522081,0.27988926,1.4009674,2.0573225,2.6434464,4.056494,happy,4,c:\Users\Kacpiro Recenzje\Desktop\Studia\XAI_2026\data\raw\Actor_04\03-01-03-01-01-01-04.wav
-399.18845,73.34627,-22.966936,3.0663252,-1.1303934,0.63920164,-16.7156,-0.32980272,-10.349441,-13.876049,-5.6878443,-3.0301611,-7.6582913,-5.499918,-10.5830555,-2.5961006,-2.8828583,-6.1633825,-5.3973837,-1.9283627,-0.74347425,-1.559111,1.4133048,1.3742551,0.9717845,0.3334105,2.6998396,1.8652328,-0.8322335,2.7964437,-0.57051575,-0.8046628,1.2610507,1.2950896,1.6855416,0.9417875,-0.34490892,-0.74112743,-0.111703105,1.9536988,happy,4,c:\Users\Kacpiro Recenzje\Desktop\Studia\XAI_2026\data\raw\Actor_04\03-01-03-01-01-02-04.wav
-362.4305,72.59721,-14.052461,6.9108686,1.3035438,1.7695756,-13.458869,2.3817363,-9.11118,-9.683796,-5.2177453,-5.541748,-5.159862,-3.8836515,-9.139633,-1.6596439,-4.2342863,-4.7313585,-5.421603,-5.019621,-5.177522,-4.2816405,-6.012832,-2.567221,-2.532049,-3.1601903,-1.911913,-0.10637064,0.256276,1.1240747,0.6947409,1.6328084,0.0039580865,0.75155747,1.5563136,0.017861279,-0.38353595,1.6194491,-0.10201039,2.9346595,happy,4,c:\Users\Kacpiro Recenzje\Desktop\Studia\XAI_2026\data\raw\Actor_04\03-01-03-01-02-01-04.wav
-381.14166,71.754234,-14.690049,3.919515,-0.6268332,1.7953484,-15.038939,-0.8205877,-10.580386,-11.6647,-3.0953298,-4.110131,-6.2848687,-3.40554,-8.38153,-0.95202905,-4.505981,-5.6014705,-5.799342,-1.9250517,-2.8323903,-3.7961347,-3.0177422,-1.4430044,-1.6778262,-2.614082,-0.010628991,-0.35961285,0.47588333,3.4438624,0.3183175,1.2613623,1.2920251,-0.5985886,-0.51758265,0.9245762,0.29085594,1.7976218,0.06665087,1.5716779,happy,4,c:\Users\Kacpiro Recenzje\Desktop\Studia\XAI_2026\data\raw\Actor_04\03-01-03-01-02-02-04.wav
-339.65726,67.69167,-28.674961,1.3364173,-5.8261366,0.96019363,-17.722582,1.194871,-11.452088,-14.460624,-5.540078,-1.7477752,-5.1727605,-5.634245,-10.382559,3.103575,1.5755668,2.1487243,1.4468724,-2.1688273,-2.2636216,-3.940304,1.2403495,4.246849,2.7286837,2.3841336,1.2869425,4.1603866,2.4239697,6.445528,2.5640955,1.8785628,1.1087562,1.9287314,4.4954715,1.4212826,0.49853265,1.1954372,-0.0037448965,0.5216373,happy,4,c:\Users\Kacpiro Recenzje\Desktop\Studia\XAI_2026\data\raw\Actor_04\03-01-03-02-01-01-04.wav
-392.45667,49.732327,-25.782236,0.566529,-5.2018633,-1.6434761,-18.277164,2.5583408,-10.204365,-11.26404,-3.9764707,-3.2949374,-8.854565,-4.193684,-11.075435,-1.2969342,0.61497617,-0.98547363,0.6240979,5.7625012,6.7923717,3.4317381,6.4786353,4.530671,0.071780376,1.1425269,0.8085414,0.5413165,-0.98766613,3.5782704,-0.251326,-0.5681104,-0.15137503,0.18569674,2.8562634,-0.14770205,-1.0324205,-0.5507615,0.38657308,2.71508,happy,4,c:\Users\Kacpiro Recenzje\Desktop\Studia\XAI_2026\data\raw\Actor_04\03-01-03-02-01-02-04.wav
-382.38287,51.91564,-21.17463,1.5110677,-5.479537,-2.66838,-17.558521,-2.0831769,-13.123407,-12.499069,-6.8217397,-4.2247396,-9.661945,-4.065702,-10.045306,-2.747019,-5.185027,-7.0090456,-8.260677,-4.778433,-4.3889165,-4.969031,1.2018337,3.553336,2.9887648,2.7928307,0.7871692,1.8840514,-1.5968645,2.5088866,3.1144798,3.7105834,2.487645,0.91189486,-0.850871,-1.1099336,-0.59176636,1.4276507,-0.016926136,0.853104,happy,4,c:\Users\Kacpiro Recenzje\Desktop\Studia\XAI_2026\data\raw\Actor_04\03-01-03-02-02-01-04.wav
-372.4667,52.50759,-31.987606,-0.70640856,-9.371719,-2.8481143,-21.61867,-3.6544037,-16.967445,-12.74474,-4.991349,-5.9511614,-10.861408,-7.091034,-14.108208,-0.5128205,-2.322176,-2.7486103,-1.4943314,3.8697753,3.1001441,2.2393935,6.457355,3.6639016,3.5227826,4.194681,0.9842139,2.877356,-1.761844,1.0357193,-1.3158054,-0.035083603,-0.3626973,-1.2990189,0.6666682,-0.29268506,-1.5844355,0.4490073,-1.061348,0.6384641,happy,4,c:\Users\Kacpiro Recenzje\Desktop\Studia\XAI_2026\data\raw\Actor_04\03-01-03-02-02-02-04.wav
-399.97247,65.255,-3.303686,11.645809,-0.31498146,4.5389276,-11.572005,4.323726,-10.393948,-6.161155,-8.126859,-5.5401573,-3.9769213,-3.9546452,-8.592237,-3.4804559,-1.6402887,-3.9412816,-4.2658553,-5.0940433,-2.2472825,-2.575421,-4.1706696,-1.7636085,-3.0523717,-1.6867849,-1.1409814,-2.8922646,-2.108257,-0.83747834,-0.31101564,-1.2178432,-0.051768243,-0.19948302,1.7622386,1.9974586,2.8926497,2.4333098,1.6943269,2.7105243,sad,6,c:\Users\Kacpiro Recenzje\Desktop\Studia\XAI_2026\data\raw\Actor_04\03-01-04-01-01-01-04.wav
-395.85953,57.675274,-12.693865,6.7396474,-7.0441446,0.40958944,-13.554258,0.037567627,-10.407954,-12.94948,-6.5983186,-4.1115723,-6.229317,-3.380694,-11.075153,-3.8200583,0.13123749,-4.9814205,-5.738981,-0.05183389,0.99917376,-0.6643597,2.8417842,1.1045445,0.6719674,1.8773048,1.2864109,3.0039954,2.5506098,3.402052,1.8261409,0.5129113,-2.454521,-1.7291743,1.0396155,2.32226,0.6551319,0.9171185,-1.5273244,1.0966295,sad,6,c:\Users\Kacpiro Recenzje\Desktop\Studia\XAI_2026\data\raw\Actor_04\03-01-04-01-01-02-04.wav
-385.42773,58.341286,-16.396765,9.9548435,-9.155722,3.601695,-19.379335,-0.5703129,-11.939307,-14.114616,-6.7144732,-6.557641,-8.053255,-4.7551575,-10.749883,-3.4544263,-1.8266922,-5.571503,-7.7774873,-1.3333399,-2.8221931,-4.074607,1.55165,2.359596,5.540561,5.929176,3.3707793,3.6594152,-0.62058014,1.3133873,0.10423788,-0.22691172,0.580184,1.532603,1.5676298,1.1579901,-2.6991897,-0.5671843,-1.3440924,-0.005954445,sad,6,c:\Users\Kacpiro Recenzje\Desktop\Studia\XAI_2026\data\raw\Actor_04\03-01-04-01-02-01-04.wav
-401.93512,46.570774,-17.170826,7.024574,-12.458337,1.1436596,-21.427671,-1.8487055,-11.247028,-16.08899,-5.9886584,-5.546497,-8.747147,-4.4620795,-9.759864,-3.1497934,-1.4751692,-5.291987,-5.0762706,-0.73027396,-0.19872127,-1.9207206,4.4170475,5.537445,6.7639313,5.0562534,1.1041448,1.5752144,-1.8979076,0.91489524,1.0258759,2.2118049,0.8809236,-0.76117134,-1.3109688,-1.7419285,-2.7856517,1.1877658,0.2311957,1.1894898,sad,6,c:\Users\Kacpiro Recenzje\Desktop\Studia\XAI_2026\data\raw\Actor_04\03-01-04-01-02-02-04.wav
-369.97787,56.224083,-30.492859,1.7605721,-9.628808,-0.550842,-21.736979,-6.2282634,-13.835859,-17.051298,-6.856627,-2.0533767,-8.169686,-2.6957934,-7.5576553,1.534339,6.35444,5.7769904,4.952174,4.3766236,4.531119,1.3272713,4.248886,4.3801036,-0.21456063,1.4243163,-3.4092784,0.64496034,-0.97944653,-0.07866896,-0.665184,-2.2522993,-0.85083646,0.082138926,1.1243664,0.07278691,-2.682559,-2.3984258,1.328583,-0.38576028,sad,6,c:\Users\Kacpiro Recenzje\Desktop\Studia\XAI_2026\data\raw\Actor_04\03-01-04-02-01-01-04.wav
-356.01004,47.17475,-24.209667,3.0046573,-12.381521,-4.318672,-17.38622,-1.9657718,-8.506662,-13.247253,-6.001633,-1.2301447,-3.6015346,0.967225,-2.2340007,5.7434864,11.223562,10.583307,8.326938,6.7363205,2.0720236,1.0492054,2.423038,3.2593353,-1.0167804,-0.5429789,-0.70683235,1.8324814,-0.8924213,-0.72145784,-0.1252133,0.33736345,0.87611246,1.8392563,1.6037756,-0.055176646,-0.92371947,-0.003911661,1.291169,0.65706146,sad,6,c:\Users\Kacpiro Recenzje\Desktop\Studia\XAI_2026\data\raw\Actor_04\03-01-04-02-01-02-04.wav
-369.47018,39.59801,-43.184895,-3.3529184,-17.78277,-6.2952433,-27.074928,-11.366062,-17.87235,-20.226986,-6.6179442,-5.642173,-7.9046493,-0.59498394,0.89211905,12.531067,17.419067,8.08262,0.46699622,0.051843412,-3.9855356,-6.3561535,0.46978894,2.0380495,-3.2839036,-2.2691052,-4.9699154,0.8738629,2.0557222,2.228889,1.1836874,0.41405174,2.2806718,-0.4129062,-2.6545413,-2.4136784,-2.8632739,0.9242673,1.2760305,-3.4195762,sad,6,c:\Users\Kacpiro Recenzje\Desktop\Studia\XAI_2026\data\raw\Actor_04\03-01-04-02-02-01-04.wav
-358.65088,46.5136,-38.800983,1.1043779,-13.7609415,-1.2656245,-26.94863,-6.3295074,-15.01256,-17.933224,-7.653883,-8.366315,-10.333247,-6.033205,-8.369423,4.653447,9.090344,9.444086,9.11645,9.376376,5.1393485,-2.4923835,-0.58591866,0.18109761,-2.163301,-0.86318076,-3.2992918,-1.186474,-2.0164027,0.8192299,0.7448431,-0.116760254,-0.69717824,2.6588857,3.724361,1.718826,-3.8922083,-3.0654192,0.53925353,0.52058464,sad,6,c:\Users\Kacpiro Recenzje\Desktop\Studia\XAI_2026\data\raw\Actor_04\03-01-04-02-02-02-04.wav
-396.7642,65.05301,-13.44309,6.1681514,-4.3669667,-3.4528768,-12.349515,-1.8989146,-11.769474,-11.1947565,-6.229473,-5.5764265,-4.594254,-6.051284,-9.378098,-0.99510634,-4.970975,-8.959133,-6.2817965,-3.6039858,-2.4612134,-3.296969,-2.9592593,1.2306111,0.3397717,-0.25195703,0.91070926,0.60964596,-1.1420445,1.5520006,-0.363388,-0.82179856,-0.80171657,-0.8525097,0.69483495,1.9681659,2.223796,1.3794267,0.7331839,1.5477444,angry,0,c:\Users\Kacpiro Recenzje\Desktop\Studia\XAI_2026\data\raw\Actor_04\03-01-05-01-01-01-04.wav
-389.47626,57.011963,-15.999119,5.4680567,-5.5612907,-5.4438887,-12.385562,0.21030253,-9.696977,-11.599858,-4.76986,-4.0006456,-4.848674,-3.3581326,-8.928572,-0.011045524,-0.3043664,-4.0721583,-3.1391041,0.306864,-1.8271179,-3.547426,-2.1172001,0.73638916,-0.9234358,-0.26368183,-0.42967322,0.058389813,-1.1497759,1.3478341,0.0035867353,0.20902723,0.06455139,1.6375941,3.874232,1.7153622,0.33837274,-0.51351076,0.4478172,2.2612386,angry,0,c:\Users\Kacpiro Recenzje\Desktop\Studia\XAI_2026\data\raw\Actor_04\03-01-05-01-01-02-04.wav
-374.84424,52.542187,-15.3110695,5.178232,-8.607022,-2.2421587,-15.914544,-1.0780865,-13.807942,-12.3087015,-7.4414315,-5.3139577,-7.07393,-3.1343377,-12.287165,-3.1581776,-5.546203,-6.466184,-3.4180372,1.7367926,0.3429059,1.7282507,0.1826279,1.2662598,-1.2197737,-1.6720486,0.1408383,2.6846986,1.9009335,4.148477,1.1656437,0.7273856,-1.4892516,1.3488041,0.93306184,-0.4721754,-2.0907855,-0.5270578,1.2926412,3.2682037,angry,0,c:\Users\Kacpiro Recenzje\Desktop\Studia\XAI_2026\data\raw\Actor_04\03-01-05-01-02-01-04.wav
-346.10794,68.41004,-16.93103,8.077164,-7.82954,-3.1458795,-14.869926,-0.36772215,-15.202995,-12.095341,-6.983576,-4.298585,-4.100741,-5.8289075,-10.393954,-1.5591148,-4.892142,-5.7782226,-6.1955824,-4.0130014,-4.365539,-6.026986,-4.599954,0.42101288,-3.348317,-2.4197955,0.92873776,-0.35472506,-1.047359,0.66869444,-1.1380084,1.170623,2.397399,3.2573931,4.0021405,3.1583319,1.9616752,0.4913566,0.19687268,1.6569295,angry,0,c:\Users\Kacpiro Recenzje\Desktop\Studia\XAI_2026\data\raw\Actor_04\03-01-05-01-02-02-04.wav
-380.84268,46.18405,-29.01114,3.7582688,-11.532116,-7.158068,-15.23239,5.7166853,-14.431051,-10.687942,-2.7169926,-7.227715,-6.5621943,-1.5106125,-9.782269,3.1048484,1.9146384,0.67436033,1.0190705,4.747463,1.8657715,1.1317056,3.5277464,0.6161238,-0.8221966,3.734891,4.345129,5.5987244,2.9248857,0.89324206,-2.1964674,0.56984025,-0.912406,0.07480172,0.25672534,-0.06718705,-0.8513215,0.33721757,0.17966458,0.89391136,angry,0,c:\Users\Kacpiro Recenzje\Desktop\Studia\XAI_2026\data\raw\Actor_04\03-01-05-02-01-01-04.wav
-365.2865,52.30762,-27.051418,5.610646,-11.811561,-8.077381,-15.520841,1.9233677,-14.964016,-13.568068,-3.7420855,-4.5772204,-6.5536675,-0.06529203,-8.036783,3.9137568,1.7246133,-2.6731143,-3.1946716,1.8572406,-3.222875,-3.761198,0.20623584,-1.3151063,-1.5742484,0.03205233,0.36470518,0.76809466,1.7794899,5.3261933,4.8252025,4.730461,0.9041724,1.3662848,0.5161348,-0.535053,-1.0154499,1.5643424,1.32063,1.9341621,angry,0,c:\Users\Kacpiro Recenzje\Desktop\Studia\XAI_2026\data\raw\Actor_04\03-01-05-02-01-02-04.wav
-388.0365,38.25074,-27.352564,4.210178,-11.696244,-4.1837406,-21.637125,1.5596743,-18.007532,-13.74928,-2.577367,-5.5232983,-5.358942,-3.689451,-12.658737,-0.1557102,-4.4655795,-7.201743,-4.6221533,0.0681938,-1.7668111,2.059689,3.7641523,2.246587,1.2557379,3.762391,2.9645662,6.5982647,4.2475605,5.550085,-0.9918542,-0.27916172,-1.0454379,-0.72411853,-1.4603888,-1.3626871,-1.4495984,-0.58195007,-1.177931,0.35957694,angry,0,c:\Users\Kacpiro Recenzje\Desktop\Studia\XAI_2026\data\raw\Actor_04\03-01-05-02-02-01-04.wav
-383.3991,40.83524,-30.065329,2.695892,-21.653065,-9.04209,-21.11605,2.7110522,-21.345753,-11.930667,-5.9280715,-8.6994705,-7.47562,-1.233746,-10.216235,2.1622064,-2.2404873,-4.2554216,-1.7114512,1.0415009,-3.249777,2.213414,2.6263163,0.7989809,2.694891,4.258276,2.4276328,7.002984,3.8624804,1.5578077,-0.45570818,0.8704007,-2.7720532,-0.82951343,1.0590507,0.234899,-1.4208875,-0.32064873,-0.3199903,1.1116308,angry,0,c:\Users\Kacpiro Recenzje\Desktop\Studia\XAI_2026\data\raw\Actor_04\03-01-05-02-02-02-04.wav
-379.8679,53.161415,-18.761017,4.0145326,-8.229482,-0.9934537,-11.677456,0.33283705,-11.83403,-14.442279,-7.4559345,-3.0972521,-6.074742,-6.088331,-8.731666,-2.3333552,-0.8783279,-4.2029643,-4.3851213,-2.363731,-1.8401258,-2.89969,1.2231508,4.3835554,3.554297,5.859397,4.0513186,2.4476733,0.5708374,1.484743,0.6407032,2.0420105,1.2925239,0.8133104,0.24898712,-1.0402615,-2.1745124,-0.9111328,-1.1725113,0.4296567,fear,3,c:\Users\Kacpiro Recenzje\Desktop\Studia\XAI_2026\data\raw\Actor_04\03-01-06-01-01-01-04.wav
-374.34912,53.865368,-23.398417,4.4620295,-5.4553957,-0.9204935,-15.18001,-0.077456966,-11.285927,-11.67237,-6.759217,-3.5903065,-7.4368143,-5.8105607,-8.247112,-2.6716685,-1.9094716,-4.9429584,-5.121632,-1.0072619,-0.5736636,0.074721746,4.993746,7.164078,4.962635,4.7325397,2.6893754,0.6187153,0.79329544,3.3701882,1.810391,2.3430862,0.116487816,-1.9805874,-1.5802591,-1.7672653,-2.0023046,-0.03987633,-0.54792756,0.27875054,fear,3,c:\Users\Kacpiro Recenzje\Desktop\Studia\XAI_2026\data\raw\Actor_04\03-01-06-01-01-02-04.wav
-372.88385,54.97341,-17.16458,4.610439,-6.561925,1.8515716,-14.442236,-1.7626396,-13.224108,-14.05165,-6.9415307,-2.5056922,-8.862521,-4.826616,-10.214442,-4.134648,-2.8178957,-5.5515194,-5.950389,-2.1549752,-3.3951654,-5.0275555,1.0048639,7.815439,7.1251745,10.085298,8.857481,5.6332893,2.0385795,0.63414574,-1.57581,1.4016045,0.5510871,0.062749766,-1.1168844,-2.2473226,-2.5864823,0.053559404,-1.0236903,-0.06849454,fear,3,c:\Users\Kacpiro Recenzje\Desktop\Studia\XAI_2026\data\raw\Actor_04\03-01-06-01-02-01-04.wav
-363.76328,52.850384,-15.206269,4.1904993,-8.754046,0.24335897,-13.112262,-0.79318047,-11.507165,-13.783599,-9.028503,-4.05402,-7.5089917,-6.482942,-10.020118,-4.249302,-2.8002133,-5.2230425,-6.149674,-3.376734,-1.9313718,-2.5735781,1.346555,5.6126695,6.7892795,9.375606,7.495616,4.9638186,1.7754773,2.5067363,1.6119566,2.8011909,0.23446466,-0.16263352,-1.5258542,-2.254154,-1.4415904,0.52454036,-0.9408473,-0.69869375,fear,3,c:\Users\Kacpiro Recenzje\Desktop\Studia\XAI_2026\data\raw\Actor_04\03-01-06-01-02-02-04.wav
-293.36118,40.60595,-39.52405,10.354046,-14.568081,3.7881994,-14.907543,0.8406396,-15.079929,-15.809709,-4.7124386,-0.38102928,-3.9574268,0.20694424,-0.88300556,16.275936,17.69756,6.8159866,-2.575118,-3.475844,-1.5640951,1.8452493,2.2533224,1.2225722,-4.716336,-1.598943,-0.4000495,3.0191345,3.2753675,2.2826152,-1.5806363,1.0450261,-0.054531503,-3.9832494,-2.291804,0.09153282,-2.669995,0.46621954,-1.8484735,1.4285331,fear,3,c:\Users\Kacpiro Recenzje\Desktop\Studia\XAI_2026\data\raw\Actor_04\03-01-06-02-01-01-04.wav
-369.29446,40.944256,-24.201538,1.6899674,-11.434025,-2.7007675,-12.625666,0.039496023,-11.099581,-11.769848,-8.67802,-5.1364255,-6.989556,-1.5279334,-1.062017,8.414546,12.364557,8.861008,2.949844,0.4458272,-1.6813308,-0.84807867,3.4975162,2.5572076,-0.085806884,-0.2976136,-2.1228838,-0.7460007,-1.6693109,0.7635888,0.65473086,2.2570264,-0.2828573,-0.2265615,1.9215785,-1.1643008,-2.1910205,-0.31106573,-0.43509722,0.24218918,fear,3,c:\Users\Kacpiro Recenzje\Desktop\Studia\XAI_2026\data\raw\Actor_04\03-01-06-02-01-02-04.wav
-360.23715,42.942596,-24.04992,1.1298295,-17.114485,-5.8224277,-16.032955,-2.9778523,-16.410448,-11.980098,-7.926346,-6.9761887,-8.626699,-6.0827,-6.7365613,5.668407,7.1487656,3.5494978,0.7173028,6.4869742,1.727449,1.512096,4.296065,2.245392,0.023551237,1.202616,0.79856354,0.45054063,-0.07507343,0.6056082,-0.81682605,1.3901802,-1.9028968,-1.3903136,-0.4614547,-0.12941912,-1.4225049,-1.8847414,-2.1386118,0.3393532,fear,3,c:\Users\Kacpiro Recenzje\Desktop\Studia\XAI_2026\data\raw\Actor_04\03-01-06-02-02-01-04.wav
-375.47067,38.37881,-22.351707,-0.96894914,-17.648335,-3.3736796,-18.623121,-2.6513865,-14.1765995,-11.401819,-6.7378416,-5.5028543,-7.7738895,-3.785402,-7.1683397,4.5229917,4.0803905,4.444748,3.9233658,8.387973,3.8886104,1.3284469,6.177004,2.8265417,1.2853189,1.7755649,-0.25969034,1.6111473,0.29803777,1.3514669,-2.4685276,-0.549599,0.05922887,1.1184251,-0.05508926,-1.6633335,-2.4799635,-0.026986955,1.4068292,0.70556533,fear,3,c:\Users\Kacpiro Recenzje\Desktop\Studia\XAI_2026\data\raw\Actor_04\03-01-06-02-02-02-04.wav
-344.58188,76.401505,-5.116204,8.946841,-6.6610975,3.6508486,-10.962776,1.5791522,-8.185166,-7.2950077,-10.549957,-3.0090694,-3.9211202,-5.238953,-8.9081135,-1.281122,-0.21530479,-6.7038593,-6.1323915,-2.7360685,-3.4851387,-2.5279775,-5.073137,-2.8166971,-2.032026,-2.3377728,-1.5362731,1.3831805,-2.360376,-0.5268873,0.949212,-0.68077594,0.98833776,1.3966422,0.20766562,1.150733,0.71039915,2.098888,0.7041236,2.891801,disgust,2,c:\Users\Kacpiro Recenzje\Desktop\Studia\XAI_2026\data\raw\Actor_04\03-01-07-01-01-01-04.wav
-333.45328,79.83741,-10.86578,8.523361,-5.904374,0.74186087,-12.632747,-6.494264,-13.453525,-10.767224,-9.162035,-1.2964295,-6.140643,-7.693013,-7.89864,-1.3602803,-2.0430686,-4.08841,-4.357533,0.24516734,-2.6987934,-4.1578555,-5.1445932,-3.8627946,-2.485353,0.34588504,2.0688794,4.5699096,2.8326352,5.3447595,3.26596,2.5076938,0.3989319,-1.1709454,1.2159107,2.0007658,2.4079108,2.2313104,0.27299055,0.26186448,disgust,2,c:\Users\Kacpiro Recenzje\Desktop\Studia\XAI_2026\data\raw\Actor_04\03-01-07-01-01-02-04.wav
-365.9776,59.261974,-6.6381574,2.8885078,-8.485961,3.8213427,-15.508761,-1.950968,-12.709963,-11.656776,-6.625638,-4.447466,-6.2205777,-6.018304,-8.790117,-1.4293358,-5.718744,-6.5696297,-7.9431343,-2.3145013,-5.802111,-4.8424625,-5.0364947,-4.5127563,-4.1192017,-2.4052591,0.038836215,1.7216132,2.6931067,6.464621,4.0202236,4.211287,3.3302672,2.4635923,3.589259,2.7310944,3.4101493,3.9106143,2.165235,2.4107423,disgust,2,c:\Users\Kacpiro Recenzje\Desktop\Studia\XAI_2026\data\raw\Actor_04\03-01-07-01-02-01-04.wav
-374.00012,50.61498,-8.180991,5.394443,-5.439912,7.5544786,-15.254817,-1.1428556,-10.088489,-8.511847,-3.1806815,-1.3582422,-6.361776,-3.2397351,-6.5133877,0.6500604,-2.8687656,-4.332169,-2.6614199,2.4392023,0.7867523,-0.6778554,-0.33145624,-1.0869352,-1.7913774,1.9103465,3.9534457,5.5826573,8.713191,10.86054,5.162902,6.155092,3.3807511,0.030156534,0.9982239,1.0148311,1.505512,3.9047925,2.2787025,2.204177,disgust,2,c:\Users\Kacpiro Recenzje\Desktop\Studia\XAI_2026\data\raw\Actor_04\03-01-07-01-02-02-04.wav
-355.1339,58.005463,-14.037135,10.437041,-5.399088,0.24449147,-12.489668,0.36425495,-11.42552,-12.554097,-7.395989,-5.2424836,-5.4499164,-4.3388734,-9.140578,-1.3413898,-3.0305946,-6.913476,-7.0576572,-4.213663,-3.1634376,-2.5687294,-1.4776738,0.24646428,-0.86856294,1.050167,2.5317564,3.8210657,4.7619867,6.7547398,7.3293657,5.56598,4.396973,3.428529,1.6893966,1.3603544,-0.17438881,0.40117168,-1.0350479,-0.010630939,disgust,2,c:\Users\Kacpiro Recenzje\Desktop\Studia\XAI_2026\data\raw\Actor_04\03-01-07-02-01-01-04.wav
-356.9037,63.397606,-14.748442,8.855194,-8.436803,-0.78800565,-11.3478,-1.880417,-9.224497,-10.27452,-10.77829,-4.1053467,-6.655578,-4.1072693,-8.683204,-3.5851595,-2.7996578,-7.215851,-7.4037447,-5.019604,-5.586151,-6.5797997,-5.123459,-4.500569,-6.4525943,-3.4232683,-3.3749259,-0.3743836,1.5320904,5.5106454,6.9337177,5.7750535,6.549791,5.671148,1.6482422,2.6942601,2.6338973,3.4811547,1.9490274,1.4844317,disgust,2,c:\Users\Kacpiro Recenzje\Desktop\Studia\XAI_2026\data\raw\Actor_04\03-01-07-02-01-02-04.wav
-335.65128,60.598343,-13.187616,4.3869505,-10.503959,1.5500875,-15.702539,-4.682267,-14.311619,-17.57269,-12.005316,-4.081981,-7.0546093,-9.472769,-11.476558,-1.6867682,-2.6488898,-9.538266,-8.119672,-1.8062806,-5.68418,-7.5689535,-5.2145658,-5.9481177,-6.7123823,-4.8244925,-3.0023973,-1.6272835,2.4726083,8.337708,7.080045,7.793303,7.7803264,4.6854095,3.2168775,2.157277,0.5858634,2.6571693,1.0605854,1.307907,disgust,2,c:\Users\Kacpiro Recenzje\Desktop\Studia\XAI_2026\data\raw\Actor_04\03-01-07-02-02-01-04.wav
-352.68253,56.401844,-13.965836,3.927402,-15.811468,-1.8981575,-16.390676,-3.718873,-15.822058,-14.466734,-12.053764,-3.5242164,-9.450315,-8.058686,-12.3094225,-1.1401138,-8.748287,-9.654059,-8.581743,-2.0828536,-5.0150337,-4.17971,0.6884699,4.071117,1.948601,4.193917,2.7744105,1.7053924,2.2546659,4.619531,0.58701146,0.5045126,-0.5702495,-2.5530448,1.2922463,2.474519,1.146034,1.8393509,-1.084569,-0.40038863,disgust,2,c:\Users\Kacpiro Recenzje\Desktop\Studia\XAI_2026\data\raw\Actor_04\03-01-07-02-02-02-04.wav
-387.3552,59.325153,-12.383552,3.0187926,-4.4645877,-0.6509033,-13.34171,-1.0332534,-10.387239,-10.455043,-6.3425174,-4.4427915,-6.269385,-5.3946586,-9.404791,-2.736447,-2.0526638,-5.5260987,-4.65667,-2.1452613,-2.355005,-3.0354898,-1.611451,-0.11346998,-0.16083586,1.751176,2.5691376,0.8479256,0.8388347,1.2629665,-1.4275671,-0.69023913,-0.4072708,-1.0273104,0.087763146,-0.11779244,-1.1603837,-0.6933701,-0.33602953,2.4239726,surprise,7,c:\Users\Kacpiro Recenzje\Desktop\Studia\XAI_2026\data\raw\Actor_04\03-01-08-01-01-01-04.wav
-396.15842,59.02555,-14.913117,3.4924066,-5.587467,-2.3494747,-14.410468,-0.49405167,-11.555284,-11.78974,-6.6064296,-3.1297815,-7.859048,-4.438292,-11.077463,-2.1972024,-1.415672,-4.0708184,-1.7207628,0.7108402,-1.6248227,-2.3666613,-0.425998,0.53336453,-0.35220516,1.9124485,0.8039,0.20344384,-1.0129927,-0.62172425,-1.9472885,-1.6239954,-1.4811912,-0.709494,1.2779617,1.7930655,-0.21821518,1.6010112,0.06242771,0.527533,surprise,7,c:\Users\Kacpiro Recenzje\Desktop\Studia\XAI_2026\data\raw\Actor_04\03-01-08-01-01-02-04.wav
-370.37268,62.61126,-10.088455,4.7628336,-10.951537,-0.3426387,-18.579462,-2.2731426,-15.793603,-13.145985,-7.196326,-4.607736,-9.521323,-6.0898056,-11.533724,-2.390548,-2.0037253,-4.8791137,-1.9896013,1.1745719,-3.1356425,-1.5404613,-0.021903396,0.98156047,-1.1153274,1.0257688,-1.7126822,-0.99473876,-2.6259644,1.161032,0.1251251,-0.09842579,0.29637584,0.5985643,1.1625031,1.4500961,-0.34708822,0.5813166,0.08889349,1.4717549,surprise,7,c:\Users\Kacpiro Recenzje\Desktop\Studia\XAI_2026\data\raw\Actor_04\03-01-08-01-02-01-04.wav
-389.92337,59.163094,-15.90617,2.7561762,-11.587728,-2.8060784,-17.05543,-1.0562687,-14.729255,-14.695242,-6.6473656,-3.0505524,-9.140948,-6.7026825,-12.337099,-2.7813802,-0.58746076,-4.876006,-1.1753563,0.98587567,-3.3808565,-3.0846076,0.22573057,-0.95776874,-1.1202871,1.4388152,0.038379613,-0.064479426,1.7974623,2.327158,1.466975,2.1376848,0.86748093,0.74562705,1.616289,1.1278397,-0.8655951,1.5233965,0.1825168,0.51153153,surprise,7,c:\Users\Kacpiro Recenzje\Desktop\Studia\XAI_2026\data\raw\Actor_04\03-01-08-01-02-02-04.wav
-380.41885,56.712433,-25.784817,0.3276419,-11.632592,-5.2385764,-19.142586,0.92989963,-13.801164,-15.758893,-5.1773343,-1.8156054,-8.270465,-3.1496832,-6.4737954,3.1383734,1.817814,-3.0345824,-3.035997,-0.08686623,1.2637749,0.9722569,4.406723,2.2811575,-1.9094409,1.4813595,3.4300337,4.7789254,1.7658769,2.9088137,0.541604,2.3463392,1.1971084,0.1834825,-0.27489266,-0.27067816,-1.4732212,-0.56668425,-0.3664773,0.741548,surprise,7,c:\Users\Kacpiro Recenzje\Desktop\Studia\XAI_2026\data\raw\Actor_04\03-01-08-02-01-01-04.wav
-352.99445,47.63543,-20.166706,-0.26908323,-11.775618,-4.22229,-16.856663,-2.7203937,-16.40917,-14.976936,-3.3707764,-1.8854171,-4.462143,-1.3890411,-4.211884,2.433276,-0.703954,-4.8982925,-5.0442753,-0.30828348,-1.7675968,-1.2001228,1.6177751,1.8692367,-0.08550383,1.7820766,3.0490212,2.584592,3.3539953,3.4611144,-0.062304504,0.26645,-1.625121,-0.2031327,-0.1828383,-1.0619649,0.8537614,2.1017702,-0.0061703133,0.19859381,surprise,7,c:\Users\Kacpiro Recenzje\Desktop\Studia\XAI_2026\data\raw\Actor_04\03-01-08-02-01-02-04.wav
-357.833,50.463013,-17.937454,2.1935914,-11.11809,-2.077106,-16.45522,-3.160965,-14.633953,-10.4733095,-4.3385787,-3.3501155,-7.6900806,-2.15478,-6.075035,1.5874473,0.1752171,-2.0699062,-1.2616633,2.0068052,-0.14212997,0.203414,4.4460745,3.428134,0.81680554,3.119848,0.7673696,1.7950623,1.1765895,2.6095564,-0.6158714,0.9857052,-0.38329476,0.10528896,1.326412,0.17498769,-2.0669973,1.4328455,0.23712283,0.9938279,surprise,7,c:\Users\Kacpiro Recenzje\Desktop\Studia\XAI_2026\data\raw\Actor_04\03-01-08-02-02-01-04.wav
-384.76364,51.190952,-20.175564,3.322867,-15.938744,-2.7770102,-18.098658,-2.107036,-18.593609,-13.802314,-5.7786584,-6.2988844,-11.160773,-4.879817,-10.304874,0.73366326,-2.194915,-4.4169035,-3.5724077,-0.023471318,-3.4295213,-3.195915,1.413867,1.4102311,-0.041226488,2.8048203,2.1134171,1.8813381,1.7729346,3.3756337,1.2174788,2.0090146,-0.19500083,2.7370865,2.3328822,1.0250179,-1.021274,1.0802811,1.4505042,1.2976137,surprise,7,c:\Users\Kacpiro Recenzje\Desktop\Studia\XAI_2026\data\raw\Actor_04\03-01-08-02-02-02-04.wav
-398.4879,93.35285,11.944135,16.121056,8.120415,17.091724,-4.3433294,4.6450458,-2.2143402,-2.4180143,0.36328515,-0.06312626,1.7799503,0.704946,-0.4921301,-0.45373887,-0.040840093,-1.0202677,2.9336374,-1.2199122,-2.0215948,1.2683161,0.73407966,0.2328139,-0.606576,-0.035004962,-0.071854554,-2.0092409,-1.4616226,0.31060255,-1.5223639,-1.7621014,-0.513634,-0.59702843,0.35400864,-0.3590589,-1.2653663,-0.111616254,-0.20262146,-0.12135393,neutral,5,c:\Users\Kacpiro Recenzje\Desktop\Studia\XAI_2026\data\raw\Actor_05\03-01-01-01-01-01-05.wav
-417.23798,100.598785,6.52989,18.165749,11.249354,18.135365,-3.3828256,7.7822022,-2.8563745,-2.4879348,2.122623,2.1328244,4.080929,2.5240393,0.8389264,-0.002561691,-0.025574813,2.0336008,3.8860347,-1.5027378,-0.102814585,0.7644295,1.4830611,2.3145719,-0.91563654,-1.195404,-0.031065866,-1.1621691,-1.3330362,-0.037066955,-0.76553905,-1.1351559,-1.0634838,0.48969665,0.8663606,-0.59911376,-1.459061,0.5650008,0.6275281,-0.028541457,neutral,5,c:\Users\Kacpiro Recenzje\Desktop\Studia\XAI_2026\data\raw\Actor_05\03-01-01-01-01-02-05.wav
-399.86832,80.80219,5.693651,14.245945,9.535991,13.498777,-4.9846807,6.174995,-1.6117098,-4.8242264,-3.9207997,2.6083531,2.1801891,0.9347062,0.74989873,-0.39502418,-0.5281895,0.39618632,2.7829509,-1.2229668,-1.8660512,-0.23283689,1.8465334,1.7709359,-2.0656898,-1.2045095,0.16302301,-1.706615,-2.1335156,-0.50284344,-0.21217233,1.0321856,-0.5579428,-0.39525667,-0.36044025,-0.0037891578,1.3005452,0.06049677,-0.10220913,-0.77801365,neutral,5,c:\Users\Kacpiro Recenzje\Desktop\Studia\XAI_2026\data\raw\Actor_05\03-01-01-01-02-01-05.wav
-368.66507,92.557625,9.911212,18.634268,8.017089,14.493185,-5.4289203,6.805658,-3.7791202,-7.0866003,-1.9344571,1.94135,0.41871947,2.1806169,1.6950946,-0.3748276,-1.1810215,0.2684776,4.035292,-1.669573,-1.2643083,0.7295965,1.2371709,0.7614664,-2.7363694,-1.763383,0.51254106,-2.5387373,-1.0279558,-0.13611947,-1.8821818,0.23615985,-0.62219715,0.6714343,-0.26743317,0.27406093,-0.5827972,-0.939075,0.30402523,-0.6950581,neutral,5,c:\Users\Kacpiro Recenzje\Desktop\Studia\XAI_2026\data\raw\Actor_05\03-01-01-01-02-02-05.wav
-364.26004,117.106636,10.242955,25.281935,10.1631365,11.060668,-3.205861,2.193304,-1.823032,-1.2740217,1.3956826,0.4822589,2.5785198,2.9810452,-0.2560286,-2.481972,-2.1606653,1.3181233,2.3415682,-4.466339,-2.7934902,0.66380864,-0.23995657,-0.8432271,0.3603482,0.29213464,-2.5721195,-2.7756872,-2.2454245,-0.4781816,0.28428963,0.52064556,-2.0278676,0.8712967,-0.12501785,-2.0448835,-0.6049304,-0.37826073,-0.5865018,0.06300135,calm,1,c:\Users\Kacpiro Recenzje\Desktop\Studia\XAI_2026\data\raw\Actor_05\03-01-02-01-01-01-05.wav
-334.51852,106.2788,11.509696,29.121773,13.559451,8.665228,-1.9189148,3.0191338,-1.2013574,-2.529187,5.1000977,0.34142363,0.38496658,5.8349357,-1.2595328,-1.9070458,-1.3988568,1.4843577,3.638858,-4.18946,-1.1038368,1.0147792,0.16541147,1.3020729,-0.5276513,0.069935694,-1.7151289,-3.408996,-2.1527464,0.35132438,0.510661,0.6119754,-2.010342,0.034699947,1.2861047,-2.0002463,-1.8435088,-1.1359376,-1.2916114,-1.0029944,calm,1,c:\Users\Kacpiro Recenzje\Desktop\Studia\XAI_2026\data\raw\Actor_05\03-01-02-01-01-02-05.wav
-335.06744,112.942635,8.985746,29.743118,6.132134,8.890871,-2.0778434,3.1369236,-3.5932014,-6.245844,0.7376206,2.286316,4.484617,1.2216719,-0.004209478,-1.4862711,-1.6470616,1.0743393,0.20008022,-4.095605,-2.4007711,1.0790187,-0.27256197,-0.3569555,-1.8177235,-0.89501923,-1.6465918,-4.669507,-1.8385365,-1.9550612,-1.3432094,0.80596554,-2.9726646,0.2451136,0.01331654,-2.086644,-1.9914663,-0.111762114,-0.032779314,-1.5845377,calm,1,c:\Users\Kacpiro Recenzje\Desktop\Studia\XAI_2026\data\raw\Actor_05\03-01-02-01-02-01-05.wav
-330.29822,116.19541,7.963836,31.432617,-0.35285333,8.787227,-1.8369215,1.7944514,-5.677572,-4.7923985,-1.3387012,1.7950623,3.602469,0.5061636,-2.226569,-1.7408464,-3.387483,-0.5611531,1.9753911,-5.166456,-2.8048654,1.3802875,-1.2767152,-0.92636454,-3.786275,-0.75915307,-1.5968138,-6.061172,-1.0647279,-2.455336,-1.5635271,3.0220513,-2.8083951,0.6831855,-0.43709007,-1.0385501,-1.2713194,-0.9943293,-0.027318386,-1.1995386,calm,1,c:\Users\Kacpiro Recenzje\Desktop\Studia\XAI_2026\data\raw\Actor_05\03-01-02-01-02-02-05.wav
-250.74573,116.19233,2.3137524,30.758963,10.862302,15.115213,-6.0746245,4.260417,-4.6482334,1.8461808,0.20723064,0.7651223,1.459297,4.49781,-2.9601102,-2.5231047,-0.48520806,-0.8298028,0.8331727,-3.7502658,-1.2700331,0.67725456,-0.7247123,1.3347694,-3.9619427,0.20035307,-1.2617029,-5.4298625,-2.6931658,0.9275181,-1.4939597,-1.7040206,-2.6455514,1.6925665,0.84724754,-3.7199457,-2.3102946,0.25209755,-1.3334205,0.00838576,calm,1,c:\Users\Kacpiro Recenzje\Desktop\Studia\XAI_2026\data\raw\Actor_05\03-01-02-02-01-01-05.wav
-338.86404,98.85504,12.13547,29.333582,12.418877,11.443133,0.8617205,0.7663736,-2.2824938,-3.3402288,5.096114,4.3324957,4.8438263,4.9151697,-1.787028,-0.111616366,-0.5483564,0.17016429,0.54114515,-2.9911032,0.34597412,0.51180553,0.33510134,-0.13110998,-2.229406,1.411326,0.36237276,-4.0932918,-2.477329,1.1005594,-0.63361025,-0.43202215,-2.168065,0.47426036,2.6505992,-1.8170705,-1.9663363,0.057627305,-1.2392583,-1.5104316,calm,1,c:\Users\Kacpiro Recenzje\Desktop\Studia\XAI_2026\data\raw\Actor_05\03-01-02-02-01-02-05.wav
-281.0622,118.030365,8.96719,40.96026,8.957065,11.451728,-6.7077446,3.0686364,-1.6392541,-5.555226,2.6670296,4.606629,2.3457906,1.3659843,-0.35036194,-6.6601963,-5.1598473,1.553467,2.221085,-8.483636,-1.2795893,2.2717948,-3.382332,-1.7579125,-1.7471298,-0.8410168,-4.2203336,-4.926995,-0.7310182,-3.9790454,-2.7931929,-0.034149334,-3.8213682,1.9964241,-0.8015747,-2.4126952,-3.2940183,-2.1094515,0.62611383,-3.5084016,calm,1,c:\Users\Kacpiro Recenzje\Desktop\Studia\XAI_2026\data\raw\Actor_05\03-01-02-02-02-01-05.wav
-338.74017,101.36351,14.427909,37.951973,12.859668,14.3034115,-2.8707786,4.069882,-2.984187,-7.664478,5.9737163,4.7663794,3.4714222,1.9353993,-0.8406358,-3.442822,-3.2457426,1.887617,1.3095297,-4.696233,-1.5402726,0.702413,-0.11942313,-0.7184944,-1.9827456,1.3661145,-1.0467943,-3.6739018,-1.155801,-1.0199403,-0.9373185,-1.6847168,-3.0085588,1.2638701,1.4623474,-2.471784,-3.519739,-1.0140197,0.43224663,-0.8689441,calm,1,c:\Users\Kacpiro Recenzje\Desktop\Studia\XAI_2026\data\raw\Actor_05\03-01-02-02-02-02-05.wav
-382.86163,108.44234,2.6999884,21.444307,6.510758,16.78807,-3.8628194,2.3541818,-1.5147084,-3.5077138,-11.436107,-4.36691,4.551118,1.592395,-7.630922,0.4723845,-0.72086775,-1.4427613,-0.035463806,-2.6728888,-3.1114526,-2.3211818,-0.81251335,-0.9286378,-4.187369,-0.5956786,-1.7915175,-2.665503,-1.7462137,-2.195327,-0.90672344,-0.4201995,-3.205388,1.1688203,-0.8043432,-1.4414145,0.78410536,-1.5368121,-2.593019,-1.2362953,happy,4,c:\Users\Kacpiro Recenzje\Desktop\Studia\XAI_2026\data\raw\Actor_05\03-01-03-01-01-01-05.wav
-416.66653,83.41056,2.825804,11.699565,9.343189,14.772811,-2.0495155,2.276978,0.8128754,0.04355205,-3.8750648,0.23973982,3.7863946,1.3972101,-2.894002,0.37649682,0.040451698,-0.7794635,0.75462127,0.5091112,-1.9399536,-1.1785038,1.8266009,0.9526407,-2.6200778,-0.71759146,-0.33623683,-2.00869,-2.5620368,-1.0143414,0.803488,-0.14686446,-1.6626334,1.1755363,-0.80474305,-1.2549549,0.9021644,-1.0543083,-1.8002142,-0.5140052,happy,4,c:\Users\Kacpiro Recenzje\Desktop\Studia\XAI_2026\data\raw\Actor_05\03-01-03-01-01-02-05.wav
-374.0173,74.5078,5.710828,18.182007,5.953883,12.87092,-3.6745617,3.3815112,-2.0742342,-3.1785047,-2.1494768,-0.40538123,1.6166669,0.5641864,-3.0823507,-0.2064961,-1.8572452,-1.4316384,1.4865326,-0.5640382,-2.3586452,-0.921269,1.8007742,1.813867,-1.9555383,-0.41099885,-0.28926829,-1.219588,0.10814529,-1.5660529,0.6802444,1.7143861,-0.848259,0.0232571,0.43036103,-0.32371944,0.6098236,-0.2573885,-1.2683641,0.70632696,happy,4,c:\Users\Kacpiro Recenzje\Desktop\Studia\XAI_2026\data\raw\Actor_05\03-01-03-01-02-01-05.wav
-345.65796,102.339554,2.623645,14.1658125,4.75552,8.636105,-6.759265,-0.54099053,-4.196509,-6.613799,-7.5284796,-1.6640137,2.6921751,-0.96431607,-5.290207,0.80862707,-3.225581,-2.050973,-0.77099276,-3.9765663,-4.765332,-2.1370769,0.85820884,-2.5664868,-5.792262,-1.3585547,-3.4100766,-5.1590223,-3.2421393,-2.6914787,-1.502999,-1.8408543,-3.2235472,-0.76598155,-2.4554536,-3.149623,-0.84247774,-3.3188179,-3.1585095,-1.250091,happy,4,c:\Users\Kacpiro Recenzje\Desktop\Studia\XAI_2026\data\raw\Actor_05\03-01-03-01-02-02-05.wav
-311.80225,93.00054,0.312829,19.184519,-3.334701,5.8713493,-7.8012905,-0.40883225,-7.789292,-3.4865992,-12.689043,-8.605906,-0.27098474,-1.9250666,-10.712425,-2.057332,-1.122491,-1.5130358,-1.78767,-6.0323243,-4.7816687,-3.5755365,-3.665531,-0.2728832,-4.0407662,-2.6893263,-2.4580743,-0.4311716,0.24233475,1.5497117,4.0835333,4.1732736,1.5557554,4.9772077,3.2134528,2.1725745,4.6614842,4.83923,2.9875755,3.0961106,happy,4,c:\Users\Kacpiro Recenzje\Desktop\Studia\XAI_2026\data\raw\Actor_05\03-01-03-02-01-01-05.wav
-339.7202,100.24791,-9.869795,5.0450087,-3.7154462,10.488731,-7.7346354,-4.233115,-6.9954686,-2.8078396,-14.443873,-7.044445,3.5504913,-0.7231895,-9.98821,1.8824917,0.91713685,-2.494589,-1.8795129,-3.256008,-4.1129446,-3.6534615,-4.1692796,-1.796897,-5.236058,-1.8248345,-0.29132783,1.2905948,-0.26945892,3.5592687,4.1369677,3.106688,0.9598419,5.6120515,4.6304297,3.44375,6.2262526,5.7081437,2.681618,1.9108423,happy,4,c:\Users\Kacpiro Recenzje\Desktop\Studia\XAI_2026\data\raw\Actor_05\03-01-03-02-01-02-05.wav
-366.5579,88.340164,-3.088977,11.03044,-0.17692198,8.849492,-6.251244,-5.090696,-5.8518066,-8.989542,-15.184082,-5.941497,2.2131774,-2.3685186,-9.482815,-1.6074811,-1.1822966,-2.8026803,-2.0310473,-2.559678,-5.3924117,-4.0228863,-2.280251,-0.935385,-5.9736667,-2.898562,-2.0279167,-4.254404,-4.486044,-3.4730318,0.16743042,0.3165438,-1.6012228,3.5500662,1.6456666,1.4146357,3.0742872,1.2714597,-0.9740841,1.7747469,happy,4,c:\Users\Kacpiro Recenzje\Desktop\Studia\XAI_2026\data\raw\Actor_05\03-01-03-02-02-01-05.wav
-401.36588,65.33819,-1.3130798,11.349159,-2.078244,7.455975,-4.7134194,-0.8039709,-4.8162737,-3.5012558,-9.025357,-8.435627,0.82122594,-1.2490512,-7.726831,-1.7733332,-0.99258155,-1.5925894,-1.636452,-2.676922,-3.4656756,-4.491611,-1.6860654,-0.06861466,-5.4400754,-4.879984,-2.474456,-3.8419406,-3.9076538,-1.436096,0.9719789,2.1483407,0.98040265,4.659028,4.3954296,4.3070335,5.864384,4.176552,3.09153,3.8077297,happy,4,c:\Users\Kacpiro Recenzje\Desktop\Studia\XAI_2026\data\raw\Actor_05\03-01-03-02-02-02-05.wav
-368.93973,84.55873,18.66909,20.9483,12.342502,15.443763,-0.45345876,7.5110226,-1.769817,-3.2058287,3.6001468,3.113285,0.73355883,4.187434,2.8421602,0.018121922,0.3404255,2.3173628,4.149,-1.2834061,2.9792576,1.1097972,0.81013876,3.4649293,-2.2756689,0.0057842713,-0.8451826,0.018290987,0.9348216,-1.5091605,1.8192954,2.0145082,-0.41470438,0.6437538,1.7078828,-0.2943853,0.40992126,1.3725607,0.38222325,0.010790885,sad,6,c:\Users\Kacpiro Recenzje\Desktop\Studia\XAI_2026\data\raw\Actor_05\03-01-04-01-01-01-05.wav
-353.76874,97.51934,8.526838,22.367664,11.973119,15.735005,-4.0089297,5.3523674,-1.3175777,-3.9939804,1.9808313,2.7482245,1.8783551,1.6751444,0.5663705,-1.5721765,-1.5158001,0.23662736,1.7492996,-1.338557,0.65431476,0.03847347,0.93943506,2.4784567,-2.8561304,0.02205988,-0.80637896,-3.4082613,-1.0235128,-1.1430486,1.2854797,3.613985,0.69707483,-1.8522848,0.9941363,0.6218904,-0.6557247,1.4186829,-0.3953846,-1.1209152,sad,6,c:\Users\Kacpiro Recenzje\Desktop\Studia\XAI_2026\data\raw\Actor_05\03-01-04-01-01-02-05.wav
-356.9856,75.12701,13.535987,19.772617,8.6236925,16.28603,1.1829407,6.4731083,-1.5181291,-3.8901696,-0.43661544,4.900008,3.3170378,2.167619,-1.2792975,-0.5863681,1.4486971,1.2685652,5.1434517,-0.45551684,0.5405766,1.5355314,2.2219937,2.9834526,-2.1959357,0.6546089,-0.013695953,-0.74456626,1.0433781,0.5111997,0.57434833,2.1032076,0.13556866,-0.7837398,1.2614433,0.3727847,1.230979,2.1718442,0.47697374,-0.12942283,sad,6,c:\Users\Kacpiro Recenzje\Desktop\Studia\XAI_2026\data\raw\Actor_05\03-01-04-01-02-01-05.wav
-332.91782,99.40035,16.952345,25.778801,9.412657,15.605477,-5.2646027,7.1256547,-2.8154345,-5.2850375,0.58356136,4.838812,2.3663783,3.3177044,-1.5276427,-0.7149758,-0.7000659,-0.5473648,3.0447924,-3.975073,0.28147098,1.198976,0.38680357,2.035099,-3.5109053,-0.3015791,-2.2283952,-3.3199472,-0.5027269,-1.5960319,-1.1189017,1.8413991,-0.7725068,-2.4578838,1.5456554,-0.8072738,-0.04063102,1.6030161,-1.6982497,-0.83514667,sad,6,c:\Users\Kacpiro Recenzje\Desktop\Studia\XAI_2026\data\raw\Actor_05\03-01-04-01-02-02-05.wav
-382.89236,91.73716,13.641672,22.50095,9.805756,15.43829,-4.7681985,4.9528785,-4.389219,-0.19274172,-1.3366493,-0.6345188,0.49902517,0.53821105,-2.5440404,-1.2294524,1.2538201,0.020117901,2.7501848,0.46458024,-2.6111042,1.4052382,-0.03981321,0.049883526,-1.9048951,-1.2397407,-2.9365468,-2.0703652,-0.022084365,-1.0215999,0.60465854,2.0944579,-1.6750787,-1.8610569,1.8951466,0.32660216,-0.3574527,0.7446293,-1.4854431,1.0851204,sad,6,c:\Users\Kacpiro Recenzje\Desktop\Studia\XAI_2026\data\raw\Actor_05\03-01-04-02-01-01-05.wav
-376.03024,87.004486,9.061622,18.565004,14.9033375,17.620264,-0.2503382,2.6437426,-4.6407666,1.1548975,0.2768257,-0.5191024,3.6924322,-0.19175601,-1.1142446,-0.7768799,0.76825285,0.54203355,1.0861684,2.4765353,-0.9361333,-0.040996417,2.1814122,-0.10109835,-1.7146221,-0.8306906,-3.4621236,-1.4144208,-0.034630593,-1.0767838,-0.054893874,2.7832763,-0.88377476,-1.9132746,1.2353216,0.5435056,1.7265599,1.0455171,-2.1552727,-0.40057123,sad,6,c:\Users\Kacpiro Recenzje\Desktop\Studia\XAI_2026\data\raw\Actor_05\03-01-04-02-01-02-05.wav
-411.4771,67.30002,4.9240704,17.253727,9.760398,10.773573,-2.1034932,2.505217,-2.7134972,-1.0388978,-0.20181556,-1.0212483,2.7370336,0.43301758,-2.5448754,-0.64243495,0.3611041,0.7503655,4.057223,2.0461228,-1.6337231,0.3063551,1.8298842,1.1227573,0.38654864,-0.8129912,-0.659085,-0.9974089,-0.20415783,-0.79403675,-1.017047,1.7055023,-1.2293922,-1.5839677,1.155546,-0.22318795,0.738277,0.43342313,-1.1318269,0.37803057,sad,6,c:\Users\Kacpiro Recenzje\Desktop\Studia\XAI_2026\data\raw\Actor_05\03-01-04-02-02-01-05.wav
-421.17282,79.245674,5.679066,14.401678,9.831365,13.300184,-0.3613201,2.0126607,-1.0885043,-2.432893,-2.0015433,-0.28466192,3.7821481,1.4150038,-1.5052997,-1.2097865,0.6604576,0.14831056,4.3511124,2.155163,-2.8979092,-1.757562,-0.0062352717,2.590168,0.38816282,-0.943057,-1.369045,-3.4104133,0.9705988,0.067194186,-0.04336104,3.1170657,-1.0720817,-1.5267055,1.766416,0.9981813,1.9049702,1.007658,-1.9281975,0.29406604,sad,6,c:\Users\Kacpiro Recenzje\Desktop\Studia\XAI_2026\data\raw\Actor_05\03-01-04-02-02-02-05.wav
-390.91235,99.3805,-11.451655,4.392613,1.9934701,14.625391,-18.644758,-3.4804208,-2.5317478,-3.6025083,-7.8121114,-5.076029,0.18288194,0.77159965,-7.051317,1.1067425,-2.3722427,-5.2557864,-0.07051898,-0.97930497,-5.8699765,-3.0788233,-2.2773333,-1.1732169,-3.567778,-2.9480348,-2.8144743,-3.9329033,-3.8897934,0.14775182,-0.63907826,1.6106122,0.65226483,1.5526088,1.3592254,1.0953339,1.292432,0.6257818,0.12861368,-0.85782844,angry,0,c:\Users\Kacpiro Recenzje\Desktop\Studia\XAI_2026\data\raw\Actor_05\03-01-05-01-01-01-05.wav
-397.956,91.78743,-6.7850122,16.008348,6.6881127,16.432821,-15.815211,-0.9521766,-1.2555078,1.4635079,-4.211858,-2.827986,1.1812649,1.3560816,-3.4548268,1.4508656,0.4376686,-1.4984417,-0.0710756,-0.3629068,-3.5400574,-1.3676556,-1.2124335,0.41702914,-3.8996124,-0.6539089,-2.7177942,-2.0344045,-1.6204462,-1.4134874,-1.3437135,-0.4483674,-0.99628294,0.3505119,-0.17122364,0.15384333,0.7961315,0.43085852,-0.996337,1.3260243,angry,0,c:\Users\Kacpiro Recenzje\Desktop\Studia\XAI_2026\data\raw\Actor_05\03-01-05-01-01-02-05.wav
-306.3382,122.50051,12.432072,18.861444,1.1797198,21.045164,-17.300543,5.4744935,-4.280618,-6.7775545,-4.845954,0.2315024,4.3739014,-1.00642,2.7873936,1.8854742,-2.4305086,-4.988517,2.0892503,-3.7542925,-5.420481,-0.68158084,-1.976804,0.7652303,-5.6713815,-3.2452748,-1.8445863,-4.104629,-0.7186963,-2.5619326,0.13103393,0.27319235,-3.1773505,-0.031963754,-2.160339,-0.25773296,1.0219651,-2.5001884,-1.089537,-0.27958134,angry,0,c:\Users\Kacpiro Recenzje\Desktop\Studia\XAI_2026\data\raw\Actor_05\03-01-05-01-02-01-05.wav
-268.07892,122.68115,-0.82679564,19.794071,3.632286,16.184614,-21.7825,5.0138807,-3.4702988,-7.62355,-5.100142,-3.4634798,-1.1000297,2.5897872,-3.02602,-2.8808465,0.39136565,-3.4496758,-1.8458408,-4.921022,-6.3804145,-2.1353805,-3.1794631,-0.5875616,-7.70485,-2.7769487,-0.44124365,-4.7010965,-5.525177,-0.39537546,-2.0090182,-1.2836407,-0.9542994,-0.44752368,-1.323321,-0.9913163,1.1787913,-1.9963074,-2.3804007,0.36076176,angry,0,c:\Users\Kacpiro Recenzje\Desktop\Studia\XAI_2026\data\raw\Actor_05\03-01-05-01-02-02-05.wav
-333.9212,60.8166,-19.598064,1.0013075,-4.2147846,6.476086,-13.940293,-7.308374,-7.2363863,-0.6239796,-10.353028,-4.7977023,0.61905444,-1.9727528,-4.9836597,-1.4979062,-2.5852993,-4.827087,-5.054725,-2.636983,-5.0411124,-4.328556,0.44854957,-0.83301646,-1.95022,2.073294,2.1869621,3.1640737,1.1920718,1.0115008,2.94984,1.8424029,-0.042291086,1.6768887,0.39411086,1.8391997,1.6897178,0.9095264,1.4914218,1.6410091,angry,0,c:\Users\Kacpiro Recenzje\Desktop\Studia\XAI_2026\data\raw\Actor_05\03-01-05-02-01-01-05.wav
-370.3343,67.46885,-14.242709,8.454793,-3.4008565,9.186655,-15.407685,-2.6650317,-8.467739,0.10388746,-8.363009,-4.8108263,0.07308484,-0.66736686,-5.4060273,0.33308366,-2.8549883,-3.6401882,-3.56773,0.98899525,-4.915793,-3.5649033,1.4938172,2.0258148,-1.9787107,4.761408,1.6780282,2.0280843,1.2337054,2.533116,2.2858047,5.756953,2.6158187,2.5083597,2.6371906,2.455569,2.3670995,3.4360416,1.8925563,2.1734183,angry,0,c:\Users\Kacpiro Recenzje\Desktop\Studia\XAI_2026\data\raw\Actor_05\03-01-05-02-01-02-05.wav
-349.9406,55.78819,-14.388415,3.307103,-9.661145,8.4424,-13.580073,-10.537848,-7.932719,-1.1591109,-11.2653,-8.160152,3.23236,1.7183541,-4.79346,-2.579593,-3.2559729,-2.5537398,-5.0769415,-3.955266,-3.7394738,-1.2740104,0.953591,4.0888343,0.8624202,1.7025334,0.39506465,1.976373,-1.3306822,-0.89325804,2.2856927,2.9354963,0.94551206,0.46376806,-0.58804,-0.16392079,1.802155,1.741532,2.8925729,2.1222827,angry,0,c:\Users\Kacpiro Recenzje\Desktop\Studia\XAI_2026\data\raw\Actor_05\03-01-05-02-02-01-05.wav
-344.805,58.844707,-18.974918,1.1267904,-11.682306,7.4275265,-15.351251,-8.452314,-7.30711,0.45639583,-14.225387,-11.170564,3.6859093,-0.0012818465,-5.1816745,-1.6917043,-2.7455504,-0.7970854,-6.7548018,-4.520637,-1.456417,0.49975717,0.62955016,4.275282,1.2617304,-0.044749226,-1.0749484,2.4244752,0.69710964,1.0303079,4.1860576,4.707963,-0.040584996,0.6122621,1.5424209,0.14846334,1.0967809,2.5253305,0.17552942,-0.17093875,angry,0,c:\Users\Kacpiro Recenzje\Desktop\Studia\XAI_2026\data\raw\Actor_05\03-01-05-02-02-02-05.wav
-425.54095,71.06081,0.4322564,14.948253,1.1245178,10.204558,-8.514218,0.27513632,-3.465129,0.23658438,-0.62656844,-1.1486907,-1.0954473,0.33884794,-2.0090072,-2.2738924,-1.3909618,-0.11864515,-0.47616127,-1.8421947,1.7298926,1.3010226,-0.68205196,1.4183887,-1.0402733,-3.5714843,-1.8718437,-0.71375626,-0.4220962,-1.1876968,-1.5429553,0.5877761,-1.4886955,-1.1906109,0.4087157,0.06409936,1.2479311,0.4067841,0.13046935,1.0033534,fear,3,c:\Users\Kacpiro Recenzje\Desktop\Studia\XAI_2026\data\raw\Actor_05\03-01-06-01-01-01-05.wav
-410.49008,72.01362,2.5547836,15.105192,4.362927,12.889119,-7.829898,1.2187251,-3.7644122,-2.1470995,-1.9403691,-1.0536921,-0.6573667,0.22583641,-2.004611,-2.6753974,-1.8933148,-1.4501895,0.31261724,-2.480792,-0.3042971,1.2874024,-0.9849899,-0.33057937,-1.4530001,-2.2205431,-2.4521143,-1.3464408,-1.9426278,-2.6343575,-0.45495093,0.9640856,-2.138132,-0.8923376,0.08887709,-1.3324089,0.17322734,-0.9193841,-1.4682796,-0.51967734,fear,3,c:\Users\Kacpiro Recenzje\Desktop\Studia\XAI_2026\data\raw\Actor_05\03-01-06-01-01-02-05.wav
-410.6604,77.34818,5.213875,18.036743,6.6467223,12.862383,-4.208925,3.3199904,-2.1323266,-0.5665876,-1.1035475,3.3777554,1.103383,2.9702718,-1.2486355,-0.55420774,-1.1618913,0.9355841,4.482635,-0.5133858,0.023391994,1.3840231,0.32989025,2.5668085,-1.205715,-0.87444866,-1.4339182,-0.26806363,-0.009029036,-0.36584333,0.73666763,1.9091688,-0.63998777,0.048713792,1.8536667,0.12680207,1.0332569,-0.81697375,-1.0372814,0.982545,fear,3,c:\Users\Kacpiro Recenzje\Desktop\Studia\XAI_2026\data\raw\Actor_05\03-01-06-01-02-01-05.wav
-443.3258,67.30779,2.3817434,10.226249,3.751125,8.621702,-8.965304,0.21968457,-4.288304,-1.8302703,-3.9816625,-1.7376496,-0.8320773,-0.004206448,-2.2791388,-1.2807732,-1.47673,-2.09465,0.9997305,-1.2427316,-1.3513327,0.49485826,-0.49512434,-0.0524134,-1.2309611,-2.4912364,-2.9290736,-0.74144304,-0.7497724,-1.619087,-0.021475907,0.83932024,-1.5821608,-0.88951343,-0.037515085,-1.1004177,0.43611968,-1.1501685,-1.2867471,-0.45392495,fear,3,c:\Users\Kacpiro Recenzje\Desktop\Studia\XAI_2026\data\raw\Actor_05\03-01-06-01-02-02-05.wav
-370.79776,56.17387,-15.070607,1.3962855,-6.9251337,5.864994,-10.973374,-4.687333,-11.786589,-3.4688692,-7.372175,-5.987191,-2.368446,0.24189164,-6.412175,-2.1917884,-2.9662318,-3.0241516,-1.4949155,-1.3004218,-2.4798143,0.21064076,2.2922034,3.5003386,2.3115919,3.209098,1.9109885,4.215011,3.12904,3.558319,3.4334261,6.061568,2.9370134,2.7204037,3.7111466,2.9367082,4.279525,4.743619,2.888026,3.3332255,fear,3,c:\Users\Kacpiro Recenzje\Desktop\Studia\XAI_2026\data\raw\Actor_05\03-01-06-02-01-01-05.wav
-326.2134,83.63708,-24.98209,3.9542894,-6.5813417,6.800741,-14.303906,-5.5032787,-17.569073,-5.587534,-10.281821,-8.069389,-0.6273996,-0.56557,-10.237497,-2.062015,-2.7082195,-6.1234756,-3.3567102,-1.2410319,-5.8851495,-5.201272,-1.1769269,-0.52840334,-4.3783917,-1.2593215,-3.8239055,1.9759818,1.3405051,3.7695026,6.2129087,9.4695,4.748618,7.0983725,7.771984,4.841419,3.1499763,4.354226,3.2872074,2.7656562,fear,3,c:\Users\Kacpiro Recenzje\Desktop\Studia\XAI_2026\data\raw\Actor_05\03-01-06-02-01-02-05.wav
-409.09805,53.139847,-11.899217,7.497129,-2.636558,7.7611475,-10.9602585,-3.791193,-6.5429435,-3.6460588,-10.865549,-8.012845,-0.084742226,-1.7152033,-6.498899,-3.6652853,-2.8088417,-4.5983496,-4.455993,-2.1562064,-5.7130637,-5.540399,-1.7479527,-2.1239972,-5.037084,-2.8546221,-3.1802003,1.4741476,1.1155479,1.5714202,3.5664568,7.4933796,3.7675383,4.0971503,5.737521,2.429819,2.6490858,2.2510207,0.05273513,2.7628148,fear,3,c:\Users\Kacpiro Recenzje\Desktop\Studia\XAI_2026\data\raw\Actor_05\03-01-06-02-02-01-05.wav
-359.5964,63.83282,-13.597225,3.852513,-6.380403,5.039878,-10.793637,-4.3589363,-13.142557,-5.844015,-8.966403,-10.500194,-2.428256,-2.1063845,-9.385094,-5.0718493,-3.610123,-5.7825303,-5.304314,-5.702115,-7.0566087,-6.68839,-3.431342,0.39450815,0.7615997,3.1977427,5.5824084,9.268729,7.165554,6.50635,5.618317,4.606659,2.601192,0.5338752,0.26757094,2.508216,2.1765254,3.05296,2.3452659,2.0957406,fear,3,c:\Users\Kacpiro Recenzje\Desktop\Studia\XAI_2026\data\raw\Actor_05\03-01-06-02-02-02-05.wav
-347.3612,96.797195,4.023405,29.22454,6.643612,12.478135,-8.048493,4.192248,-1.3827413,-2.4252117,1.8793802,0.15089102,5.6673307,5.1087894,-1.8354524,1.2449408,-0.79039425,3.287041,2.0697637,-2.0626411,-0.34971985,0.5146203,-0.5135133,-0.03532239,-1.7604226,0.06094869,-2.4386258,-2.698736,-1.4578161,-0.5077722,0.39005902,1.7686627,-2.964381,0.18474925,1.206354,-1.4225894,0.4853485,1.1800067,-0.5185937,0.08543207,disgust,2,c:\Users\Kacpiro Recenzje\Desktop\Studia\XAI_2026\data\raw\Actor_05\03-01-07-01-01-01-05.wav
-359.75052,82.04173,-0.8119849,25.169579,3.0820687,9.31232,-10.204961,1.9598606,0.0016944831,0.8598108,1.6731225,1.0190094,5.8489766,4.875797,-0.7398816,0.6704716,-0.6111107,2.6062756,0.9397486,-3.4544501,0.7757571,-0.98389906,-0.93642604,1.6811041,-1.9417948,-1.276408,-3.1483622,-1.3988804,-1.972061,-1.552276,-1.6424679,0.73095655,-3.6447303,-2.200336,2.4412768,0.19581872,-0.77011055,1.1621746,-1.437049,-0.48744214,disgust,2,c:\Users\Kacpiro Recenzje\Desktop\Studia\XAI_2026\data\raw\Actor_05\03-01-07-01-01-02-05.wav
-335.73505,93.03524,0.9993485,29.808475,-3.4351323,14.529422,-9.720578,7.457246,-1.2467986,-6.8923264,0.05654193,-0.6612233,5.9720874,5.7790227,-1.8194907,1.5852921,0.85947996,0.44110557,3.0113072,-4.2023206,-0.37849352,-0.46448267,0.5468245,3.2113838,-5.4561186,-0.1644238,-1.556106,-2.6168911,-2.2288713,-2.6941674,0.769158,1.7075298,-3.4504602,-0.75278854,1.9852871,-0.53293496,-0.19411375,0.35026494,-0.7849133,-0.7475465,disgust,2,c:\Users\Kacpiro Recenzje\Desktop\Studia\XAI_2026\data\raw\Actor_05\03-01-07-01-02-01-05.wav
-391.0901,74.49887,7.398843,21.635344,1.3492503,8.835769,-5.944209,4.866768,-2.573852,-5.3933525,-1.6533266,-0.41949204,2.7732167,2.2738438,-1.8990805,0.14297402,-1.9232526,0.15737769,2.4122736,-3.7231727,-0.068801664,-1.6091005,-1.1135724,1.9788654,-2.4525223,-0.7292522,-3.295319,-1.9215164,-2.2735357,-3.4578652,0.37193072,1.6725304,-2.0178552,-1.4925708,1.2954799,0.16082561,0.1353099,-0.26483884,-1.0877776,-0.10786568,disgust,2,c:\Users\Kacpiro Recenzje\Desktop\Studia\XAI_2026\data\raw\Actor_05\03-01-07-01-02-02-05.wav
-300.9086,100.058525,4.982531,24.614775,3.2270765,8.621061,-18.84644,6.593175,-9.916731,-1.084378,-2.2496238,-4.2268796,-0.44149184,3.7235336,-1.3080386,-4.124147,-0.21391553,6.124459,-0.3268583,-5.019666,-1.2461725,-3.001869,-2.04653,-0.59651107,-2.933307,-1.8043865,-4.274605,-0.2355971,-4.4799757,-2.4422326,0.25839168,-1.3366232,-5.1148024,0.6367617,-0.59993947,-2.037066,-0.9851666,-1.1696453,0.037587564,-0.47032794,disgust,2,c:\Users\Kacpiro Recenzje\Desktop\Studia\XAI_2026\data\raw\Actor_05\03-01-07-02-01-01-05.wav
-319.42462,84.683426,0.46301097,18.840141,3.3410027,6.359389,-15.806831,-0.2508704,-6.2734237,-2.6079175,-4.4180355,-4.4976435,-5.113445,1.004389,-2.3530898,-3.653462,-1.3426341,1.7130368,-2.1406486,-3.0471556,-2.6659956,-3.96924,-2.5564,2.555162,-3.011371,-2.6402953,-2.2490711,-1.56752,-3.9922767,-1.9396875,-1.0336553,0.20930424,-3.1841888,-1.1483774,-1.4480945,-0.7303321,-1.1709454,0.0644445,0.061739765,1.1805124,disgust,2,c:\Users\Kacpiro Recenzje\Desktop\Studia\XAI_2026\data\raw\Actor_05\03-01-07-02-01-02-05.wav
-291.94604,95.810974,3.3396113,20.17278,-6.219592,9.234263,-14.847635,-3.6149821,-14.125931,-9.94389,-6.2607636,-6.756128,-5.2367992,-2.1636755,-2.9572148,-1.0696912,-2.2099986,-2.628618,-1.3880926,-3.354706,-2.327227,-5.368436,-2.389347,0.006465398,-5.5909634,0.17205194,-3.3929493,-2.5828605,-3.318464,-6.5466533,-0.98315084,0.42384365,-7.69765,1.3661937,-1.3249257,-4.253511,-0.059648134,-3.4483542,-1.6222817,-0.23701088,disgust,2,c:\Users\Kacpiro Recenzje\Desktop\Studia\XAI_2026\data\raw\Actor_05\03-01-07-02-02-01-05.wav
-290.10907,122.36877,3.4220057,30.818308,-3.042091,7.058322,-16.922655,0.57175094,-7.4087987,-2.7239952,-1.7301103,-3.0928192,-5.8058414,1.9759699,0.62371963,-1.5893815,-3.6726594,0.10616946,0.81075615,-3.3657126,-4.944685,-7.350552,-2.8724954,0.35420963,-5.788453,-1.3065181,-3.086928,-2.498708,-4.251602,-3.2127383,0.5894837,1.2573208,-4.458566,-0.24961044,-0.8618205,-1.2390163,-1.606933,1.0399902,-2.9252558,-0.21295764,disgust,2,c:\Users\Kacpiro Recenzje\Desktop\Studia\XAI_2026\data\raw\Actor_05\03-01-07-02-02-02-05.wav
-377.11203,86.1456,1.0408238,17.231657,1.5910318,11.243583,-9.101804,-0.13819623,-4.2478876,-2.3846953,-3.7453275,-3.8908298,-1.0080779,-0.8757255,-5.7757454,-0.5713659,-1.8353873,-2.0143802,-0.8403691,-3.0057447,-3.588605,-1.6365865,-0.2722524,-2.289268,-3.055684,-0.4956573,-2.3859599,-3.1064675,-1.3296891,0.17642666,1.333377,2.2102866,-1.3202262,-0.07450981,-0.7024145,-1.3172021,0.14818624,0.90641224,0.7876459,1.5193319,surprise,7,c:\Users\Kacpiro Recenzje\Desktop\Studia\XAI_2026\data\raw\Actor_05\03-01-08-01-01-01-05.wav
-352.93338,90.16029,-2.8662965,11.592953,1.6811832,9.811213,-14.78094,-1.7404854,-3.4632454,-4.6511455,-6.2936964,-5.958491,-1.7525963,-2.4224043,-5.5320783,-0.18148595,-2.4535475,-3.2550366,-0.4346569,-2.127934,-4.296793,-3.3497608,-0.2624386,-2.602945,-4.3526306,-1.7093335,-2.4829512,-3.2833278,-1.7713835,-0.5710802,0.24153993,0.10310888,-1.6292623,0.3334114,-0.13300881,0.44680277,2.196962,1.1351008,1.061724,0.104356565,surprise,7,c:\Users\Kacpiro Recenzje\Desktop\Studia\XAI_2026\data\raw\Actor_05\03-01-08-01-01-02-05.wav
-423.0415,71.418076,-3.0896845,5.578435,3.1460114,9.488182,-12.22509,1.6256273,-2.0642037,-5.672081,-5.91062,-1.2114847,-1.5292414,-1.7484043,-1.9704083,0.6352577,-1.804764,-1.8462448,1.4582983,-1.6832426,-3.4757743,-1.992662,-0.004278575,-0.058333457,-1.7177595,-0.38577113,-1.627163,-2.6143856,-1.2186837,-1.0105933,-0.88035446,0.91832,-1.0222447,0.99461216,-0.3620122,-0.44509953,1.9459685,0.46840268,2.0770664,2.376251,surprise,7,c:\Users\Kacpiro Recenzje\Desktop\Studia\XAI_2026\data\raw\Actor_05\03-01-08-01-02-01-05.wav
-363.82193,84.879875,3.974573,15.408887,3.4378574,10.857957,-8.881559,0.6535558,-7.0732718,-7.041003,-6.227656,-4.206543,-1.5584198,-3.3210855,-6.143045,-3.1503897,-4.2894106,-2.1899555,-0.957769,-4.6672,-4.8741503,-4.651558,-3.1994133,-3.0883996,-4.8177023,-2.9121356,-4.3798556,-4.105866,-3.8125203,-2.7638736,-0.56903154,0.8729609,0.75486946,2.1289258,2.7532477,3.5394924,3.462581,0.7295632,0.8001183,1.1024321,surprise,7,c:\Users\Kacpiro Recenzje\Desktop\Studia\XAI_2026\data\raw\Actor_05\03-01-08-01-02-02-05.wav
-271.64938,77.95177,-3.7027462,28.543,-5.4847116,10.411734,-13.141451,5.261755,-10.139051,-3.2617388,-6.2762675,-5.6996064,-2.0878663,0.3403121,-10.121765,-4.629966,-3.5724874,-3.032359,-4.3371263,-5.6373925,-2.7188869,-4.7033477,-2.673419,0.38155025,-4.5491986,1.2907536,1.1958138,-0.11167818,-1.6346296,2.211784,1.4154865,0.75266653,0.9970516,2.7579532,0.33571318,2.4614701,1.1637952,1.0343833,0.05226671,0.46060836,surprise,7,c:\Users\Kacpiro Recenzje\Desktop\Studia\XAI_2026\data\raw\Actor_05\03-01-08-02-01-01-05.wav
-292.84216,91.378044,-2.1131718,20.091259,-8.593177,7.1642003,-15.062292,2.6679735,-8.30605,-0.14859118,-10.080253,-6.331616,0.45773256,-0.022031257,-9.558462,-3.0014696,-1.8331763,-3.075435,-3.2825236,-6.676882,-0.088532984,-0.9859943,0.31181857,4.845128,0.18480363,1.6617532,-0.49367598,-0.9874334,-2.9110541,1.3022232,1.8809222,1.0335441,0.55936545,2.8727028,1.1237856,2.3925233,1.5852606,-0.13641086,-1.1054071,0.84975284,surprise,7,c:\Users\Kacpiro Recenzje\Desktop\Studia\XAI_2026\data\raw\Actor_05\03-01-08-02-01-02-05.wav
-388.66214,71.103,-4.987506,11.135063,-4.5445437,5.9243526,-11.994504,-1.1884943,-8.788643,-5.9693213,-9.100985,-6.075428,1.2145877,-1.1900265,-6.925992,-2.2909582,-3.4546094,-3.7028697,-2.652805,-5.758317,-5.393841,-3.5512393,-0.51036334,-1.2844719,-5.158101,-2.5161464,-2.5248833,-3.25248,-2.243631,-0.4825267,0.52838135,1.6615865,1.2584645,1.4773138,-0.117515564,0.37766194,1.0286207,0.92689234,2.8323224,4.4181905,surprise,7,c:\Users\Kacpiro Recenzje\Desktop\Studia\XAI_2026\data\raw\Actor_05\03-01-08-02-02-01-05.wav
-368.11227,79.20465,2.3096344,14.916069,-3.8757865,9.437649,-12.877942,2.7876322,-6.9056187,-4.8294125,-9.465947,-6.626657,-1.5648528,-2.1350837,-8.385505,-4.066002,-3.1210508,-3.0561872,-1.717783,-5.304182,-4.3136415,-6.654746,-2.009366,-1.2598368,-6.8858547,-2.2736921,-2.0225043,-3.428023,-3.590667,0.5142467,0.58287007,0.63296485,2.1818078,3.8992898,1.8389347,3.3871202,3.5837867,0.10593674,0.19634426,0.7515947,surprise,7,c:\Users\Kacpiro Recenzje\Desktop\Studia\XAI_2026\data\raw\Actor_05\03-01-08-02-02-02-05.wav
-400.85074,80.29122,-17.191217,3.9347053,2.0169683,7.673545,-13.195947,-4.6103854,-7.2710776,-8.84271,-2.9147608,-1.4228706,-3.76231,-4.5371566,-4.3445096,-5.648428,-6.183472,-4.368754,-6.4490967,-2.735291,-5.4008155,-4.278445,-4.10741,-7.6662045,-5.1664057,1.0680823,-1.5788321,1.321521,0.1375621,-0.30604628,-0.2691805,-1.1157259,-0.6592199,-0.6092899,2.2607884,3.9835002,3.7648942,3.4262638,3.4430196,3.3465345,neutral,5,c:\Users\Kacpiro Recenzje\Desktop\Studia\XAI_2026\data\raw\Actor_06\03-01-01-01-01-01-06.wav
-350.11038,93.51082,-21.934519,8.1325035,5.435239,8.478781,-17.444838,-5.474734,-8.603519,-8.072679,-0.2178137,0.6528274,-3.7113483,-2.3384056,-2.8213012,-4.7826605,-3.508719,-3.177387,-5.8754935,-2.8913515,-5.429369,-5.720973,-4.763704,-6.042026,-5.6402354,1.5560678,-3.9451554,-1.3063009,0.2702723,-1.0935076,-1.6425712,0.073754385,1.22882,3.331134,4.73601,5.0759554,5.2752285,2.8818617,4.020095,4.062259,neutral,5,c:\Users\Kacpiro Recenzje\Desktop\Studia\XAI_2026\data\raw\Actor_06\03-01-01-01-01-02-06.wav
-402.47705,81.80948,-13.899514,10.40835,1.3027197,8.983279,-11.429845,-4.8998117,-8.09693,-8.109124,-1.0513935,-0.18767607,-2.8471944,-4.6243725,-0.83955216,-3.6214528,-5.8764043,-2.0056531,-5.710942,-1.8253838,-3.7152061,-4.233903,-3.218838,-4.97773,-3.2403421,-0.6333025,-5.243437,-2.8376238,-1.0573906,-0.46903634,-0.48770088,0.8676433,3.058448,4.042002,2.8375893,2.964698,1.6952884,1.4019041,4.1327586,6.5458794,neutral,5,c:\Users\Kacpiro Recenzje\Desktop\Studia\XAI_2026\data\raw\Actor_06\03-01-01-01-02-01-06.wav
-402.9153,88.25637,-16.153736,8.485592,0.9657264,8.75759,-13.489971,-5.7882233,-9.104282,-8.982547,-1.8510642,-0.90034544,-4.9229774,-5.570305,-1.9943783,-4.8286557,-5.2910953,-2.6764581,-5.822382,-3.0276103,-2.9054964,-5.185791,-4.800439,-5.576154,-4.3147664,-0.26398745,-4.776121,-2.9061353,-2.0904467,-2.5379417,-2.387335,-0.44019443,0.3818684,4.098269,3.8674984,4.9745507,4.8539734,1.8155217,4.0731225,4.1369743,neutral,5,c:\Users\Kacpiro Recenzje\Desktop\Studia\XAI_2026\data\raw\Actor_06\03-01-01-01-02-02-06.wav
-304.3984,84.336205,-10.252457,18.798267,-0.6051597,13.779617,-13.265901,-10.657782,-11.480926,-6.16787,-0.44625723,-2.56144,-4.8381,-6.2147756,-7.824746,-5.1908264,-3.8441586,-3.443735,-3.5301454,-4.064902,-8.138982,-3.499942,-4.5445676,-7.4192286,-7.1842313,-0.94077426,-7.025298,-5.8839693,-3.717981,-5.3690133,-3.3255174,-3.4176414,-1.442566,0.7832059,-0.7807485,1.9626815,0.33756563,0.3385033,1.6747221,3.4097104,calm,1,c:\Users\Kacpiro Recenzje\Desktop\Studia\XAI_2026\data\raw\Actor_06\03-01-02-01-01-01-06.wav
-289.12598,91.00465,-7.1542354,18.690702,-3.4651392,13.882714,-14.271345,-11.083202,-13.556462,-9.993869,-0.5048125,-4.3511257,-4.1851225,-5.8357143,-8.142769,-5.4777637,-5.1346927,-2.8686793,-4.7334437,-5.546643,-8.003066,-4.891764,-3.0911925,-6.8378906,-9.083743,-0.31504107,-6.3908257,-6.745182,-2.7390828,-7.047178,-2.5760605,-1.3040553,-1.1590077,1.0007563,-2.3218107,0.40822,-1.0501817,-2.3633673,0.45130447,3.8192165,calm,1,c:\Users\Kacpiro Recenzje\Desktop\Studia\XAI_2026\data\raw\Actor_06\03-01-02-01-01-02-06.wav
-251.18683,110.48578,-8.153348,16.467659,-7.172807,15.623887,-13.664003,-12.444415,-16.848272,-10.392398,-0.035622347,0.8885117,-3.209558,-8.334725,-6.4483294,-4.4772177,-6.395477,-5.238691,-4.3185687,-1.060008,-4.0305247,-4.5560436,-2.964984,-6.8484335,-5.917749,1.2299684,-5.73912,-4.7029686,-2.4840171,-5.8389244,-4.793567,-4.4590263,-4.226809,-1.8066483,-2.3634303,1.3921517,2.5592978,1.9521023,6.450026,6.998242,calm,1,c:\Users\Kacpiro Recenzje\Desktop\Studia\XAI_2026\data\raw\Actor_06\03-01-02-01-02-01-06.wav
-314.15387,108.621254,-4.2112556,13.888624,-12.984465,14.260254,-18.435106,-13.55024,-16.652489,-6.6793246,-0.6409777,-2.777806,-7.5084686,-8.144487,-2.3822362,-7.897048,-9.562575,-2.8716664,-4.0667734,-5.96289,-5.8223643,-4.8666778,-6.828682,-7.3960724,-5.936907,-2.8517516,-5.461542,-3.1349611,-5.7468896,-6.2494397,-5.811868,-5.3749323,-2.0867867,0.8674396,0.6407362,5.204132,3.3987837,1.1742783,2.9165347,1.2814392,calm,1,c:\Users\Kacpiro Recenzje\Desktop\Studia\XAI_2026\data\raw\Actor_06\03-01-02-01-02-02-06.wav
-317.0236,94.6647,-13.485215,18.015165,-0.5645485,11.217337,-18.880888,-8.819882,-12.002899,-5.247317,-0.72085875,-2.9149377,-7.058176,-2.3377512,-8.081632,-5.6114173,-5.112315,-5.5482283,-5.260945,-8.829015,-8.6570215,-6.323024,-4.884786,-9.43069,-9.9281845,-0.91258746,-9.803578,-5.812531,-2.3577142,-4.5986967,-2.6850212,-0.6926568,0.09438243,3.4872336,-1.7617322,0.039377633,-1.9689167,-1.9515485,1.4222538,4.345062,calm,1,c:\Users\Kacpiro Recenzje\Desktop\Studia\XAI_2026\data\raw\Actor_06\03-01-02-02-01-01-06.wav
-253.71288,101.36831,-8.444937,22.145117,-4.374613,13.257739,-18.32191,-5.489889,-11.22887,-6.4896216,0.38766024,-4.9633884,-3.9139366,-6.1640663,-8.39719,-4.698844,-3.898125,-2.9179363,-4.4181924,-5.773232,-8.1757765,-4.6840515,-5.0455365,-7.9035964,-7.116766,-0.978794,-10.896973,-5.9186387,-3.7752135,-6.82216,-4.984853,-2.465385,-1.4743261,2.3615043,-0.8242209,2.6960194,1.6136234,-1.1594537,2.173176,1.6052803,calm,1,c:\Users\Kacpiro Recenzje\Desktop\Studia\XAI_2026\data\raw\Actor_06\03-01-02-02-01-02-06.wav
-299.17908,98.19012,2.5483372,20.774555,-14.188631,12.452907,-17.698229,-7.92127,-16.906767,-11.459022,-2.5885446,-5.12157,-6.5672574,-9.301569,-7.947424,-8.371305,-9.2413225,-4.958785,-8.038436,-6.389937,-8.317716,-6.378689,-9.207593,-10.658715,-8.666714,-1.6898952,-9.10189,-5.5861583,-3.8579128,-8.065179,-6.652717,-6.0812316,-1.9370099,0.8263013,-0.21118943,4.2816505,2.9617362,1.3060108,4.4000797,4.4377036,calm,1,c:\Users\Kacpiro Recenzje\Desktop\Studia\XAI_2026\data\raw\Actor_06\03-01-02-02-02-01-06.wav
-255.86414,112.593475,1.7103804,19.741465,-12.235508,10.740506,-18.732965,-6.378735,-12.718544,-11.602011,-5.4353323,-4.698358,-0.75285894,-7.742578,-10.756825,-8.986955,-4.714452,-7.2328844,-8.260662,-7.4270678,-8.25027,-3.7474391,-5.525476,-8.672614,-10.546351,-1.6637412,-7.918366,-8.478959,-3.5154994,-5.446254,-6.8640723,-7.0873685,-4.5143332,-1.8541552,-2.9129298,-0.49818236,1.5807503,1.3631659,3.6070487,5.2035704,calm,1,c:\Users\Kacpiro Recenzje\Desktop\Studia\XAI_2026\data\raw\Actor_06\03-01-02-02-02-02-06.wav
-355.3041,106.945755,-34.09393,-5.384702,14.97076,4.606876,-24.591776,-13.355371,-12.121897,-10.407886,-1.3327314,0.4978689,-11.952168,-7.546689,-2.6655672,-3.5870807,-7.4977813,-0.27261162,-6.2655087,-7.9977317,-4.8083134,-3.2811809,-3.7865357,-6.51901,-0.80022174,2.5919244,-3.633802,-0.9911995,0.46061933,-2.132827,-1.8299977,0.7582274,1.0525519,4.3924427,4.2602644,6.9599767,7.0233355,5.8782253,8.159793,4.0255857,happy,4,c:\Users\Kacpiro Recenzje\Desktop\Studia\XAI_2026\data\raw\Actor_06\03-01-03-01-01-01-06.wav
-324.71295,94.45567,-50.76357,-13.124548,6.418389,3.134893,-26.584846,-14.080092,-12.819031,-17.187847,-6.393924,5.7743216,-12.915288,-11.967355,-0.54077256,-7.6110563,-10.965266,-1.7072464,-9.213167,-8.95835,-5.3350625,-1.7405002,-2.8122923,-5.771875,-3.4198124,1.1881969,-4.1614366,-1.6240574,0.23648287,-2.0515382,1.6644213,2.5673816,6.3932457,9.61606,6.3385067,6.2342744,1.7737004,0.7804609,4.6946206,1.4186991,happy,4,c:\Users\Kacpiro Recenzje\Desktop\Studia\XAI_2026\data\raw\Actor_06\03-01-03-01-01-02-06.wav
-374.20667,81.78324,-30.991648,-2.7112246,2.7173896,2.3135457,-20.031063,-8.350101,-12.025167,-13.278828,-2.068459,1.2990525,-11.701048,-7.3917875,-2.343507,-5.1776857,-10.983163,-3.0099487,-7.390729,-8.013273,-6.5190153,-2.2024732,-5.979499,-8.397338,-2.0795262,0.20931509,-5.7432837,1.3493693,2.6824431,0.76316327,2.8298419,3.99779,2.2225046,3.9151845,1.6401495,0.7200436,0.5619871,2.8344665,7.049172,5.93965,happy,4,c:\Users\Kacpiro Recenzje\Desktop\Studia\XAI_2026\data\raw\Actor_06\03-01-03-01-02-01-06.wav
-403.72302,73.4205,-24.74749,-6.990677,8.035302,3.7005277,-19.942411,-9.278448,-10.432463,-13.760699,-2.7930062,3.3937218,-8.766702,-7.9564695,-2.1267536,-3.3332791,-8.651477,-3.64986,-4.881141,-6.635909,-4.0671644,-2.4563982,-5.5709853,-9.782465,-2.4337254,1.9739844,-2.0206172,0.10976134,4.278688,3.5633965,2.501707,3.0745416,1.5370632,1.7500364,1.5672073,3.3067322,2.6529107,3.9377925,7.146932,3.7772636,happy,4,c:\Users\Kacpiro Recenzje\Desktop\Studia\XAI_2026\data\raw\Actor_06\03-01-03-01-02-02-06.wav
-338.94427,49.50665,-52.993835,-18.702768,-7.3091807,3.8258684,-22.801239,-18.248388,-15.402688,-7.6076055,-12.590346,10.157603,4.6713886,3.5808682,22.057396,14.038091,1.8137207,2.3720171,-8.334684,-3.3320177,5.1306214,3.7203612,-0.1571914,-4.9318075,-0.7005402,8.679804,5.5918603,6.339474,2.3620632,1.6171007,-0.7776011,2.7081006,0.8679584,-0.39125797,-0.7994942,2.4965088,3.4063172,0.8554677,2.9548132,2.2422674,happy,4,c:\Users\Kacpiro Recenzje\Desktop\Studia\XAI_2026\data\raw\Actor_06\03-01-03-02-01-01-06.wav
-348.1045,49.003574,-52.398712,-16.671734,-10.683872,1.2542523,-22.604565,-12.858426,-13.220099,-11.3884325,-14.56775,2.2405066,-6.428738,-6.2302217,11.791287,14.547716,9.921421,15.376077,-3.5101695,-5.4696445,-0.71371514,2.1989193,3.86232,-1.1856899,-1.8803207,-2.1471362,-5.2017226,3.899705,4.614347,4.3994894,0.41949067,1.2850523,3.1194818,3.641573,-3.6833427,-2.6898017,1.1546434,2.5511053,3.6365016,1.000096,happy,4,c:\Users\Kacpiro Recenzje\Desktop\Studia\XAI_2026\data\raw\Actor_06\03-01-03-02-01-02-06.wav
-349.13995,47.707817,-55.850426,-16.090935,-10.410169,1.6413869,-28.129938,-13.7599745,-14.31336,-13.771761,-9.834746,3.6407878,-9.287435,-2.1785827,11.321397,16.897472,14.137252,15.317198,-1.1928979,-3.732138,-1.502526,-1.383948,1.870128,-1.6220855,3.267439,3.300219,-3.4066577,1.8896359,3.606761,7.25486,3.5672407,0.061451662,0.13452788,6.1301737,1.4935126,-0.09393083,-0.793415,-0.87533337,4.10426,5.028258,happy,4,c:\Users\Kacpiro Recenzje\Desktop\Studia\XAI_2026\data\raw\Actor_06\03-01-03-02-02-01-06.wav
-341.7122,54.958572,-46.60267,-19.525745,-8.010629,0.44318125,-27.545414,-17.642315,-12.672771,-12.9749,-7.7275877,2.5569851,-9.092265,-2.9401526,9.082799,14.201421,11.691934,14.754216,-2.0239093,-3.6830094,-2.5281942,-1.9246043,-1.7692748,-3.0388594,2.2942631,2.3135448,-1.1236074,3.687074,5.614518,6.6067452,4.6786633,0.94672376,0.29854804,3.594363,-1.0316036,0.7326356,0.40506756,-0.2539324,3.9302745,4.0099554,happy,4,c:\Users\Kacpiro Recenzje\Desktop\Studia\XAI_2026\data\raw\Actor_06\03-01-03-02-02-02-06.wav
-312.09055,86.52716,-8.064248,18.92747,-0.8424193,13.23539,-9.882439,-6.048185,-8.934071,-8.18798,0.6548766,-3.6966293,0.10302361,-5.0156927,-3.793257,-2.675045,-4.9957943,-3.7220273,-2.5567236,-5.071052,-6.257481,-2.0766838,-2.7787309,-6.8062906,-3.6340952,-1.2943025,-4.0862837,-3.2681699,-0.7123808,-0.4436187,-1.8517711,0.4969136,1.1053352,0.63152903,1.2094467,2.3836503,5.1261997,5.286653,10.5399885,10.641882,sad,6,c:\Users\Kacpiro Recenzje\Desktop\Studia\XAI_2026\data\raw\Actor_06\03-01-04-01-01-01-06.wav
-301.36224,94.97702,-17.174234,15.045206,4.36962,13.451787,-15.007891,-9.415768,-10.104897,-10.323964,1.8864311,-3.390753,-3.8454883,-8.175556,-4.9513006,-0.6892066,-5.311333,-4.8226776,-5.156528,-6.787625,-6.802735,-5.0832424,-3.4396272,-9.50542,-5.6781754,0.094400935,-4.791484,-0.90059286,-0.3537431,-1.0284978,-0.8912079,0.77351844,3.6008172,4.17168,3.8846822,4.0813823,3.7657056,3.377612,8.984056,9.809388,sad,6,c:\Users\Kacpiro Recenzje\Desktop\Studia\XAI_2026\data\raw\Actor_06\03-01-04-01-01-02-06.wav
-395.27222,78.91609,-4.6643043,9.418707,-6.861549,8.092332,-14.113098,-7.151042,-11.734363,-11.818501,-2.0502825,-4.4161763,-3.9424953,-6.7794394,-2.8013482,-6.2245283,-8.22642,-3.052101,-4.980129,-7.618874,-5.27584,-3.7630632,-6.0720353,-8.553468,-5.897512,-2.6944,-5.8130703,-4.626782,-2.2948241,-0.8758078,1.3575938,1.2700753,2.3057542,3.850766,0.9553651,0.61056614,2.337082,1.732361,6.6481514,7.2393546,sad,6,c:\Users\Kacpiro Recenzje\Desktop\Studia\XAI_2026\data\raw\Actor_06\03-01-04-01-02-01-06.wav
-377.3032,82.50056,-3.9332068,11.601899,-6.534644,11.616113,-13.26391,-7.4531684,-11.403554,-9.8845415,-1.3565689,-3.1663485,-3.3409035,-6.217175,-2.867184,-5.1019635,-6.8668885,-3.4807773,-4.500741,-8.283555,-5.9947033,-4.027338,-4.696897,-7.1460047,-5.005134,-2.5148098,-5.9896684,-5.051491,-4.114767,-3.5174172,-3.9959986,-1.2435095,1.6629901,5.633902,6.4007006,5.6265397,6.8099685,3.7784429,6.08807,6.4166417,sad,6,c:\Users\Kacpiro Recenzje\Desktop\Studia\XAI_2026\data\raw\Actor_06\03-01-04-01-02-02-06.wav
-295.08777,66.58386,-59.35979,-5.482421,-4.773221,6.0937724,-31.53305,-6.1484585,-5.3500476,-20.553125,-3.429696,4.4928823,-10.711733,-7.910397,5.7400103,4.4378657,-0.7018952,16.15945,10.984808,11.481936,17.465565,10.873399,0.1840275,-9.319975,-12.443545,-3.093171,1.3224413,7.142802,1.0561086,-9.792414,-8.544662,-3.7518783,-0.90521306,3.2312965,-5.744286,-3.4340653,0.85595703,8.568864,11.763572,5.901468,sad,6,c:\Users\Kacpiro Recenzje\Desktop\Studia\XAI_2026\data\raw\Actor_06\03-01-04-02-01-01-06.wav
-292.70197,76.35618,-30.443048,9.480097,-10.627677,4.858159,-25.24107,-7.4913926,-11.093137,-16.743969,-1.4653419,1.050199,-3.7183275,-5.438454,-0.0859783,0.956183,-1.4840945,6.0208974,2.6312337,1.3017496,4.6351266,4.3695726,0.35877806,-5.5775423,-1.2946573,0.6568199,-1.0512062,2.4410071,0.5498318,-1.6093298,-2.0675952,0.5485829,0.34646395,2.187251,-0.5909565,0.7507994,1.4912792,1.1959685,4.051034,2.650659,sad,6,c:\Users\Kacpiro Recenzje\Desktop\Studia\XAI_2026\data\raw\Actor_06\03-01-04-02-01-02-06.wav
-330.62775,76.700676,-33.578255,1.5201541,-16.931307,2.9591475,-26.835188,-5.1824083,-8.2645645,-18.417809,-2.986346,-0.7311241,-13.091714,-9.871979,-1.9924589,5.4707136,4.3401275,15.649691,11.6864805,9.635151,11.727278,4.4841857,-3.371144,-3.1664217,-3.0830026,2.4589715,-4.0360928,0.7420939,-1.6959044,-3.6050186,-2.5603366,0.5465981,-0.80971915,0.8926118,-1.5868332,1.6870128,1.9379792,1.0533004,1.5876049,0.8202194,sad,6,c:\Users\Kacpiro Recenzje\Desktop\Studia\XAI_2026\data\raw\Actor_06\03-01-04-02-02-01-06.wav
-266.11414,87.675064,-53.4677,6.823456,-14.766661,7.804901,-38.509747,-12.14296,-16.671629,-24.06082,-4.76978,3.9677696,-10.926737,-14.065531,3.5052779,-6.3005447,-12.394109,2.4251099,-9.820188,-12.211848,3.9003067,-0.34933665,1.9913088,-0.8094331,7.222455,10.36326,5.3305216,9.106311,7.9435687,4.938281,-0.28821105,-1.7646729,-2.0593665,0.73246515,-0.6993161,-0.40271255,-1.5395255,-2.4698212,-0.41329947,-0.73960745,sad,6,c:\Users\Kacpiro Recenzje\Desktop\Studia\XAI_2026\data\raw\Actor_06\03-01-04-02-02-02-06.wav
-351.7588,79.123375,-21.176256,4.016166,1.2852566,3.8562155,-17.529057,-4.7263722,-10.470027,-8.9288025,-3.256438,-2.4882777,-4.4773397,-8.343392,-2.691585,-4.3112507,-8.260048,-3.3676243,-6.004836,-5.277999,-6.8657045,-5.1433425,-4.552069,-4.5667863,-1.9846069,3.372109,-3.170818,0.046204478,-0.88498986,-3.9202962,-2.8103027,0.43552577,0.18652453,4.191192,4.2237606,5.920515,5.0366273,5.082819,6.9509764,4.1670465,angry,0,c:\Users\Kacpiro Recenzje\Desktop\Studia\XAI_2026\data\raw\Actor_06\03-01-05-01-01-01-06.wav
-335.29688,95.83152,-18.797148,13.973333,3.1858935,7.8875318,-18.529394,-1.9604232,-10.326259,-9.853073,-3.4256997,-0.7705604,-0.8365293,-5.6736054,-2.7674098,-5.6616597,-6.2760425,0.047025964,-6.3638983,-2.4699736,-5.864652,-3.4616098,-2.9562335,-2.5198867,0.57018197,3.7750585,-1.1105381,2.6376781,1.7339185,-0.23018955,1.2574308,4.064669,0.11680538,5.499688,2.584196,5.9150686,7.5327797,6.494144,6.908869,4.175267,angry,0,c:\Users\Kacpiro Recenzje\Desktop\Studia\XAI_2026\data\raw\Actor_06\03-01-05-01-01-02-06.wav
-297.6295,90.46177,-23.547298,1.6877861,-7.381566,1.0712445,-28.494747,-6.683193,-13.092625,-16.432867,-5.3750076,-1.996167,-6.3439126,-8.926384,-4.068402,-8.378596,-8.809284,-2.6127687,-9.351896,-4.9184337,-7.8647428,-7.7147017,-6.98142,-7.8524776,-6.833927,-0.3441927,-3.8942764,-1.1978574,2.32931,1.0010978,5.057555,5.2570205,4.6968174,9.742663,5.6968503,7.62312,3.979628,-0.32285646,3.213117,2.1709397,angry,0,c:\Users\Kacpiro Recenzje\Desktop\Studia\XAI_2026\data\raw\Actor_06\03-01-05-01-02-01-06.wav
-335.06537,71.458496,-20.719471,4.204968,-5.136782,0.18028985,-21.276302,-7.51442,-7.2166896,-12.786638,-5.8860393,-1.2705392,-3.454256,-8.1191635,-3.6490357,-5.5219064,-6.2515244,-1.1003419,-8.994285,-4.81132,-3.7668366,-6.508399,-7.7062244,-8.492653,-6.3613005,-2.2706888,-4.90778,-0.17063482,2.430768,3.303514,7.941521,6.2826896,6.209263,10.193577,3.8027265,4.308684,2.2859693,-1.6247486,2.7869985,-0.03452772,angry,0,c:\Users\Kacpiro Recenzje\Desktop\Studia\XAI_2026\data\raw\Actor_06\03-01-05-01-02-02-06.wav
-308.64166,61.501434,-48.246162,-22.862019,-15.558369,-6.2429976,-28.35473,-7.0174475,-11.83752,-14.503457,-5.244838,3.2074971,0.5178794,5.458856,13.664678,12.712645,3.3264155,4.5309267,-8.35188,-1.3741713,-1.2756178,1.6623359,3.1159918,-4.2060447,-1.7021378,0.9760454,3.0510824,7.5527925,3.5582244,3.875863,2.7606244,1.0952199,1.0712994,2.2501814,-3.5780072,0.8979345,2.2910502,-0.733719,1.1579953,1.7569492,angry,0,c:\Users\Kacpiro Recenzje\Desktop\Studia\XAI_2026\data\raw\Actor_06\03-01-05-02-01-01-06.wav
-323.35422,62.177265,-50.57449,-18.16901,-15.003282,-3.7269876,-29.000385,-5.051676,-11.221097,-10.626038,-6.732908,0.42424932,-0.3542593,4.909659,12.222341,12.721609,5.078112,7.484529,-5.4398065,-1.2557144,-3.2493827,1.6231467,2.8070269,-4.2334986,-3.3335514,0.512539,0.25446877,7.138829,2.4226964,4.0279145,1.6280351,2.1159322,2.1397667,3.1664152,-2.4960725,0.20414777,0.39216366,0.036642198,-0.20288424,0.1976174,angry,0,c:\Users\Kacpiro Recenzje\Desktop\Studia\XAI_2026\data\raw\Actor_06\03-01-05-02-01-02-06.wav
-280.8242,58.84199,-41.725945,-19.757915,-22.761517,-5.024123,-36.03446,-3.5698054,-10.379556,-16.662777,-9.442532,0.31513348,-10.784188,-7.202779,-0.31612617,4.7160645,3.093889,17.900919,6.918321,8.958006,2.8487175,-3.693545,0.3574197,-8.783668,-2.276593,4.0668006,-1.3173665,1.8858799,-5.6377015,-0.27011833,1.2729268,0.3294996,-0.19989124,3.7140226,0.72472966,5.6949005,4.881028,0.8508002,0.24682985,-1.3425008,angry,0,c:\Users\Kacpiro Recenzje\Desktop\Studia\XAI_2026\data\raw\Actor_06\03-01-05-02-02-01-06.wav
-332.37302,59.68581,-44.233593,-17.35028,-16.266815,-4.5845137,-31.636026,1.0690821,-10.17698,-17.529865,-9.339305,-3.785235,-10.776613,-8.501993,3.1845305,10.902672,14.432232,23.51636,8.4009905,6.98474,-5.4798403,-8.563517,-0.26041862,-0.091164775,4.711218,2.05222,-8.712049,-4.3029494,-2.938323,5.5095816,5.8867006,1.4496325,2.1244104,7.7225575,5.279133,1.9103523,-3.4351335,-0.89565635,4.479457,3.4309332,angry,0,c:\Users\Kacpiro Recenzje\Desktop\Studia\XAI_2026\data\raw\Actor_06\03-01-05-02-02-02-06.wav
-362.70074,77.853584,-10.652666,10.052552,-8.424425,14.291028,-14.465905,-2.0663311,-10.166277,-6.978377,-2.7389708,-2.6778262,-5.7444444,-5.7743707,-4.7504845,-5.749136,-5.676729,-2.5480497,-6.4660783,-6.392706,-6.7626743,-5.50188,-6.9098024,-6.8978972,-3.3554347,0.7885674,0.13028236,4.8256474,5.9302254,6.451742,5.7898893,5.0441427,1.8711734,4.3471317,2.9850507,4.4434123,4.636222,2.1146986,3.051078,3.9535112,fear,3,c:\Users\Kacpiro Recenzje\Desktop\Studia\XAI_2026\data\raw\Actor_06\03-01-06-01-01-01-06.wav
-324.5123,85.85993,-23.78946,6.8052487,0.3530762,12.571948,-16.22596,-3.5277853,-10.860383,-11.137124,0.808499,1.0643691,-6.274785,-7.906417,-5.5793104,1.0460947,-5.134905,-3.3258936,-6.388548,-4.7564898,-6.6694765,-3.2914653,-4.795463,-6.7289433,-2.5361402,3.6160288,-0.9720446,2.865583,3.7602344,4.1919084,2.4617162,4.7352214,1.5729994,3.558556,2.1777306,3.5261216,3.3455813,2.006985,4.5369215,3.7674668,fear,3,c:\Users\Kacpiro Recenzje\Desktop\Studia\XAI_2026\data\raw\Actor_06\03-01-06-01-01-02-06.wav
-331.83505,80.33255,-15.091011,2.1461353,-7.138613,9.071184,-22.88932,-7.485588,-13.841937,-13.674387,-3.4058096,-1.6920106,-8.557366,-8.344132,-5.7018075,-7.5708423,-6.7561364,-1.8417653,-7.5554476,-8.3279705,-6.7658305,-6.010775,-6.492026,-9.953571,-4.7774706,1.627133,1.1099241,6.3880887,9.517705,11.380487,9.513714,7.720251,4.1581903,4.398749,1.9841163,2.7274497,4.138084,1.0762633,4.4326153,2.8507469,fear,3,c:\Users\Kacpiro Recenzje\Desktop\Studia\XAI_2026\data\raw\Actor_06\03-01-06-01-02-01-06.wav
-340.05396,73.17707,-14.205219,10.58344,-4.0579343,14.879747,-17.313282,-6.1728225,-10.226968,-9.032429,0.019634707,-1.6738297,-5.2395487,-7.915871,-5.336314,-4.611443,-8.2821865,-4.5004935,-9.112093,-5.696485,-6.5385594,-4.553352,-4.340649,-8.373071,-5.0072527,-0.4614457,-3.1979282,2.780622,5.157994,6.0913405,6.516348,7.05974,4.9064727,4.967537,2.3004017,1.8136547,1.89835,1.4149977,4.4204054,4.5934024,fear,3,c:\Users\Kacpiro Recenzje\Desktop\Studia\XAI_2026\data\raw\Actor_06\03-01-06-01-02-02-06.wav
-356.6711,45.720722,-58.529137,-20.889977,-19.513954,-6.2139573,-23.470304,-15.947487,-16.455948,-6.212115,-4.3711743,14.606693,14.070851,7.752947,17.503784,8.23756,-7.021805,-6.3371854,-10.541749,-2.797223,3.1071205,5.191968,-4.5083103,-6.4297004,4.6312985,13.164757,0.5777132,0.17955293,-2.2060657,-1.7781408,-0.83904165,-1.1842918,-1.625959,2.2013552,1.706933,1.4723353,2.2568517,3.1662092,3.6357746,0.8630703,fear,3,c:\Users\Kacpiro Recenzje\Desktop\Studia\XAI_2026\data\raw\Actor_06\03-01-06-02-01-01-06.wav
-354.1809,40.783405,-58.266422,-19.988008,-19.77849,-8.266129,-27.654211,-16.063808,-9.875778,-1.6934549,-1.1815727,18.464998,16.382639,6.7173004,5.9235406,1.2099885,-9.916018,-7.300092,-4.4045296,4.437367,1.6356924,1.3176751,-1.9647026,0.76724285,7.101189,7.72372,-6.7496614,-2.455119,-2.410522,1.3570374,-2.3488617,0.46158892,3.203375,4.897363,0.26591703,0.34391966,3.9538033,2.3392196,0.18110862,1.918844,fear,3,c:\Users\Kacpiro Recenzje\Desktop\Studia\XAI_2026\data\raw\Actor_06\03-01-06-02-01-02-06.wav
-326.64258,49.91559,-56.809067,-14.297798,-23.34948,-3.4183903,-30.419956,-19.691364,-13.581136,-11.229609,-6.969152,10.8709955,5.584328,1.3497763,12.062974,11.675975,-1.3338599,-1.7473136,-7.114055,-1.2332672,1.8491603,2.0070403,-6.8294272,-7.9976454,2.357088,9.840434,-0.7294061,0.6342216,-1.1077034,-2.6345475,-1.5524101,0.9347453,-2.42083,1.2136565,-0.030988842,2.3440623,3.8766448,3.4369004,2.283519,1.2771636,fear,3,c:\Users\Kacpiro Recenzje\Desktop\Studia\XAI_2026\data\raw\Actor_06\03-01-06-02-02-01-06.wav
-313.32672,47.259808,-53.79724,-23.621878,-28.667421,-2.6320503,-28.598164,-13.702523,-7.7281833,0.28921795,3.1307683,20.911196,15.937205,-3.4171271,4.9464383,1.4530138,-10.58619,-2.658702,-1.5014305,-0.12326375,-0.292715,3.3762512,-0.580948,1.5826933,8.566038,10.318122,-6.0911927,-2.8694572,-1.1315346,-0.24982575,-1.9431616,0.18000522,3.2571428,3.9468064,-0.8558979,0.45520929,7.0429497,4.788761,-2.7765162,-2.9291685,fear,3,c:\Users\Kacpiro Recenzje\Desktop\Studia\XAI_2026\data\raw\Actor_06\03-01-06-02-02-02-06.wav
-247.78835,94.950714,-13.069298,16.546747,-9.74238,8.71021,-15.396631,-5.9943657,-14.778895,-8.72502,-3.9620383,-3.777432,-4.2829804,-4.810907,-7.5782714,-7.145357,-6.30192,-1.581213,-4.1917973,-8.317765,-5.755231,-3.9844043,-6.7222857,-7.221684,-5.794569,-3.3296146,-3.8798769,-2.9313128,-1.8150271,-0.57495934,-2.8233273,-2.5127013,-2.6245866,1.4060515,0.11764418,3.4603648,5.2407017,5.341293,7.043875,5.0801888,disgust,2,c:\Users\Kacpiro Recenzje\Desktop\Studia\XAI_2026\data\raw\Actor_06\03-01-07-01-01-01-06.wav
-251.91841,81.01122,-9.198783,23.06056,-3.9396367,8.697737,-12.879365,0.8797785,-15.189507,-4.5428977,-3.2660797,0.3785654,-5.258442,-4.3046184,-1.8313675,-4.541215,-6.6059265,1.6355219,-5.217247,-6.8561087,-3.7319717,-2.2956226,-5.4981923,-7.2176166,-3.6477644,-2.147715,-3.9237373,-1.3598081,-1.7433056,-1.1090387,0.15765035,-0.35336727,-1.1039547,3.1232312,1.1532674,2.7770045,3.2639246,3.7337308,5.857246,4.2781534,disgust,2,c:\Users\Kacpiro Recenzje\Desktop\Studia\XAI_2026\data\raw\Actor_06\03-01-07-01-01-02-06.wav
-325.42105,67.71052,3.9088898,16.265268,-14.265641,8.512406,-9.239497,-7.817993,-15.658413,-4.1342325,-3.5085907,-3.4112406,-4.109158,-5.8447385,-1.6747491,-6.791145,-7.1453037,1.4934468,-5.2331085,-4.3317413,-4.2642064,-2.490515,-7.007371,-7.415827,-5.9107604,-4.0219636,-4.5314717,-3.610249,-5.031345,-1.14269,0.068237305,1.1710937,1.8145077,6.347547,3.7449734,3.8676467,3.1897948,3.9263387,4.713535,5.869951,disgust,2,c:\Users\Kacpiro Recenzje\Desktop\Studia\XAI_2026\data\raw\Actor_06\03-01-07-01-02-01-06.wav
-322.0458,74.726135,-5.699061,14.359318,-14.108172,13.536543,-15.0056,-9.62234,-18.041185,-6.377372,-1.1577401,-5.4659576,-9.303619,-5.536588,-2.7495291,-5.8709397,-7.204318,-1.2908152,-7.5760965,-5.385055,-4.3639793,-4.3525214,-8.263383,-5.463392,-5.5137687,-3.6028857,-4.962929,-4.8344736,-6.1764245,-2.113795,-4.228821,-5.0335975,-2.9697573,0.22511324,-1.9141049,-1.2565587,1.6750213,2.3588362,4.4245763,6.604389,disgust,2,c:\Users\Kacpiro Recenzje\Desktop\Studia\XAI_2026\data\raw\Actor_06\03-01-07-01-02-02-06.wav
-302.3278,67.99797,-28.811295,5.4719543,-9.704347,-2.114145,-30.514168,-7.5241723,-13.5115385,-7.4643927,-10.866204,-3.502703,-7.438034,-9.747203,-8.723731,-9.022143,-5.550362,-1.4950429,-8.299414,3.1145828,7.64235,5.32317,12.864031,9.467631,2.843371,4.2604175,0.0918183,-0.1596973,1.2146378,1.2399826,-2.8378983,-1.1983508,-3.7961824,0.5764648,-4.2442346,-0.83561337,1.9482335,-0.46301854,1.8893746,0.8305732,disgust,2,c:\Users\Kacpiro Recenzje\Desktop\Studia\XAI_2026\data\raw\Actor_06\03-01-07-02-01-01-06.wav
-350.29852,86.34002,-25.78269,-1.2112994,-6.8577733,-4.5214686,-20.84021,-9.841761,-12.230942,-9.780358,-5.4105663,-2.684278,-7.644353,-4.3818245,-4.6432066,-9.642894,-5.5016503,-0.9334455,-11.026519,-6.0121517,-6.340989,-8.090662,-7.24601,-4.93898,-5.091926,-1.8824418,-2.8306334,1.8007174,2.013854,1.550182,5.733097,6.4684367,7.5436926,10.668848,6.4314528,4.398682,3.5242217,1.706703,2.3504844,1.3827822,disgust,2,c:\Users\Kacpiro Recenzje\Desktop\Studia\XAI_2026\data\raw\Actor_06\03-01-07-02-01-02-06.wav
-330.96255,87.66335,-16.32022,1.5201414,-6.912736,5.3368626,-22.157125,-13.040267,-14.12247,-5.7931767,-6.0563316,-3.8379235,-10.090731,-7.4235597,-2.1518545,-9.536318,-9.222135,-1.5587863,-11.743128,-6.501908,-3.1896544,-4.853707,-5.260206,-3.4316874,-2.6391592,2.9212637,0.47511843,2.4775968,1.6639891,3.3612647,2.6589558,3.257225,1.7139118,3.9768667,0.86226755,0.32753184,2.4370663,0.67894423,2.3822527,3.345627,disgust,2,c:\Users\Kacpiro Recenzje\Desktop\Studia\XAI_2026\data\raw\Actor_06\03-01-07-02-02-01-06.wav
-316.8038,82.241554,-1.2965854,11.243619,-7.0882025,5.246007,-12.365642,-6.768285,-6.748964,-2.4941816,-2.0716658,0.9458724,-0.15985627,0.40843764,2.1947165,-1.982847,-1.9412764,2.190142,-3.3651605,-1.0973607,-2.1494105,-2.8212705,-4.8085294,-6.3078136,-4.847639,0.4515666,-0.74816495,4.1348104,7.5129128,12.135931,12.156306,10.979402,8.627941,7.769469,2.0538697,2.7721505,4.6272535,4.2810416,6.0233517,3.69387,disgust,2,c:\Users\Kacpiro Recenzje\Desktop\Studia\XAI_2026\data\raw\Actor_06\03-01-07-02-02-02-06.wav
-397.12744,77.830086,-8.2603445,4.680316,-4.40343,6.989149,-12.469124,-3.1784656,-9.560995,-6.5198307,-1.4223912,-2.0295434,-3.907605,-5.585962,-3.1789663,-5.6544127,-6.408132,-1.8947808,-6.05559,-7.1245046,-4.355545,-4.852017,-5.846581,-7.1840367,-2.5063584,-2.7039387,-3.036079,0.37383556,-1.9325116,0.7902841,0.5285122,0.0036632998,0.81731474,4.1212583,4.4006505,3.829783,3.8614974,2.0232823,2.7428203,1.4694662,surprise,7,c:\Users\Kacpiro Recenzje\Desktop\Studia\XAI_2026\data\raw\Actor_06\03-01-08-01-01-01-06.wav
-410.2294,68.51479,-10.428769,0.6052566,-3.6285655,4.0772753,-14.033174,-4.0194893,-10.360478,-10.138458,-0.8614707,-2.918128,-5.6936502,-6.9197164,-1.6667095,-7.063099,-6.7577276,-2.901327,-6.01233,-5.8736634,-4.5436587,-5.26053,-5.4541306,-6.552265,-3.3309598,-3.56149,-4.897786,-1.6868463,-1.7561039,0.068779476,1.0682517,0.53880537,0.488249,2.0182705,-0.18023638,-1.0756748,1.6664017,0.9464451,3.0946014,2.9295888,surprise,7,c:\Users\Kacpiro Recenzje\Desktop\Studia\XAI_2026\data\raw\Actor_06\03-01-08-01-01-02-06.wav
-408.76956,62.72439,-6.0819597,2.1865466,-6.9196405,5.3072476,-14.717053,-4.8791523,-11.17068,-7.4958444,-0.9378462,-1.2419331,-5.8207316,-5.8292446,-2.0420592,-7.3511324,-7.866113,-1.8705086,-5.2516856,-6.2429338,-3.0500913,-2.7275238,-4.4639096,-6.2696133,-0.81190515,-0.067204386,-1.2541376,0.78212667,1.5269046,1.5037153,1.74605,0.2523596,-0.069386475,2.4131272,0.38300556,0.67679393,1.9527014,1.1186008,2.0548503,2.652866,surprise,7,c:\Users\Kacpiro Recenzje\Desktop\Studia\XAI_2026\data\raw\Actor_06\03-01-08-01-02-01-06.wav
-374.68097,75.76711,-3.8060112,9.567558,-1.6143427,11.152978,-14.664897,-5.6548634,-11.183889,-5.422107,2.8922973,1.0044943,-3.7076762,-5.71488,-1.0655512,-2.4109836,-5.237973,0.17623955,-2.1720889,-3.7354949,-0.78699,0.1676366,-2.076777,-3.3764641,2.267576,2.7529056,1.3241552,3.396769,3.846911,2.8604228,1.3289617,-0.017806467,0.4077238,3.954861,3.2995017,5.1495442,4.9836926,4.3541894,5.437894,3.614872,surprise,7,c:\Users\Kacpiro Recenzje\Desktop\Studia\XAI_2026\data\raw\Actor_06\03-01-08-01-02-02-06.wav
-389.74823,84.306015,-14.795954,7.83301,-0.18434283,9.489022,-20.26515,-4.4374065,-12.63427,-6.0261793,3.240152,-2.8308446,-5.5651546,-6.2623887,-3.9516895,-4.278833,-9.412878,-3.0366662,-6.1966968,-7.070079,-4.822977,-3.1778963,-3.9055479,-6.3821173,-0.06648979,1.8836116,-1.825414,1.3767171,1.1336734,1.0192218,-2.0526092,-2.0298123,-2.1846945,0.88905,1.5343356,2.3469226,3.2192907,1.7825034,3.1423845,3.2004437,surprise,7,c:\Users\Kacpiro Recenzje\Desktop\Studia\XAI_2026\data\raw\Actor_06\03-01-08-02-01-01-06.wav
-356.78302,61.513733,-26.167358,-9.032382,-7.907441,-2.5224266,-19.36456,-5.8032885,-12.165206,-11.924512,-5.0975304,-0.5940661,-5.52742,-6.2998796,-2.511753,-3.411329,-4.5298824,0.35079393,-3.15802,0.6492169,5.2795815,4.331984,1.745382,0.870245,3.7334223,5.259078,2.4737384,3.5804517,-0.65290606,-1.74052,0.8406679,-1.1000808,-0.8940063,2.546077,0.18389544,0.391922,1.4957811,2.9326298,4.270748,3.1936421,surprise,7,c:\Users\Kacpiro Recenzje\Desktop\Studia\XAI_2026\data\raw\Actor_06\03-01-08-02-01-02-06.wav
-408.23837,56.953587,-23.84361,-3.4194968,-6.5091014,3.5573318,-20.844774,-7.6287746,-14.9273205,-12.612863,-2.4052384,-0.11346555,-9.661138,-5.5724673,-2.702624,-2.8184385,-5.166354,0.6087065,-2.0828555,0.4881384,2.7604375,4.6034007,5.113618,4.129038,4.499426,4.3261952,-1.8355262,-0.010208346,0.8086286,0.46271482,0.22463264,1.1746427,-0.2928526,1.8281196,-2.2742748,0.9075275,1.9221715,3.5568917,3.5354407,3.9490101,surprise,7,c:\Users\Kacpiro Recenzje\Desktop\Studia\XAI_2026\data\raw\Actor_06\03-01-08-02-02-01-06.wav
-394.13416,54.09747,-17.883627,-6.9606776,-11.676276,3.8887901,-20.989763,-5.6382823,-13.956096,-13.965167,-3.1167867,1.2856945,-7.057542,-8.771061,-5.5479746,-1.3578124,-4.632272,-0.88799846,-2.9530873,1.8802742,3.852373,3.3337314,3.0804827,-1.0327884,1.8004286,4.010017,-0.6119784,1.699173,1.0599014,-0.8833629,-2.7508566,-2.066034,-1.5705924,1.5614393,-1.4118518,1.448345,1.3932558,1.2481978,3.9546785,4.0733385,surprise,7,c:\Users\Kacpiro Recenzje\Desktop\Studia\XAI_2026\data\raw\Actor_06\03-01-08-02-02-02-06.wav
-353.72067,108.8191,6.8822284,21.136639,7.9987116,19.952793,-11.102146,0.31752047,-10.306088,-2.0772862,1.4554515,-3.6609557,-5.2706766,-0.38378295,-2.0153644,3.2103062,-7.6794972,0.1366057,2.7504194,-6.7614894,-2.1989152,-1.0383404,-1.5174146,-1.5168827,-4.568187,-4.335099,-0.6557894,-2.1628668,-4.948087,-2.9001713,-1.0677354,-1.6405082,-2.1308858,-0.6213639,-3.4720943,-2.5539515,-2.2531807,-4.051786,-1.1284744,-1.2470381,neutral,5,c:\Users\Kacpiro Recenzje\Desktop\Studia\XAI_2026\data\raw\Actor_07\03-01-01-01-01-01-07.wav
-355.37128,108.122795,8.801509,22.45459,6.7793,20.699396,-10.590256,2.5686047,-10.687699,-1.4571161,2.2076898,-1.9512684,-4.074885,-0.058797605,0.35860577,4.5978336,-7.5129895,1.5375738,2.7441263,-6.9707737,-0.008017411,1.1057719,-0.9381305,-1.607014,-4.155819,-2.8994286,-1.8487958,-2.3997314,-4.255017,-3.5303338,-0.3512697,-0.68274415,-2.4630554,0.4393158,-1.5236106,-3.121582,-1.6473312,-3.8640552,-0.6144538,-0.051047143,neutral,5,c:\Users\Kacpiro Recenzje\Desktop\Studia\XAI_2026\data\raw\Actor_07\03-01-01-01-01-02-07.wav
-314.9088,96.27364,11.720499,17.88418,5.468667,21.43903,-10.923089,0.35146257,-14.241362,-3.905834,-1.6476198,-3.666316,-5.4788775,-1.0818702,-2.1836033,2.4347143,-8.774547,-2.1629596,1.5089098,-6.364309,-4.779459,-0.46913072,-2.3823645,-3.7056966,-6.833417,-2.874243,-3.6201086,-3.5920374,-5.0958123,-5.135937,-1.6778158,-0.27383077,-4.187192,-0.5393813,-3.897944,-5.2304416,-3.018899,-4.9954004,-3.0454366,-1.2538242,neutral,5,c:\Users\Kacpiro Recenzje\Desktop\Studia\XAI_2026\data\raw\Actor_07\03-01-01-01-02-01-07.wav
-342.72745,103.77125,15.066073,22.61649,4.0474076,19.350183,-9.823576,2.1602402,-11.728604,0.6959331,2.7505064,-4.44672,-3.9273846,2.8945706,-1.6863562,3.5737715,-6.624962,2.8863068,1.7068745,-5.8609896,-0.78161824,1.5755873,-1.7483045,-0.3745959,-4.0117526,-3.3874183,0.35296738,-1.9721372,-4.9773617,-2.180079,0.18276583,-0.8825422,-2.4167032,-0.21363533,-3.078425,-2.3193672,-2.4575887,-3.3293428,-1.4610559,-1.0006976,neutral,5,c:\Users\Kacpiro Recenzje\Desktop\Studia\XAI_2026\data\raw\Actor_07\03-01-01-01-02-02-07.wav
-377.77783,101.11581,10.081835,16.17168,6.0750833,22.150043,-7.3792233,1.1793985,-7.296516,-2.9776764,5.1886706,-2.4057155,-1.9735675,0.5495396,2.694249,3.0750606,-5.0714793,0.47165284,3.005664,-4.411158,0.4488228,0.8756893,0.9454472,0.43452322,-3.6728032,-2.5208166,-1.2048271,-1.0066828,-3.2231126,-2.5364068,0.8851516,0.44812188,-0.99496394,0.9842946,-1.4123052,-2.515413,-0.7592858,-2.9104085,-0.041793283,1.1069261,calm,1,c:\Users\Kacpiro Recenzje\Desktop\Studia\XAI_2026\data\raw\Actor_07\03-01-02-01-01-01-07.wav
-368.72,112.25664,6.1639333,14.734574,4.2486553,20.861248,-8.657675,1.4706631,-8.85859,-2.9900389,4.7950406,-1.8997699,-2.8865583,0.4232689,0.5587036,4.5130744,-6.678276,0.022731591,2.6452584,-5.3536706,-1.2941924,0.4253342,0.28244373,-1.8392689,-3.7052162,-1.6510004,-1.7912354,-1.1128134,-2.245609,-3.8047836,0.9973546,-1.0172007,-2.2433927,0.72244924,-3.079698,-2.0541818,-1.7290081,-3.3706524,-0.71064633,0.7257131,calm,1,c:\Users\Kacpiro Recenzje\Desktop\Studia\XAI_2026\data\raw\Actor_07\03-01-02-01-01-02-07.wav
-343.42807,106.71082,12.547578,23.538923,5.8159738,24.763004,-0.7029029,6.334208,-6.1934795,-1.105091,3.6549838,1.2728941,-0.9835754,2.5307875,1.0226573,7.5830417,-3.349736,-0.48978132,3.7760737,-0.689937,-0.33604214,1.0508827,1.6566433,-0.0009173941,-3.6316195,0.47009072,0.16676354,-1.9829147,0.030514684,-2.7787788,0.16020684,3.7653086,1.3561726,0.73119456,0.1638979,-1.2935433,-0.30582088,-1.0914413,-0.65214396,1.1159213,calm,1,c:\Users\Kacpiro Recenzje\Desktop\Studia\XAI_2026\data\raw\Actor_07\03-01-02-01-02-01-07.wav
-354.58072,108.253586,4.381425,15.666351,3.4935055,21.285406,-6.5814,3.4358838,-9.595028,-6.7738442,2.1162996,-1.6823938,-4.146779,-1.8453425,1.0537271,3.995898,-7.135185,-0.2664204,3.323394,-4.3634214,-2.6684673,0.73525023,0.26540852,-2.6513088,-5.215433,-2.0039868,-1.021497,-2.6361127,-2.666009,-4.6038127,-0.32685244,1.9632235,-2.865658,-0.23098662,-1.1752108,-4.0811977,-2.41348,-2.891569,-0.57564497,1.5230296,calm,1,c:\Users\Kacpiro Recenzje\Desktop\Studia\XAI_2026\data\raw\Actor_07\03-01-02-01-02-02-07.wav
-263.38803,109.487015,3.2837036,27.774467,7.2021413,28.35264,-13.747906,-2.4535792,-12.667341,2.0576875,5.6172485,-3.7857125,-1.4267619,2.7775455,-4.655801,4.3008246,-4.4490404,0.341142,1.1394863,-4.4408417,0.09264863,0.9230986,-0.44068053,-0.73640424,-5.8620763,0.10115549,0.30191997,-2.6282327,-2.9117444,-1.4596632,-0.53241915,0.59276164,-2.6986964,-0.3165666,-2.5166876,-4.530329,-1.9284859,-3.570114,-2.552215,-0.8622891,calm,1,c:\Users\Kacpiro Recenzje\Desktop\Studia\XAI_2026\data\raw\Actor_07\03-01-02-02-01-01-07.wav
-330.77435,118.21271,2.027425,26.454424,4.9751883,19.15097,-9.442923,2.0479255,-11.154588,-10.282438,3.6950147,-3.963604,-6.2612705,-1.231444,-3.3366866,3.196735,-7.2037396,-4.9836974,0.9385689,-4.995808,-3.6124666,-2.4148452,0.99093485,-3.5598567,-7.2224455,-3.0645883,-3.4713871,-3.2380168,-2.1267245,-4.652351,-0.06956333,1.6235148,-3.9162354,0.6278009,-0.9337251,-4.9070554,-1.7327231,-3.1667526,-0.84347546,-0.009389485,calm,1,c:\Users\Kacpiro Recenzje\Desktop\Studia\XAI_2026\data\raw\Actor_07\03-01-02-02-01-02-07.wav
-274.91397,118.799286,9.369752,30.978703,4.903206,25.982302,-10.065655,-0.7564249,-9.779893,-5.6400666,-1.0460919,-1.9671544,-6.438814,1.292804,-5.430791,4.8494143,-6.5745497,-3.8289752,-0.7366544,-6.7692566,-4.6789126,-3.1721554,-2.4409382,-4.4842486,-8.063207,-1.8229766,-2.730829,-6.1729198,-3.9206767,-3.2181635,-2.8472042,2.2270007,-5.0018673,-3.1796887,-3.012845,-7.510255,-3.9991863,-2.200891,-5.6425257,-0.9500381,calm,1,c:\Users\Kacpiro Recenzje\Desktop\Studia\XAI_2026\data\raw\Actor_07\03-01-02-02-02-01-07.wav
-262.83627,123.705635,13.887641,26.52793,6.590539,23.741114,-14.548605,3.39089,-13.139264,-3.7888868,5.1984353,-3.1972764,-1.3980883,2.1565664,-2.959984,9.206014,-4.5020475,-0.64086115,4.0444746,-4.8841405,-3.3709495,-0.55239296,1.9641767,-3.3163154,-5.8259377,-1.1679238,-1.6622506,-3.4673765,-1.8055234,-5.10644,0.09416036,2.1127293,-6.4623537,1.1534866,-2.485862,-5.601635,-2.5680695,-3.6429596,-3.4451134,-0.006834896,calm,1,c:\Users\Kacpiro Recenzje\Desktop\Studia\XAI_2026\data\raw\Actor_07\03-01-02-02-02-02-07.wav
-374.86142,106.016205,-8.061728,18.424793,10.170128,21.087013,-6.1973915,5.214673,-7.7936893,-3.8697522,3.617236,2.568781,-0.27720058,0.5979081,3.0535345,6.099844,-6.572919,0.97467864,4.996448,-0.83050394,-1.5130175,2.916826,2.0699177,-2.3390703,-3.5069795,0.010394157,-1.2574517,0.39234242,-0.14762856,-3.0706277,0.20751618,3.5033681,-2.9253569,1.0054414,-0.22364794,-3.3018262,-0.3455724,-0.7586981,1.7502971,1.8300487,happy,4,c:\Users\Kacpiro Recenzje\Desktop\Studia\XAI_2026\data\raw\Actor_07\03-01-03-01-01-01-07.wav
-348.126,103.68543,-1.1171137,10.198876,10.495247,13.542489,-9.187656,-1.5401691,-8.459912,-3.4586039,1.2873442,0.41716745,-7.249918,1.1990513,-0.7475465,3.2677648,-5.5118604,0.49423257,1.4742444,-5.7525983,-1.6118063,-0.55869156,-3.5060365,-2.3423123,-4.873871,-3.304483,-2.3184085,-0.41454065,-3.4762516,-2.4267104,-0.75345385,-0.5580786,-2.4348862,-0.793644,-2.716829,-4.599798,-3.197993,-2.3837233,-0.7533219,-0.2845256,happy,4,c:\Users\Kacpiro Recenzje\Desktop\Studia\XAI_2026\data\raw\Actor_07\03-01-03-01-01-02-07.wav
-334.34662,100.91969,-6.392025,11.175307,5.6005697,14.592685,-8.491854,-2.0385787,-10.930762,-5.82845,1.8728651,0.8959896,-4.307272,-2.6527297,3.587858,3.6738012,-7.038632,-0.037207477,1.8539089,-5.538177,-3.5716946,-0.06445729,-3.044301,-4.596852,-4.394175,-2.603446,-2.2706995,-0.68824095,-2.4585345,-3.0812244,-1.248639,0.9873024,-3.0646973,-0.18589836,-0.9573743,-3.7261708,-2.0520825,-1.0052758,-0.6289689,0.51342916,happy,4,c:\Users\Kacpiro Recenzje\Desktop\Studia\XAI_2026\data\raw\Actor_07\03-01-03-01-02-01-07.wav
-334.34662,100.91969,-6.392025,11.175307,5.6005697,14.592685,-8.491854,-2.0385787,-10.930762,-5.82845,1.8728651,0.8959896,-4.307272,-2.6527297,3.587858,3.6738012,-7.038632,-0.037207477,1.8539089,-5.538177,-3.5716946,-0.06445729,-3.044301,-4.596852,-4.394175,-2.603446,-2.2706995,-0.68824095,-2.4585345,-3.0812244,-1.248639,0.9873024,-3.0646973,-0.18589836,-0.9573743,-3.7261708,-2.0520825,-1.0052758,-0.6289689,0.51342916,happy,4,c:\Users\Kacpiro Recenzje\Desktop\Studia\XAI_2026\data\raw\Actor_07\03-01-03-01-02-02-07.wav
-278.52817,104.48008,-15.021134,11.041592,2.3300428,18.765621,-20.733454,-8.759241,-8.493067,-7.6086545,-9.72168,2.0590594,-4.7738304,-4.6139765,-1.7955418,4.243568,-8.039668,-2.1596205,1.8734689,-4.0187917,-4.427089,1.315467,-0.83447516,-0.8047167,-4.255045,-2.606134,-3.694656,-0.07194303,-3.9802942,0.17691863,2.7303681,2.30827,-0.11986136,3.7719574,1.6521406,2.8868043,2.6715617,6.161895,5.837793,6.026974,happy,4,c:\Users\Kacpiro Recenzje\Desktop\Studia\XAI_2026\data\raw\Actor_07\03-01-03-02-01-01-07.wav
-273.2123,94.40692,-15.047839,9.357793,1.1768169,15.603581,-20.234179,-9.48439,-9.527473,-3.3227963,-7.921596,0.98238724,-6.952363,-5.0369277,-3.6078362,0.13459346,-6.9704366,0.17809242,-0.39804047,-7.093902,-3.790747,0.39133683,-2.7723124,-1.8416021,-4.035327,-4.467433,-2.3696995,0.13051686,-2.3114643,1.6288185,5.3786664,5.4740186,2.9673426,6.755968,5.5201797,5.7684903,4.741628,6.0311036,5.9354916,5.5077443,happy,4,c:\Users\Kacpiro Recenzje\Desktop\Studia\XAI_2026\data\raw\Actor_07\03-01-03-02-01-02-07.wav
-291.96317,112.291405,-23.656609,4.868833,2.8940501,17.534998,-26.75144,-7.325617,-9.3412075,-13.2382345,-10.457186,3.229761,-10.035874,-7.7309327,-2.9979122,-0.33027297,-8.9698305,-7.0546875,-3.5932925,-7.264412,-9.4286,-1.6543808,-3.1468754,-5.8759604,-8.910837,-3.9410894,-6.311304,-1.4644547,-6.7705355,-3.3368578,-0.58684814,-1.9512054,-3.313132,-0.78292525,0.08408772,0.5497707,1.5031185,5.2751784,7.34195,9.017975,happy,4,c:\Users\Kacpiro Recenzje\Desktop\Studia\XAI_2026\data\raw\Actor_07\03-01-03-02-02-01-07.wav
-307.66888,81.485565,-12.120688,7.280284,-0.23829933,17.834526,-16.397049,-11.022063,-11.588324,-0.50773287,-10.511967,1.1695902,-5.628979,-6.98655,-4.376097,2.8505256,-8.982857,-2.7267246,0.5392988,-7.663743,-8.753569,0.45164862,-3.2406583,-3.897979,-5.3006735,-4.66479,-4.3734484,-0.020087492,-4.6147532,4.336468,7.340969,9.789058,8.923425,13.390971,6.038118,6.4632683,4.572192,2.8531456,3.7479477,2.7005603,happy,4,c:\Users\Kacpiro Recenzje\Desktop\Studia\XAI_2026\data\raw\Actor_07\03-01-03-02-02-02-07.wav
-390.36752,97.529045,4.536303,15.021652,3.8967085,15.758305,-6.4675922,1.2632841,-7.555356,-8.515063,-2.5889313,-2.0641963,-3.1873078,-4.5346894,-4.564893,1.7233522,-4.3640995,-2.0997362,0.8234507,-4.9151816,-3.2963715,-2.2944908,0.9384621,-2.111389,-5.2836213,-2.2382202,-4.0038123,-4.3702445,-2.795786,-3.2237399,-2.4323788,0.011350159,-3.8170621,-1.5134295,-0.703706,-4.4825945,-2.6957211,-3.2186003,-2.8149838,-0.4179224,sad,6,c:\Users\Kacpiro Recenzje\Desktop\Studia\XAI_2026\data\raw\Actor_07\03-01-04-01-01-01-07.wav
-388.8326,106.59734,12.038941,18.52711,10.571088,21.780031,-7.1261196,5.5315065,-5.151344,-8.087802,-0.5782829,-0.29573178,-1.9994481,-2.2276452,0.83797896,4.122986,-3.0780473,0.009751556,5.389755,-2.946666,-3.797022,-0.22891752,2.3736575,-1.786108,-2.5584216,-1.6836071,-2.5499995,-1.567627,-2.471475,-3.6007085,-0.85957813,0.7917833,-2.1137133,1.1572266,1.0922894,-1.8368785,-0.30746645,-1.6646724,-0.5897369,0.77299,sad,6,c:\Users\Kacpiro Recenzje\Desktop\Studia\XAI_2026\data\raw\Actor_07\03-01-04-01-01-02-07.wav
-358.70474,96.74382,11.873081,19.648972,1.1738247,17.218834,-7.2234993,4.4598365,-8.829473,-8.023118,-2.641127,-1.8685855,-3.8359258,-4.6245046,-2.5229604,3.0268984,-7.0733676,-1.9570607,2.963926,-5.00813,-4.6987123,-1.6477607,0.08104233,-3.7072468,-3.1363006,-2.481504,-3.1582923,-2.9563031,-4.218834,-4.638345,-1.6689135,0.0072982735,-4.5216784,-0.45851892,-0.36126667,-3.662838,-2.6287413,-2.117213,-3.3366497,-0.53614223,sad,6,c:\Users\Kacpiro Recenzje\Desktop\Studia\XAI_2026\data\raw\Actor_07\03-01-04-01-02-01-07.wav
-313.42664,113.68449,-4.730163,17.050602,6.7830167,17.923218,-16.168692,-1.2531247,-9.314965,-13.457917,-6.3319473,-0.7721081,-7.0064454,-2.2038996,0.022772985,2.0138857,-10.790673,-3.0403402,2.376738,-8.299386,-7.0529447,-1.2269149,-0.019981006,-4.1836214,-5.1697607,-5.1838827,-5.866918,-3.2357578,-4.8084683,-5.3487873,-2.0184655,0.044656605,-5.0400605,-0.28244582,-1.3257496,-5.429177,-2.5848618,-2.9382203,-2.4233382,-0.119729444,sad,6,c:\Users\Kacpiro Recenzje\Desktop\Studia\XAI_2026\data\raw\Actor_07\03-01-04-01-02-02-07.wav
-334.03558,107.93244,-4.1369967,14.046123,6.2421722,21.312437,-18.780052,-11.381015,-8.078271,-8.831659,-13.815242,-8.88767,-6.6857452,-10.573862,-3.244353,-3.5465212,-8.577071,-6.2041535,-2.8294728,-5.3533797,-5.147549,-3.5627742,-2.7464647,-2.9463098,-6.331767,-8.109304,-1.1749457,-1.7428484,-8.062838,-2.70348,-1.9605325,-2.0601861,-2.5316114,-1.5153593,1.8231701,-2.220814,-1.4588418,-0.052197937,0.5821533,1.5402645,sad,6,c:\Users\Kacpiro Recenzje\Desktop\Studia\XAI_2026\data\raw\Actor_07\03-01-04-02-01-01-07.wav
-374.27536,88.50722,3.093111,14.804809,7.296719,19.474104,-14.975342,-6.1690516,-5.517297,-4.6226115,-8.389694,-2.1078706,-2.2157862,-8.384267,-3.7020557,0.92626923,-4.6654425,-3.0508552,-0.3405448,-3.6483219,-4.1330414,0.3486337,1.5714393,-1.3695138,-0.9068673,-2.6923962,-1.0795035,2.06366,-5.3493724,0.8754156,2.156946,-1.4575995,0.7280696,2.345411,2.7404802,2.3211553,1.9776094,2.120414,2.70443,3.2699912,sad,6,c:\Users\Kacpiro Recenzje\Desktop\Studia\XAI_2026\data\raw\Actor_07\03-01-04-02-01-02-07.wav
-342.64856,81.75016,3.769836,19.22858,-0.57551193,18.138512,-9.215183,-5.9960575,-10.196421,-4.768,-9.664387,-5.164759,-5.5628057,-7.913159,-3.8610203,1.0712091,-6.9763575,-4.3026123,0.40575203,-4.9135957,-7.1447797,-1.9079001,1.2287152,-2.5111105,-4.8627396,-3.077796,-4.487251,1.2068981,-6.32877,-4.5446334,0.59688306,-1.1874294,-2.2181838,0.640825,0.9245908,-0.5305786,-0.3366507,0.47909525,1.7389603,3.4890478,sad,6,c:\Users\Kacpiro Recenzje\Desktop\Studia\XAI_2026\data\raw\Actor_07\03-01-04-02-02-01-07.wav
-359.4049,85.82138,1.080101,15.310862,5.381294,20.225815,-11.929855,-12.202881,-7.792418,-8.790427,-13.959169,-5.4973865,-4.3955617,-9.154437,-6.207034,-0.343883,-7.388503,-8.3285675,-2.0339856,-5.1491675,-7.9788713,-1.981038,1.1020612,-4.549617,-4.6887407,-5.104181,-4.173848,-0.9460932,-8.4038105,-3.6697583,-0.6945321,-1.852056,-3.2230072,-1.202032,-0.28877014,-2.9356258,-1.8143077,-0.8545763,-0.22388259,1.6289604,sad,6,c:\Users\Kacpiro Recenzje\Desktop\Studia\XAI_2026\data\raw\Actor_07\03-01-04-02-02-02-07.wav
-343.8397,95.09156,-16.178247,15.465612,4.19418,17.895283,-19.771475,6.39105,-8.522618,-11.671185,-3.4249704,1.8911895,0.60752016,-6.0077534,-0.8302555,9.142025,-6.5985994,-4.3243904,4.920335,-3.2708468,-7.1391335,0.3155286,-1.3919626,-2.6715817,-4.590969,-0.6126121,-2.0939183,-2.7880046,-1.4500291,-1.3399345,-0.78936845,1.4650531,-1.5210233,0.7161671,1.9378896,-2.7204032,-1.4326265,1.2494138,-1.5868161,0.03592157,angry,0,c:\Users\Kacpiro Recenzje\Desktop\Studia\XAI_2026\data\raw\Actor_07\03-01-05-01-01-01-07.wav
-334.31454,79.69083,-17.878588,11.096363,3.23836,13.288198,-21.957354,0.34470373,-3.9248662,-7.1513014,-3.7044535,1.7723783,-2.1500568,-3.2855706,-2.8565185,4.8996263,-7.8691716,-3.129836,2.5072951,-5.4131083,-5.4261007,-0.54616326,-0.6960379,-0.6275334,-3.8980935,-0.80254686,-1.1863544,1.0516802,-0.11280725,1.2423944,4.7053566,6.2969465,5.6450343,12.026229,11.479746,7.7665844,6.9013925,4.448772,1.6684082,3.4480703,angry,0,c:\Users\Kacpiro Recenzje\Desktop\Studia\XAI_2026\data\raw\Actor_07\03-01-05-01-01-02-07.wav
-332.99524,94.81588,0.8565284,23.213219,6.058732,17.574986,-12.2774515,3.8385997,-7.2583323,-9.822204,-2.5414896,-0.4581145,-1.4747039,-4.83082,1.2279783,6.110941,-6.4605117,-4.5209813,4.9543886,-4.5884,-5.4683623,1.3617036,1.1554388,-2.590571,-6.1657305,-1.3370799,-2.8923469,-5.417742,-4.9073133,-3.2711537,-3.783606,0.90537786,-3.7609422,-1.9820645,0.46999332,-2.7785285,-2.5028791,-2.7403522,-2.7680721,-1.3501005,angry,0,c:\Users\Kacpiro Recenzje\Desktop\Studia\XAI_2026\data\raw\Actor_07\03-01-05-01-02-01-07.wav
-308.14215,89.747795,-6.2210493,21.146837,4.3000965,11.641702,-17.511272,1.0100803,-8.537799,-10.289497,-1.2653384,-1.5762789,-3.3094683,-2.9879827,0.25752184,0.8548931,-6.9319644,-3.5449712,1.8120747,-7.3939667,-7.085564,-0.41387516,-2.8923655,-1.5911845,-5.386123,-5.548777,-2.9128196,-3.2370913,-7.000113,-3.849648,-1.2978075,-2.2526414,-4.535615,-1.9664437,-1.0093331,-2.9890196,-1.4522784,-0.08598011,-0.25100198,0.6692165,angry,0,c:\Users\Kacpiro Recenzje\Desktop\Studia\XAI_2026\data\raw\Actor_07\03-01-05-01-02-02-07.wav
-399.22568,69.933945,-9.091229,11.965593,7.808303,16.604853,-13.476174,-2.9494784,-0.89612424,-2.1935527,-4.4832006,3.9562495,0.17225073,-0.5949614,0.9329192,5.506104,-2.5444686,0.422881,4.1417193,-0.17119685,-3.3623588,1.3922994,1.0793595,-0.34356418,-0.9172004,-0.2990167,-1.2973453,2.5717351,-0.82276666,-0.20132127,3.9029589,4.866697,0.5049183,5.3516803,5.6777205,2.1634352,3.111189,4.4825344,2.794598,3.2320933,angry,0,c:\Users\Kacpiro Recenzje\Desktop\Studia\XAI_2026\data\raw\Actor_07\03-01-05-02-01-01-07.wav
-340.80664,68.01147,-18.768028,9.864036,7.104551,14.109714,-20.31383,-4.3360395,0.4760524,-1.9765257,-7.205499,3.2406003,-2.0132031,-2.5299132,-1.0627162,4.1611075,-4.458045,-0.6535322,3.6143782,-1.6268293,-3.059953,-0.21091959,1.3847721,0.07016527,-1.4837152,0.16764328,0.22466716,3.1101112,-0.09484928,1.1207615,3.748143,4.761453,3.3386366,7.7066755,7.950588,4.3604245,5.058357,7.07292,4.686836,4.9369345,angry,0,c:\Users\Kacpiro Recenzje\Desktop\Studia\XAI_2026\data\raw\Actor_07\03-01-05-02-01-02-07.wav
-329.16718,55.071514,-30.674091,2.5795336,-5.9187236,8.56737,-25.613285,-3.7703147,-6.612294,-13.184831,-11.651237,1.1825614,-3.7058494,-7.6290517,-2.5490935,0.52649856,-5.043406,-0.48744196,1.2279603,-0.3046038,0.2550018,2.0589259,0.36367884,1.8660161,0.24826007,4.8306723,2.9794464,5.771373,3.1997163,1.1065856,1.2703024,3.492982,1.8518037,2.9549434,1.3969592,1.1430391,1.9392973,3.5429883,3.0246422,3.1020577,angry,0,c:\Users\Kacpiro Recenzje\Desktop\Studia\XAI_2026\data\raw\Actor_07\03-01-05-02-02-01-07.wav
-312.43063,70.64503,-29.933403,8.600092,-1.0951769,14.405565,-24.858738,-3.3990254,-4.9694424,-11.519999,-16.010815,3.9655683,-3.3182309,-7.2058992,-7.9383006,2.506504,-4.918551,-7.125486,-3.0966613,-4.8855247,-8.347857,-2.902252,0.6398549,1.7588973,-1.7367712,5.265573,1.2186223,2.4433525,4.3500085,6.877329,5.342813,9.990109,8.057918,8.344706,4.8681545,3.822272,4.619705,4.483752,1.8041432,2.069906,angry,0,c:\Users\Kacpiro Recenzje\Desktop\Studia\XAI_2026\data\raw\Actor_07\03-01-05-02-02-02-07.wav
-364.8873,88.68948,-4.9236884,17.797949,3.879593,17.690964,-10.131738,0.31431508,-9.222729,-9.636139,-3.3916492,-0.04547844,-0.6844145,-4.174448,-1.5671816,4.9937882,-2.3317087,-1.6851988,0.8203013,-2.6466072,-3.505766,-2.2458234,1.3102599,-2.2491162,-5.3992257,-3.749619,-3.8925192,-1.3813304,-2.1260333,-2.9450886,-1.5173861,0.6750877,-2.3972113,0.7232373,2.1656468,-2.3874097,-1.6447289,-0.72423637,1.0108476,1.8734901,fear,3,c:\Users\Kacpiro Recenzje\Desktop\Studia\XAI_2026\data\raw\Actor_07\03-01-06-01-01-01-07.wav
-358.5472,88.37338,-9.18878,11.514672,0.92449,14.658693,-13.611105,-7.5200195,-12.0085125,-11.67297,-7.550783,-2.319864,-2.928658,-7.5279236,-2.8798542,1.1782286,-10.160144,-2.4651978,1.7787871,-7.4306383,-4.012369,-2.6824155,-4.3365893,-5.3883333,-5.665785,-5.8171654,-4.1356974,-1.6341993,-6.1134152,-3.283301,-1.5127393,0.07817126,-2.2091703,-0.36167604,1.0326917,-2.8103414,-0.81252825,0.97626644,3.9396825,3.9925802,fear,3,c:\Users\Kacpiro Recenzje\Desktop\Studia\XAI_2026\data\raw\Actor_07\03-01-06-01-01-02-07.wav
-366.04117,78.27416,0.46379295,16.137674,4.0739326,15.180792,-10.413268,-5.1614203,-10.105221,-6.1134024,-5.753889,-4.475405,-1.1396677,-2.6953862,-0.7189265,1.4515535,-5.8072743,-0.85221136,1.4251666,-6.0625587,-3.2971509,-0.26935452,-1.2726846,-1.6959945,-4.6326075,-5.970265,-3.3503852,-1.1419375,-5.2198334,-1.7455838,-2.2088752,-1.6323799,-0.79283834,-2.0775957,-1.2278247,-1.8779535,-4.006745,-3.4457805,-2.2318058,-1.4604399,fear,3,c:\Users\Kacpiro Recenzje\Desktop\Studia\XAI_2026\data\raw\Actor_07\03-01-06-01-02-01-07.wav
-373.44016,67.60134,0.3455867,14.746304,-0.30950463,11.04442,-11.373241,-6.0915875,-11.867024,-10.2251,-5.233833,-5.7893567,-6.772343,-4.033163,-2.8505578,-1.6146351,-5.4999394,-3.4955933,-2.9398813,-6.3895836,-3.9187484,-3.7092462,-4.3437886,-4.060756,-7.445082,-7.8827953,-3.2965195,-3.4655614,-6.2822194,-5.0892677,-4.0759335,-3.3793902,-4.8477354,-4.009221,-3.4767938,-4.021725,-4.824361,-3.0963328,-0.66005206,-1.0824549,fear,3,c:\Users\Kacpiro Recenzje\Desktop\Studia\XAI_2026\data\raw\Actor_07\03-01-06-01-02-02-07.wav
-329.98322,66.55826,-20.874142,4.021257,-6.5362177,9.74104,-22.584293,-8.183226,-12.793636,-12.554101,-9.550746,-8.497736,-8.207021,-5.9020615,-4.356626,-0.62295794,-6.2015433,-0.47367004,-1.4057107,-5.1784263,-1.7614878,0.34250215,-2.0265326,1.1356214,3.8083518,5.353495,8.691569,11.783145,6.6540036,2.6886246,2.570181,3.2046652,1.3832511,3.986877,6.3985753,3.7274992,0.52830327,1.2878342,3.4300277,2.8510547,fear,3,c:\Users\Kacpiro Recenzje\Desktop\Studia\XAI_2026\data\raw\Actor_07\03-01-06-02-01-01-07.wav
-378.50305,59.875492,-14.340334,6.9729447,-4.7819133,7.082298,-23.130283,-6.1247816,-6.362157,-5.1384234,-9.556823,-7.5463295,-3.4500608,-6.0190964,-8.364306,-0.60320365,-2.6394632,-2.9370859,-1.9418999,-2.095811,-2.612462,-0.604632,4.8491516,2.232087,1.6131159,2.4217155,1.0673487,2.212033,2.4392114,3.8533664,10.025851,11.164965,7.8210483,6.8524027,4.9999948,0.5825827,1.9744363,3.9106164,2.5378993,2.6155012,fear,3,c:\Users\Kacpiro Recenzje\Desktop\Studia\XAI_2026\data\raw\Actor_07\03-01-06-02-01-02-07.wav
-368.11554,51.8337,-25.410666,7.0818257,-9.182726,10.356683,-23.900616,-10.157604,-12.850505,-13.7407055,-7.957063,-7.354953,-8.678295,-5.0865273,-6.297329,-2.7770686,-8.477226,-3.0376873,-2.8099568,-3.9077997,-1.5067338,3.3822615,2.1210675,3.7180266,4.769649,3.4229805,5.82547,3.3258843,-2.7101083,0.78348416,1.8249358,4.173608,1.8479134,1.6818948,0.9069864,-0.27335212,-0.7418071,1.1730108,1.7006805,0.4709017,fear,3,c:\Users\Kacpiro Recenzje\Desktop\Studia\XAI_2026\data\raw\Actor_07\03-01-06-02-02-01-07.wav
-382.32114,52.650875,-21.233585,4.779809,-9.943374,4.939854,-21.948103,-6.875655,-11.46159,-12.886746,-6.4696684,-4.486537,-6.7177052,-3.3509777,-3.418529,-2.4736977,-5.488121,-0.30366245,-1.6175307,-4.775923,0.8502276,5.8659215,5.3853126,8.34333,7.78753,6.5216055,4.0533,2.1936798,0.0070168786,0.7593917,4.562456,5.5155067,1.1084263,0.9491208,1.3242553,1.630766,3.42265,2.937777,1.5509192,1.5758848,fear,3,c:\Users\Kacpiro Recenzje\Desktop\Studia\XAI_2026\data\raw\Actor_07\03-01-06-02-02-02-07.wav
-381.55646,79.400475,1.204531,22.431406,1.2216403,14.477129,-13.942032,-1.2918725,-5.9845076,-1.8855145,-0.31115472,-3.7161787,-0.9805534,-0.43489584,-3.4749992,0.7966547,-3.2009113,2.2807941,-1.1018044,-6.0745,-1.2280505,-1.2332183,-2.4849887,-0.33072606,-5.4164963,-3.5290189,-1.6034164,-2.0486875,-5.645392,-1.4630089,-1.4826292,-0.49778163,-1.662659,-2.2926085,-0.10621278,-3.152737,-3.39755,-1.7019213,-1.2181946,-1.4195834,disgust,2,c:\Users\Kacpiro Recenzje\Desktop\Studia\XAI_2026\data\raw\Actor_07\03-01-07-01-01-01-07.wav
-373.5486,86.913345,3.4975486,16.816109,4.5769033,13.584349,-14.947233,-1.4258614,-7.6549945,0.52013856,-0.8036507,-3.2119145,-0.42438698,-1.7550079,-1.8408608,1.7434303,-5.470084,2.0524201,0.9539628,-6.104836,-1.2722869,-0.77133834,-3.0133746,-0.90970314,-4.9644628,-4.1716776,-1.877254,-1.6972808,-3.6912634,-1.4297485,-0.75045925,-2.1301444,-2.4174604,-0.40005887,-2.0853744,-3.4838388,-2.8795545,-2.1229806,-1.6552249,-0.67822003,disgust,2,c:\Users\Kacpiro Recenzje\Desktop\Studia\XAI_2026\data\raw\Actor_07\03-01-07-01-01-02-07.wav
-336.3243,82.97309,13.189445,22.466654,2.4684143,19.86771,-6.2786655,2.6128364,-8.616161,2.0345762,1.7055699,0.17491691,-0.1928449,0.5242479,0.12618488,3.5128078,-2.4012272,3.0064406,2.4706151,-2.442958,-1.80948,-1.0241176,0.70936996,0.71540904,-3.6037905,-3.1810143,-3.890122,-0.8059314,-4.034965,-2.2117937,0.86453444,-0.8524974,-1.7595313,-0.7921759,-1.2953405,-1.7935783,-2.9926875,-2.317955,-1.1268296,-1.0510954,disgust,2,c:\Users\Kacpiro Recenzje\Desktop\Studia\XAI_2026\data\raw\Actor_07\03-01-07-01-02-01-07.wav
-361.15747,76.86082,5.8659835,23.86967,2.6683965,17.914438,-17.537191,1.0360821,-6.434457,1.0088423,-3.8910172,-4.5420666,-2.221864,-0.0056986166,-5.0388427,2.187767,-3.7378998,-1.4572546,0.1818075,-3.0472634,-3.215642,-2.8948672,-0.86289567,0.600973,-7.095267,-2.462202,-2.699742,-2.4908419,-3.9759347,-2.096906,-2.260522,-0.81663126,-2.4481726,-1.2089411,-0.8130373,-3.1333115,-1.895304,-2.8074799,-1.6949532,1.4276265,disgust,2,c:\Users\Kacpiro Recenzje\Desktop\Studia\XAI_2026\data\raw\Actor_07\03-01-07-01-02-02-07.wav
-326.00348,88.65855,-2.9685805,25.531473,6.609544,10.018569,-24.033398,-0.47166303,0.6267584,-3.9047968,-9.619803,-5.1570315,-1.4697505,-1.9436027,-7.019861,1.6214225,-3.9433455,-4.188713,0.33470705,-1.9836733,-6.3294606,-0.40937734,-0.59761274,-3.266584,-6.2318234,-3.364905,-2.922013,-3.795311,-6.2525387,-0.47067186,-1.9180584,-0.98917633,-1.5066624,1.970164,-0.52776796,-1.7870057,-2.4345927,-2.2055817,-0.8681564,2.4297328,disgust,2,c:\Users\Kacpiro Recenzje\Desktop\Studia\XAI_2026\data\raw\Actor_07\03-01-07-02-01-01-07.wav
-354.80994,99.15582,2.0699542,33.334164,10.366365,18.196938,-16.336185,-0.3184957,-0.029137578,3.2828224,-5.675471,-3.1524456,2.2591166,3.0177908,-7.648811,4.40163,-0.8715127,-0.124516994,1.1821476,-0.13969292,-3.082749,-0.9170054,1.413144,-0.7394783,-4.958563,-2.1208131,-2.1206799,-0.97579163,-3.9515429,-1.9281881,0.12872514,-0.49373084,-3.8790712,-0.22774974,0.96588016,-2.0062473,-2.908319,0.6868924,-1.2688897,0.6923018,disgust,2,c:\Users\Kacpiro Recenzje\Desktop\Studia\XAI_2026\data\raw\Actor_07\03-01-07-02-01-02-07.wav
-373.51114,90.40908,7.6763268,34.65409,5.278665,15.565291,-17.148258,-1.4283572,-2.1285684,0.31988385,-5.211538,-6.571046,-1.4226592,1.3230602,-8.809841,0.7229464,-3.6622436,-1.9515126,-0.5237464,-2.9473712,-5.020768,-1.0678624,-2.1047962,-3.3689628,-5.805116,-3.1198957,-3.4619522,-3.511058,-5.5894127,-3.4698641,-1.3615252,-1.8351765,-4.775869,-0.15370195,-1.4388149,-3.8828464,-1.676995,-1.0459055,-1.337151,1.1703496,disgust,2,c:\Users\Kacpiro Recenzje\Desktop\Studia\XAI_2026\data\raw\Actor_07\03-01-07-02-02-01-07.wav
-268.37708,97.32067,4.763035,42.506393,-2.3886147,19.866903,-24.684069,-2.167446,-4.3109937,-2.4576588,-10.830277,-10.143147,-2.587017,-1.4295988,-9.812218,1.1786141,-4.56076,-4.9912834,0.026852764,-3.7312298,-7.593215,-0.39882064,-2.460313,-5.099172,-9.893735,-1.4788678,-5.246498,-4.548234,-7.2018256,-3.4087193,-3.1746829,-2.8464997,-4.755843,-0.59355515,-2.55009,-4.47625,-2.8412793,-1.8197796,-1.2611328,3.4836514,disgust,2,c:\Users\Kacpiro Recenzje\Desktop\Studia\XAI_2026\data\raw\Actor_07\03-01-07-02-02-02-07.wav
-386.23267,88.4756,4.678348,18.006376,3.4746928,15.620893,-13.629197,1.3624331,-8.798991,-5.3982787,-0.06631113,-1.1672714,-5.8731856,-1.9134519,-2.5061874,-0.88715607,-6.755637,-0.30171734,0.6760543,-6.7272596,-1.7740287,0.5490456,-2.755051,-3.3314157,-3.1772833,-2.6584392,-2.8573904,-0.8918751,-4.9238205,-3.4486077,-0.22174507,-0.6838819,-2.4337597,-0.31246012,-0.09177309,-2.4690886,-0.88692737,-1.3878171,0.96311563,2.2133834,surprise,7,c:\Users\Kacpiro Recenzje\Desktop\Studia\XAI_2026\data\raw\Actor_07\03-01-08-01-01-01-07.wav
-341.2776,84.538345,4.310065,21.176842,2.4569373,15.113735,-15.818973,0.041778214,-7.2352858,-2.1294293,-1.3223262,-3.2685463,-4.4134765,-1.5344988,-3.1100593,-0.27001905,-4.964375,1.1978866,-0.6985747,-6.97516,-0.46723717,0.06456838,-4.249257,-0.6694695,-4.278384,-4.0669847,-1.5411258,-3.4944952,-5.859664,-2.6723955,-2.0442894,-1.3127623,-3.1779344,-1.9404587,0.12645021,-3.674542,-2.5868697,-0.87396383,-0.7242573,0.7650639,surprise,7,c:\Users\Kacpiro Recenzje\Desktop\Studia\XAI_2026\data\raw\Actor_07\03-01-08-01-01-02-07.wav
-356.93195,88.253426,8.230176,22.350052,2.0957224,16.761827,-13.569139,1.6795201,-6.8473716,-3.1099298,1.2224466,-2.4872115,-4.620629,0.08307296,0.32044286,1.0133083,-6.026471,-0.60500234,1.5331559,-6.0382996,-2.1051662,1.9474201,-2.833562,-1.7727189,-3.1308503,-3.2110784,-3.1507027,-1.8763809,-6.103529,-3.2771294,0.01419906,-1.4149014,-2.2198565,-0.8750156,-1.3566815,-2.191415,-2.6380506,-2.2391489,-0.6992431,-1.0007223,surprise,7,c:\Users\Kacpiro Recenzje\Desktop\Studia\XAI_2026\data\raw\Actor_07\03-01-08-01-02-01-07.wav
-378.7949,88.15318,6.9293704,20.896244,5.7896457,17.528767,-14.132198,2.3671894,-6.223219,-5.8165045,0.46966952,-2.556947,-5.829878,-0.4464569,-0.41408518,0.7989787,-6.08328,0.12246014,2.3599565,-6.0107865,0.08281172,1.5766093,-1.9396168,-1.0684525,-2.7537835,-3.8486254,-2.4289541,-1.0958539,-5.6484632,-2.7459161,-1.1280979,-1.1044847,-2.0887902,-1.2605444,-1.3862888,-1.7290802,-2.9120972,-2.612398,-1.2529751,-0.5615127,surprise,7,c:\Users\Kacpiro Recenzje\Desktop\Studia\XAI_2026\data\raw\Actor_07\03-01-08-01-02-02-07.wav
-328.88885,83.49015,-6.621769,21.392895,-1.4911252,9.957879,-14.56996,-5.0091476,-8.194061,-7.2637534,-5.631629,-4.1280766,-5.3180842,-3.9612765,-4.3680096,-1.2431296,-9.41493,-4.2437344,-1.4765267,-4.526195,-2.7644982,-0.09052892,-1.8722367,-4.038119,-4.122946,0.66844565,0.017045232,1.4884814,2.5720284,4.3125877,2.4655719,3.906502,2.255975,3.9739625,3.0580924,1.1731342,2.8535078,4.024049,2.2512808,3.4538882,surprise,7,c:\Users\Kacpiro Recenzje\Desktop\Studia\XAI_2026\data\raw\Actor_07\03-01-08-02-01-01-07.wav
-368.62372,75.45876,0.35942888,22.859575,1.6373186,16.442577,-15.934993,-1.4588522,-6.957944,-4.900891,-3.17046,-5.038072,-4.9162984,-3.8607728,-4.0703783,-2.0962002,-6.419418,-2.1341164,-2.6320615,-6.5674434,-1.8135499,-0.0010650852,-4.1973896,-1.1062454,-3.3329165,-3.164995,-0.15098171,-1.8675545,-5.3950343,-2.090579,-1.1084642,-0.9909814,-2.8595326,-0.9235685,1.38859,-1.1129107,-0.7782704,0.7109559,1.2513093,0.8700263,surprise,7,c:\Users\Kacpiro Recenzje\Desktop\Studia\XAI_2026\data\raw\Actor_07\03-01-08-02-01-02-07.wav
-355.25726,67.2974,-6.362321,16.629793,-1.4163723,10.536506,-14.061963,-5.14715,-10.327077,-8.066984,-4.0234733,-3.7189577,-7.690694,-2.9727151,-3.6321533,-2.373736,-7.1764736,-0.3704652,-2.7118628,-7.6228943,-1.297709,0.16138266,-2.903229,-0.75341517,0.4015338,-1.2375889,-0.9214698,0.65784085,-2.2084687,-0.2863868,2.533776,3.1500843,2.7715764,3.8129845,2.6612713,1.4596218,0.26263562,1.58638,1.3676642,0.943252,surprise,7,c:\Users\Kacpiro Recenzje\Desktop\Studia\XAI_2026\data\raw\Actor_07\03-01-08-02-02-01-07.wav
-370.7748,73.79953,-0.53361285,22.147003,1.1725026,13.1029,-13.847315,-3.1885004,-6.3655624,-5.7828236,-1.8936034,-3.90599,-6.769298,-3.2656388,-1.670269,-1.8219795,-6.9604225,-2.180567,-0.321056,-7.3423157,-2.868166,-0.1875482,-3.8895316,-2.122922,-4.9409075,-5.547178,-2.3079493,-1.5899911,-5.385294,-1.9742455,-0.7835732,-0.3489025,-2.79403,-2.0772717,0.60458946,-2.1282308,-2.3667278,0.31147084,0.5393768,0.8449544,surprise,7,c:\Users\Kacpiro Recenzje\Desktop\Studia\XAI_2026\data\raw\Actor_07\03-01-08-02-02-02-07.wav
-380.9432,88.349335,6.3431234,21.680872,7.62645,15.319782,-10.231779,14.384435,-9.180077,-4.5865173,3.6257198,-4.1858783,1.7930785,-2.6985922,-5.1211023,2.1930742,0.5316188,-1.0129994,-1.2725607,-1.8139697,0.85194916,-0.07055361,0.20769657,0.6946511,-1.0358045,-0.81396943,-0.01453773,-0.84361845,-1.8102397,2.1474457,-2.261053,2.028823,1.6574835,1.1194339,1.9258438,1.0515513,0.3994434,0.68782693,0.26983038,1.2755566,neutral,5,c:\Users\Kacpiro Recenzje\Desktop\Studia\XAI_2026\data\raw\Actor_08\03-01-01-01-01-01-08.wav
-348.55142,93.60644,7.886913,19.653023,9.404099,14.487069,-12.1226015,14.074214,-8.781884,-4.5945883,0.89777404,-4.7900314,-0.09686063,-2.8976212,-4.1827736,0.18397836,-0.30975214,-2.2319887,-3.5437214,-3.4160907,-0.2429301,0.5114574,0.35680935,-1.0208504,-0.5032761,-0.9309164,-3.0570881,-1.2940472,-1.295603,-0.06743178,-2.3925745,-0.94721586,-0.29827243,-0.032964177,1.9432697,3.1505983,1.8125119,2.9155746,0.5490382,1.302667,neutral,5,c:\Users\Kacpiro Recenzje\Desktop\Studia\XAI_2026\data\raw\Actor_08\03-01-01-01-01-02-08.wav
-359.43726,85.39841,10.619355,22.13275,6.8415284,15.261076,-10.434399,13.286921,-10.904394,-3.8405173,-1.2450564,-4.202395,-0.68737924,-3.116478,-4.360917,1.3555454,-2.6670783,-3.426798,-2.2821858,-3.1907833,0.35536712,0.14412205,0.37690642,-2.2539086,-1.3365151,-1.38699,-2.246538,-1.2919534,-0.33408782,0.5625406,-3.881255,0.26227435,-1.979619,-1.0625554,-1.5353471,0.1873367,0.6766125,3.5684972,4.376685,5.7549477,neutral,5,c:\Users\Kacpiro Recenzje\Desktop\Studia\XAI_2026\data\raw\Actor_08\03-01-01-01-02-01-08.wav
-357.0275,88.2261,8.091969,21.074808,7.79518,13.377483,-7.0085063,12.419478,-8.664476,-3.5924854,-1.4421753,-2.4308553,1.9114263,-3.075556,-1.9993637,0.81009823,-0.61539423,-3.5905461,-1.5450443,-2.8265417,-0.007875862,2.0388863,-0.67989886,0.6812041,-0.1532009,-0.62341404,-1.6722968,-1.1985756,0.52216905,0.14353305,-1.73713,-1.0030029,-1.8059382,-1.413251,-0.9515742,0.123148814,-0.37569594,0.37809137,1.1472715,2.7792182,neutral,5,c:\Users\Kacpiro Recenzje\Desktop\Studia\XAI_2026\data\raw\Actor_08\03-01-01-01-02-02-08.wav
-325.00015,92.15156,15.993122,19.318745,9.546996,16.138922,-10.132619,15.769988,-10.300297,-2.0419765,-2.5586898,-2.6091106,0.7643291,-4.3185782,-4.4581265,0.47678044,-2.720211,-0.8369292,-0.52680117,-4.01333,-0.7583451,0.8283698,-0.6955527,2.4851499,-1.1080999,1.3477291,-1.6838136,-0.9739933,0.6656289,-1.348131,-2.4365382,0.65345365,-0.9785329,0.68153965,0.6996473,2.2503915,0.6241621,-0.577913,-0.10102679,0.53716606,calm,1,c:\Users\Kacpiro Recenzje\Desktop\Studia\XAI_2026\data\raw\Actor_08\03-01-02-01-01-01-08.wav
-365.57742,84.49625,11.903163,23.17063,8.628766,14.5881195,-4.7673697,13.181838,-7.894973,-0.4054044,-1.3799297,-1.3798776,0.9757331,-5.537612,-5.3514996,2.0772552,-0.67814434,-1.0684233,-0.6738086,-2.8641424,-0.8475868,0.8289117,-0.12336406,1.6913218,-0.06899056,-0.74386054,-2.201027,-1.5872314,1.0395825,-0.91856396,-2.0183299,0.45573586,-0.74045795,0.0905963,0.6726101,1.8050778,0.69294286,1.7744108,2.3382347,4.6405983,calm,1,c:\Users\Kacpiro Recenzje\Desktop\Studia\XAI_2026\data\raw\Actor_08\03-01-02-01-01-02-08.wav
-355.696,81.2838,16.643774,28.491146,6.5711036,17.988857,-4.846374,15.798198,-8.219352,-2.3462174,0.16770989,-1.0549412,0.8675119,-3.31538,-3.7022367,3.4656856,-2.9726613,-1.3092958,-2.202964,-2.5570545,-0.77153873,1.2657495,-0.2606653,1.1806607,-0.38477147,-0.21046448,-2.7424493,-1.0279453,0.58313435,-0.8307365,-2.5228517,-0.9103684,-2.1171885,-2.431882,-1.9717745,1.2021687,0.20230189,2.438338,2.8867166,4.416082,calm,1,c:\Users\Kacpiro Recenzje\Desktop\Studia\XAI_2026\data\raw\Actor_08\03-01-02-01-02-01-08.wav
-320.48355,87.14298,12.77297,23.501589,10.013264,18.614374,-5.8412533,14.660929,-7.3870416,-4.1947336,0.19097164,-3.7905576,1.4862859,-4.3934855,-5.091924,2.9638066,-1.769433,-1.8002439,-0.5826391,-2.5404983,0.24613963,0.40358394,-0.15565069,0.767785,-1.2828896,-0.62975687,-2.29901,-1.3071258,0.91155726,-0.20028438,-2.8732023,0.06666268,-2.683496,-0.36730003,-2.34356,2.000134,1.708645,3.919757,5.053412,6.834794,calm,1,c:\Users\Kacpiro Recenzje\Desktop\Studia\XAI_2026\data\raw\Actor_08\03-01-02-01-02-02-08.wav
-299.229,88.21971,9.34561,22.811745,9.152405,15.023841,-9.9415655,15.987031,-6.8556166,-0.6340107,-2.3911638,-2.8704054,2.5927942,-6.2479377,-5.546718,0.9047583,-2.1843157,-0.78605455,-1.786262,-4.654053,0.26320755,0.98397803,0.63730216,1.5072896,-2.7417521,0.6606246,-1.2768631,-0.14811523,0.5857701,-1.6949198,-1.5572039,0.12058988,-2.184257,0.88797337,0.54970556,2.8493934,1.0646352,1.0176795,-0.20440067,2.3352852,calm,1,c:\Users\Kacpiro Recenzje\Desktop\Studia\XAI_2026\data\raw\Actor_08\03-01-02-02-01-01-08.wav
-331.50555,91.6204,10.786125,23.714487,5.9041586,15.620294,-8.68054,17.024536,-6.890072,-1.9792547,-0.8757692,-3.6930318,-0.349058,-7.0756626,-8.172467,-0.2827394,-5.193521,-0.3061686,-2.737871,-7.0930824,-0.041034833,-0.3638449,0.35239676,0.5248858,-2.9417984,-1.5922424,-1.2874373,-0.37317464,-1.7125903,-3.5398688,-2.8210783,-0.4579357,-2.5062585,-1.1112813,-1.4768986,1.3951302,0.25195983,0.19693026,0.80902207,4.1145716,calm,1,c:\Users\Kacpiro Recenzje\Desktop\Studia\XAI_2026\data\raw\Actor_08\03-01-02-02-01-02-08.wav
-326.1422,84.14952,13.496877,26.172728,5.211995,16.888393,-5.5178957,16.365873,-6.977466,-1.8922334,-2.9954073,-2.7847943,0.42378944,-5.8400826,-6.3047867,-0.024598358,-3.5175505,-2.541532,-4.886548,-4.2663035,-1.2742876,-0.7145747,-0.27742282,0.24448551,-2.274937,-1.3750061,-2.7728713,-1.6032935,-0.100212015,-2.4600112,-2.8185582,-0.51699966,-2.389522,0.8163873,-0.7515982,2.9562013,2.226634,2.292186,3.114145,4.7063837,calm,1,c:\Users\Kacpiro Recenzje\Desktop\Studia\XAI_2026\data\raw\Actor_08\03-01-02-02-02-01-08.wav
-301.44092,88.301384,8.908679,25.321234,6.5613675,15.663173,-7.280698,15.008761,-9.840996,-1.9332691,0.316098,-4.5206223,-0.19850808,-7.835237,-8.076928,0.088711895,-3.513673,-1.0478381,-3.0029402,-4.8865533,-1.7858307,-0.51349986,0.83088195,1.1849822,-2.0394006,-0.53623813,-3.2504778,-1.9157003,-0.41912502,-1.8980949,-4.3902516,-1.1994224,-3.5944824,-1.5223835,-2.6632261,1.561408,0.42910475,1.6200869,2.1898255,5.5303435,calm,1,c:\Users\Kacpiro Recenzje\Desktop\Studia\XAI_2026\data\raw\Actor_08\03-01-02-02-02-02-08.wav
-384.66888,90.94522,-5.804746,10.197867,10.436395,12.839285,-8.149163,8.274418,-7.7254043,-2.8976436,2.0979497,-3.0139155,-1.3362257,-0.90898156,-5.5967784,1.480318,-2.2930183,-0.80760443,-2.8214066,-3.9346817,-1.2315239,-0.61328936,-0.5477696,0.25479674,-0.64463526,-0.18849869,-0.37199435,1.012983,0.7192456,3.0175774,0.40661967,2.4118998,0.44617674,1.3854213,1.5889019,1.4359494,1.3973701,1.7152224,2.6893713,3.711688,happy,4,c:\Users\Kacpiro Recenzje\Desktop\Studia\XAI_2026\data\raw\Actor_08\03-01-03-01-01-01-08.wav
-408.10886,85.0643,-7.8200197,13.1281595,13.814116,11.563474,-9.429855,6.419624,-5.634337,-3.8533554,1.318795,-2.6763017,-0.43218216,-2.2488368,-5.1293383,1.0607046,-1.9725212,0.30607823,-2.662248,-4.6768503,-0.45067868,-0.78073204,-1.1313392,-0.6842102,-0.36507887,-0.60699654,-1.5886716,-0.12834805,0.63995796,0.58241695,-1.7004948,-0.11311762,-1.3442242,0.59983164,0.7420329,0.3788884,0.25951976,-0.20889823,1.0161268,2.9927464,happy,4,c:\Users\Kacpiro Recenzje\Desktop\Studia\XAI_2026\data\raw\Actor_08\03-01-03-01-01-02-08.wav
-392.60544,84.47911,0.42496225,15.922824,10.398126,15.628681,-8.796625,7.0890846,-6.237192,-5.355013,2.37103,-3.6226847,-2.5566049,-1.1734287,-6.090171,0.51162046,-1.9407481,0.18550965,-4.411973,-5.300567,-1.4393563,-0.47492164,-3.2969048,-1.1307219,-0.087088026,-1.0164798,-2.4530268,0.20866881,-1.1064013,-0.12118717,-3.874204,-0.68415034,-1.9901388,1.4848086,2.5558152,3.833814,5.169315,2.5774782,3.2135236,2.8509734,happy,4,c:\Users\Kacpiro Recenzje\Desktop\Studia\XAI_2026\data\raw\Actor_08\03-01-03-01-02-01-08.wav
-412.81683,79.791504,-6.404059,9.838175,8.80369,13.688582,-8.276187,2.1347902,-7.778436,-7.4153576,1.3560266,-4.6439786,-3.4558427,-0.8212442,-5.284532,1.0679139,-1.9476911,0.5702533,-3.3259783,-4.1200333,-0.424838,-0.75900185,-1.3295168,-0.49625787,-0.004107753,-0.92955387,-2.9026408,-1.4645908,-1.748833,-0.8092302,-2.9184256,-0.9738196,-0.048545457,2.6195881,3.122713,3.2692106,2.4397917,-0.3169048,1.2879832,2.7261066,happy,4,c:\Users\Kacpiro Recenzje\Desktop\Studia\XAI_2026\data\raw\Actor_08\03-01-03-01-02-02-08.wav
-387.23572,88.57447,-16.950022,2.7818651,7.4333425,9.7234,-15.572697,4.4018407,-5.7238884,-8.4278345,1.249073,-4.4679565,-7.977829,-3.545592,-6.711637,-0.30290502,-1.0462705,-1.4589204,-3.5487628,-4.8852983,-0.26231742,-1.1987298,-0.6921745,1.316696,2.9928813,3.9283438,2.4484432,7.4509797,8.766806,6.944995,2.7067087,2.3654633,1.9557933,2.6367178,4.9938974,4.79443,3.3271303,1.0578269,-0.21798626,2.3931775,happy,4,c:\Users\Kacpiro Recenzje\Desktop\Studia\XAI_2026\data\raw\Actor_08\03-01-03-02-01-01-08.wav
-350.46582,92.020485,-21.6076,5.8604336,12.898531,9.379161,-12.716295,6.287607,-2.1171265,-4.854833,2.0038662,-2.7100213,-6.674709,-2.3708484,-5.4359126,-0.14282589,-0.2007166,-0.4466607,-3.8702474,-4.5855775,0.47298416,-2.3987792,-0.28742948,1.2757088,1.400155,2.501776,-0.8111644,3.5505407,4.923396,4.712412,2.6011326,2.1590545,2.9402103,3.682096,2.6081343,2.7685666,3.5063498,3.2382731,3.6724498,5.4729905,happy,4,c:\Users\Kacpiro Recenzje\Desktop\Studia\XAI_2026\data\raw\Actor_08\03-01-03-02-01-02-08.wav
-375.2388,79.56945,-20.808828,4.8411136,7.5194464,8.898854,-16.036406,1.3370522,-6.946499,-11.260536,-0.37008765,-6.3792753,-10.755984,-3.4456499,-7.1837873,-4.563298,-4.9775743,-3.2523878,-6.508788,-7.953975,-2.1300123,-2.7972407,-3.827107,-2.4622436,-2.2775283,-1.452311,-3.3256645,1.8802097,5.5099483,9.156517,9.357968,9.898995,8.845221,6.469566,3.6903214,3.622,3.1926003,4.3268547,4.538803,4.9195595,happy,4,c:\Users\Kacpiro Recenzje\Desktop\Studia\XAI_2026\data\raw\Actor_08\03-01-03-02-02-01-08.wav
-335.2536,88.58662,-21.28641,3.437978,6.900834,9.483812,-18.312822,-0.14550522,-7.604718,-13.126896,-1.3411021,-4.9891515,-10.917141,-5.98812,-8.212178,-4.8918457,-3.687636,-3.3824873,-6.125228,-6.0965366,-1.4298092,-3.4561331,-2.8414593,-1.291777,-0.337947,0.35252813,-1.9467553,3.9203565,5.9370284,8.025888,6.9815207,6.5045915,5.360504,4.2892537,2.6967807,3.274527,2.3070083,1.9279854,3.3533394,4.3386965,happy,4,c:\Users\Kacpiro Recenzje\Desktop\Studia\XAI_2026\data\raw\Actor_08\03-01-03-02-02-02-08.wav
-308.15668,83.47122,14.657696,23.856663,6.935083,20.958424,-9.373087,11.69407,-10.630794,-1.9792578,-3.2870333,-4.5139513,0.119795345,-7.367975,-7.6773424,3.1705458,-4.730168,0.3537254,-1.1812671,-6.2854824,-1.4288564,-0.31023368,-0.42933923,1.1840262,0.09271078,0.6373546,-3.663182,-1.0639625,0.34415802,1.5674957,0.33771002,1.3032017,-0.87435824,2.8788223,1.1395504,4.423221,4.9639144,5.4728,5.955076,10.061599,sad,6,c:\Users\Kacpiro Recenzje\Desktop\Studia\XAI_2026\data\raw\Actor_08\03-01-04-01-01-01-08.wav
-331.70435,94.6352,9.967742,21.563078,10.225853,15.385751,-7.946768,12.85594,-8.110968,-2.2896678,-0.14818145,-5.785337,-0.6523583,-3.4649756,-3.7377636,2.0261195,-1.6485362,0.29717174,-0.48401982,-4.029957,0.96753776,-0.48396313,0.41072413,2.6303701,-1.9000205,-0.21464327,-1.0032166,-1.1947123,-0.86816436,0.41577926,-3.4527116,-1.3703027,-1.6261033,-0.32521275,-0.44372183,1.7546355,-0.37789646,-1.4931285,-0.28170106,2.412321,sad,6,c:\Users\Kacpiro Recenzje\Desktop\Studia\XAI_2026\data\raw\Actor_08\03-01-04-01-01-02-08.wav
-323.82797,79.94062,12.709831,23.71662,6.3717203,18.430391,-2.8331006,11.124046,-7.180148,-6.699012,-1.4607702,-0.92699397,-0.12182715,-2.1237993,-4.8373213,1.1353855,-1.3522706,0.8018332,-1.4207518,-2.6369226,1.4456294,0.61030525,-0.8261169,1.9233626,-0.8340822,0.98577684,-1.1811017,-1.5997971,1.3452278,1.840461,-2.4570498,0.71497524,-1.9172779,-0.11768363,0.82521325,3.5829222,4.040849,4.955234,6.491311,8.058154,sad,6,c:\Users\Kacpiro Recenzje\Desktop\Studia\XAI_2026\data\raw\Actor_08\03-01-04-01-02-01-08.wav
-345.68393,85.984535,16.753668,20.585007,7.2363696,18.757626,-5.274176,10.989094,-11.539573,-3.904693,-3.2317383,-0.6676373,3.447044,-5.394663,-5.904727,3.1812878,-1.0968658,0.49459234,-0.065694444,-2.603288,1.6485975,3.8687198,3.5519726,3.5872362,-0.72050846,2.4125302,-1.0057347,-2.1455486,1.3189076,2.4599142,-1.665194,0.5459621,-2.622027,-0.99992514,-1.1663594,1.6252291,0.7516712,0.86344665,3.4874065,7.075287,sad,6,c:\Users\Kacpiro Recenzje\Desktop\Studia\XAI_2026\data\raw\Actor_08\03-01-04-01-02-02-08.wav
-323.82764,89.965775,-0.020759745,8.858525,11.377306,13.856133,-10.107147,1.3676884,-11.5661745,-12.837103,0.8547882,0.97268546,-6.907138,-6.6982493,-5.8586993,-1.7288383,-2.1737697,-1.1340903,-2.5954626,-6.563313,-0.6056262,2.7845848,3.9011066,4.8197136,3.942809,4.7369733,0.57585496,1.5544157,3.9891393,4.254295,4.4650865,6.0700545,6.2832465,6.9128475,8.3396,4.819466,3.012416,3.0502348,2.800293,3.3716593,sad,6,c:\Users\Kacpiro Recenzje\Desktop\Studia\XAI_2026\data\raw\Actor_08\03-01-04-02-01-01-08.wav
-357.11618,86.49058,2.9505627,11.220151,10.23307,13.293486,-10.453443,3.274946,-10.163553,-15.078968,-3.3426735,0.11653776,-5.683753,-5.946494,-5.071903,-0.91843355,-2.5602767,-1.4171246,-1.4035724,-6.4932375,-1.4247123,1.0692723,1.5119926,2.1627564,3.3418336,4.437653,1.845446,4.4537587,6.8140373,7.8837967,6.7682457,5.749526,4.210711,5.866223,6.6058702,4.6095266,3.771884,2.9420161,1.2406921,0.35133365,sad,6,c:\Users\Kacpiro Recenzje\Desktop\Studia\XAI_2026\data\raw\Actor_08\03-01-04-02-01-02-08.wav
-336.7146,89.225,-2.917741,13.858863,8.624211,13.852236,-7.483402,4.003216,-5.8890853,-12.9981,-0.7358478,3.740798,-7.3869786,-4.935918,-3.6509871,0.13285957,-1.3258548,-0.5524578,-2.9639719,-4.815298,-0.9198393,0.9534304,-0.49667105,0.27420476,2.2144883,4.807521,2.1485114,3.0797484,5.632403,5.683228,6.1351027,7.43724,7.45473,6.2042203,7.0572815,4.3086205,2.7495039,2.5921366,2.268628,2.651552,sad,6,c:\Users\Kacpiro Recenzje\Desktop\Studia\XAI_2026\data\raw\Actor_08\03-01-04-02-02-01-08.wav
-336.1854,99.77481,-4.355888,14.267525,6.4779935,13.894877,-7.0661163,2.6783407,-13.482249,-21.263977,-2.4223049,5.051744,-7.411639,-8.272506,-5.424522,-0.28844783,-0.12325595,-0.4600357,-0.65924656,-7.5590153,-2.4200053,2.1393702,0.32566562,1.0197713,2.2457874,4.6039453,1.9152105,3.9023767,7.601034,7.4142323,8.095005,7.3877864,4.662113,4.453587,5.976092,2.4997952,1.9962729,2.7292042,1.4977499,2.9750636,sad,6,c:\Users\Kacpiro Recenzje\Desktop\Studia\XAI_2026\data\raw\Actor_08\03-01-04-02-02-02-08.wav
-379.14883,81.46533,-3.734956,10.626892,4.0246277,7.3052206,-11.062329,12.227761,-4.6762176,-6.38257,-0.21845391,-4.284033,-2.3794658,-3.3952441,-5.7791724,-0.22872654,-0.18435739,0.12692341,-3.2704167,-0.54943705,0.6817391,-2.561506,-0.22220357,2.0080776,-1.1381302,-0.09271479,0.28170127,2.450742,2.2603538,3.5013592,1.8822662,1.9203515,2.8031876,2.7339058,4.5701127,5.286617,6.7272673,5.766438,5.9768443,6.2695227,angry,0,c:\Users\Kacpiro Recenzje\Desktop\Studia\XAI_2026\data\raw\Actor_08\03-01-05-01-01-01-08.wav
-381.90494,68.04499,1.8127177,14.606154,4.908271,2.2558184,-9.094188,10.978845,-0.8202967,-3.7933939,-0.54768884,-5.557257,-1.2252656,-1.500672,-3.4878364,0.5060303,-0.3648092,-0.58716065,-2.71129,-0.28723064,0.46433556,-1.7086592,-0.33303356,0.7099724,-0.14790604,-0.25344524,0.31425762,1.7561755,0.81101316,1.2892647,0.0035057338,0.6069995,3.3422215,3.7956526,4.4497213,3.9406314,2.6248221,0.6067177,0.82254,3.3890815,angry,0,c:\Users\Kacpiro Recenzje\Desktop\Studia\XAI_2026\data\raw\Actor_08\03-01-05-01-01-02-08.wav
-393.9647,63.38456,5.927014,18.992138,1.163412,7.1217933,-8.999879,12.285996,-1.9168797,-5.39456,-1.892392,-5.001863,-2.4442215,-2.458029,-3.6774158,0.14674334,-1.8792746,-1.1393913,-1.9928008,-0.8286979,0.14414676,-2.0877616,-1.1487952,0.20059729,-1.3723595,-1.1839887,-1.9777367,-0.6932634,-2.0413501,-0.3863364,-1.5328151,-1.8265283,-0.22338802,0.81016463,2.828475,4.0649104,2.9453893,1.9829015,0.58235765,0.95973086,angry,0,c:\Users\Kacpiro Recenzje\Desktop\Studia\XAI_2026\data\raw\Actor_08\03-01-05-01-02-01-08.wav
-374.88348,70.12057,5.8264256,21.14994,1.3498187,6.905755,-10.484226,10.592368,-1.993922,-7.093059,-3.8236616,-4.329442,-4.3207846,-2.4265723,-6.2737727,-0.25481522,-2.467904,-2.985994,-3.1212292,-0.9772367,-0.9523517,-2.9960692,-0.81597555,0.44902846,-2.4334357,-2.4325593,-2.6906548,-1.1217057,-2.1166477,0.12738438,-0.039404254,0.8226063,1.2948943,1.799376,2.9638999,3.857787,2.5636709,2.594926,3.828796,4.041338,angry,0,c:\Users\Kacpiro Recenzje\Desktop\Studia\XAI_2026\data\raw\Actor_08\03-01-05-01-02-02-08.wav
-366.64777,79.142685,-11.531479,6.8095965,-2.3943396,-1.4768151,-15.746554,12.91475,-2.4713502,-9.427467,-3.79572,-4.711064,-2.5772407,-2.373536,-4.35615,-2.0634007,-2.6855936,-1.0670432,-3.2271426,-1.8119912,-0.27693307,-1.655879,2.197604,5.2642145,5.7131286,6.419786,5.0886126,5.6776834,4.356057,5.583355,4.265281,4.507403,4.517782,4.326507,5.059837,4.228914,3.8714638,2.3501668,2.20505,3.8009734,angry,0,c:\Users\Kacpiro Recenzje\Desktop\Studia\XAI_2026\data\raw\Actor_08\03-01-05-02-01-01-08.wav
-378.09967,58.704163,-22.88255,2.189701,-0.24457988,-5.879352,-16.800756,8.359749,-1.5027765,-6.8720164,-3.221927,-3.8120918,-4.4466033,-2.9491434,-5.8035426,-3.3391192,-3.6877308,-3.2869797,-2.0388553,1.070174,4.451618,1.2748129,4.266264,6.921936,6.2125072,6.8162746,6.732046,8.218952,5.773354,4.287292,2.423942,2.0746918,1.7444965,4.308851,3.5973217,1.5694953,1.4700737,2.0126336,2.1511395,2.9424777,angry,0,c:\Users\Kacpiro Recenzje\Desktop\Studia\XAI_2026\data\raw\Actor_08\03-01-05-02-01-02-08.wav
-398.0675,54.144295,-7.8844132,9.809173,-6.30052,-0.67546934,-15.446313,10.901501,-6.536002,-10.115468,-2.3500206,-5.7114973,-4.595762,-1.6539028,-5.6916714,-1.2635903,-2.206474,-3.965978,-4.8205576,-4.470056,-1.4537746,-3.7073593,-2.3203964,1.9391828,1.41025,2.6306853,4.3462124,6.402366,4.5904202,4.8623433,2.7292857,4.538664,6.1294365,7.042554,7.6800804,6.6151457,2.4291148,-0.004529209,0.073637456,1.3641866,angry,0,c:\Users\Kacpiro Recenzje\Desktop\Studia\XAI_2026\data\raw\Actor_08\03-01-05-02-02-01-08.wav
-408.1803,58.717773,-9.911543,8.985034,-2.7774127,-0.95590717,-17.64003,11.586041,-5.6549234,-10.714884,-3.0311515,-6.495547,-4.6053987,-3.3891432,-4.80348,-2.1987605,-3.2244494,-3.067131,-3.3543696,-2.7327602,0.791596,-1.3807927,1.2998346,5.479513,3.5962727,4.841123,3.7483456,5.3833604,4.5907702,4.9097548,2.8124363,3.3206527,3.4569223,3.0155387,4.133539,3.238012,1.7439175,0.7150906,1.5331197,1.6309294,angry,0,c:\Users\Kacpiro Recenzje\Desktop\Studia\XAI_2026\data\raw\Actor_08\03-01-05-02-02-02-08.wav
-312.85892,82.659004,-19.751417,0.122305796,2.7671769,9.416407,-18.539156,7.6473846,-13.146732,-13.587077,-1.3158554,-4.766762,-8.777259,-6.6785975,-8.709302,-1.0300444,-2.8686178,-1.0497899,-0.3456711,-4.967861,-2.667214,1.5588152,4.786828,6.68731,5.0149117,6.021348,3.410309,7.170586,7.720059,9.077837,5.5349975,5.0012684,1.7368491,2.4391444,4.3820047,4.5820737,2.8025556,2.3213432,1.5164942,2.4215572,fear,3,c:\Users\Kacpiro Recenzje\Desktop\Studia\XAI_2026\data\raw\Actor_08\03-01-06-01-01-01-08.wav
-324.82755,90.15834,-10.920017,7.4343557,6.246032,11.85081,-10.375218,12.701994,-5.8341866,-9.248175,-0.13591686,0.7590938,-3.1597483,-4.9535704,-5.9987016,2.5766077,0.26620644,0.4254987,1.4789832,-3.2442732,-0.99160564,2.3091836,4.933951,7.192802,6.6656747,6.0319176,1.3589721,3.343324,3.261824,4.05253,3.65013,5.8096156,6.955249,7.711396,6.4698176,4.439729,1.5682896,1.4971497,2.8962781,3.7825265,fear,3,c:\Users\Kacpiro Recenzje\Desktop\Studia\XAI_2026\data\raw\Actor_08\03-01-06-01-01-02-08.wav
-330.14536,85.42947,-9.408511,0.32025102,-4.7582836,10.874829,-13.546773,5.5948496,-13.043045,-16.948475,1.3192908,0.3748184,-7.039679,-4.9233885,-8.360626,-0.70178795,-2.092282,1.111701,-1.1414857,-4.4100246,-3.9135683,1.6324413,1.8775953,3.9170144,1.9404258,3.6358547,1.2875826,4.0922804,5.6683154,7.6014066,5.808884,6.6280813,8.005764,6.6095376,4.638129,4.96295,2.653063,2.1584191,2.689582,3.7971632,fear,3,c:\Users\Kacpiro Recenzje\Desktop\Studia\XAI_2026\data\raw\Actor_08\03-01-06-01-02-01-08.wav
-356.64578,77.32649,-9.839768,7.777266,-1.1605133,12.557307,-13.549382,7.6685767,-8.4976225,-15.19693,-1.6209853,-0.86714596,-11.083136,-4.471809,-7.1978517,-1.3042116,-1.9914954,-1.3347685,-4.7905016,-5.8698754,-5.54521,-0.869773,1.2125437,2.3716764,2.8207428,3.681173,0.41337532,5.7349453,4.164162,6.2806044,6.8642383,6.2114325,7.5591245,7.8748293,4.710702,4.1652927,2.0804524,1.0520462,3.4593282,3.336778,fear,3,c:\Users\Kacpiro Recenzje\Desktop\Studia\XAI_2026\data\raw\Actor_08\03-01-06-01-02-02-08.wav
-375.59415,50.408516,-25.455187,1.3127481,1.9223492,-0.5243915,-15.085186,3.97595,-7.633533,-11.179172,-2.3944654,-2.0787053,-4.2053294,-3.6679358,-4.117084,-1.8860041,-1.5702398,-2.1150603,-0.66528004,1.0267557,7.4986444,13.099393,15.055322,15.749047,13.525096,8.297141,2.537215,2.136771,2.7015839,3.113266,0.15140533,-0.07179509,-0.90026474,-0.070753925,0.29198378,1.1466179,1.4170091,-0.8153169,1.207186,2.5566895,fear,3,c:\Users\Kacpiro Recenzje\Desktop\Studia\XAI_2026\data\raw\Actor_08\03-01-06-02-01-01-08.wav
-367.20816,55.790215,-28.358107,1.2051389,1.0371122,0.8833187,-19.968023,6.305465,-10.337556,-12.968391,0.18367319,1.8159456,-4.656822,-2.5886676,-5.191404,0.10779588,-0.41728795,1.812489,3.302025,6.1585035,12.150174,16.301422,17.796412,15.139648,10.53495,7.823329,1.7989495,0.969711,2.7390473,3.8656723,-0.3979552,-0.9923981,-0.39399216,-0.7094082,1.2457334,2.7706404,1.7382838,1.587152,4.1968975,4.895551,fear,3,c:\Users\Kacpiro Recenzje\Desktop\Studia\XAI_2026\data\raw\Actor_08\03-01-06-02-01-02-08.wav
-363.68137,50.925125,-17.377901,-1.9072045,-8.31572,1.4527856,-17.280634,6.333733,-11.430214,-12.875441,-7.9035273,-1.8895913,-5.6078186,-3.1811907,-2.9511232,1.6570553,5.6189027,4.500078,3.6759818,6.050838,9.571059,14.427413,15.269642,14.104632,11.478004,7.610741,0.56129736,0.6950871,0.30310854,3.5263503,1.4152247,1.9526837,1.9887745,0.78684044,1.8979741,1.8535055,0.81128776,0.3326282,0.6055425,3.538996,fear,3,c:\Users\Kacpiro Recenzje\Desktop\Studia\XAI_2026\data\raw\Actor_08\03-01-06-02-02-01-08.wav
-333.9026,53.22955,-21.411627,3.4206457,-5.7116385,3.7917714,-21.367558,11.192478,-11.345308,-14.941013,-3.8228145,0.3181321,-6.5817385,-2.714391,-5.8198323,-0.99585265,0.4581941,0.45751,-1.4175497,2.2933,6.3891644,12.250533,18.077213,20.544123,19.041697,13.52348,5.0496454,4.7268105,1.7741845,4.655747,1.8211124,3.0305274,0.04607397,0.7563524,1.4076624,2.9182987,2.9953494,-0.512688,-1.3860002,1.463401,fear,3,c:\Users\Kacpiro Recenzje\Desktop\Studia\XAI_2026\data\raw\Actor_08\03-01-06-02-02-02-08.wav
-375.68915,91.121315,12.683606,19.594618,3.9616587,13.342313,-6.930007,11.363581,-8.027558,-3.8724327,-3.1325555,-0.52208793,-0.12848686,-3.4189878,-4.2157903,0.5526695,-0.53897333,-0.9000646,-1.9449056,-3.270941,-2.0454347,-0.7939384,-0.6163484,-0.5739283,-1.7789711,-0.6620339,-1.9862273,-2.0907233,0.18268226,-0.58672893,-2.5207434,-0.21370162,-1.1424997,1.2003942,3.2468994,3.3413064,1.7141087,2.4656641,1.6670264,2.3730502,disgust,2,c:\Users\Kacpiro Recenzje\Desktop\Studia\XAI_2026\data\raw\Actor_08\03-01-07-01-01-01-08.wav
-339.39938,94.89757,10.239874,18.562511,4.636668,11.553103,-6.2813644,7.905703,-9.122858,-3.6964216,-3.1595073,-0.6414443,-0.8752871,-3.8660007,-3.2907386,-0.37908474,-0.5042636,0.0022169615,-2.5261745,-2.6072311,-2.8184369,-0.18261676,-0.9955135,-0.63562864,-0.21452683,1.1549528,-1.2161435,-2.0593526,-0.2037256,-0.13167432,-1.5518744,-0.45792103,-0.8744138,-0.46463186,-0.16304038,1.2620158,1.8994937,1.31904,1.7598951,4.2721825,disgust,2,c:\Users\Kacpiro Recenzje\Desktop\Studia\XAI_2026\data\raw\Actor_08\03-01-07-01-01-02-08.wav
-335.5105,87.73064,13.30241,27.030535,-0.2072643,16.593609,-8.126375,6.0881906,-9.955451,-8.013879,-3.4991758,0.7177095,-6.2445784,-2.927252,-4.5521493,-1.3994573,-2.5159166,-1.3444372,-4.3746877,-2.8757603,-3.1813881,-2.8280575,-3.3801239,-2.6166673,0.8479272,-2.088749,-1.7918581,-1.6693742,-1.9714936,-1.9410268,-2.2200973,-1.0820605,-2.4937818,0.25810573,-0.786729,1.3879917,0.38906044,1.6238987,2.0967402,5.0408115,disgust,2,c:\Users\Kacpiro Recenzje\Desktop\Studia\XAI_2026\data\raw\Actor_08\03-01-07-01-02-01-08.wav
-365.4837,80.58251,15.397286,23.286068,3.5820668,16.74018,-7.4217877,7.0076947,-6.5402093,-7.4891176,-4.3484025,0.6950168,-3.4199283,0.93263394,-3.2668104,-0.97495407,0.33882153,0.12282405,-3.3697393,-1.3681067,-1.6996725,-0.93581957,-2.6808417,-2.0310845,-1.2559751,-0.8493054,-2.7113202,-2.8315635,-1.4185823,-1.0738515,-1.7899752,-1.0565368,-0.63960886,-2.242821,-1.2573006,1.4477285,-1.2366562,1.9302697,2.0001884,4.251995,disgust,2,c:\Users\Kacpiro Recenzje\Desktop\Studia\XAI_2026\data\raw\Actor_08\03-01-07-01-02-02-08.wav
-320.23666,83.84029,5.213352,19.182364,2.7419894,13.229936,-10.365439,6.4322305,-14.886123,-11.438569,-1.5132673,-0.49117762,-3.582488,-0.033331607,-1.2563103,1.193197,-1.6642759,-1.0897241,-6.6559367,-3.609961,-0.38979784,-0.28954527,-1.9748007,-0.81388885,-1.6046492,-1.1065284,-1.9321371,-1.1299415,-2.9897118,-0.7131401,-0.29734597,-1.102674,0.6241233,1.7763937,1.2446221,2.1723192,2.4928148,3.5424216,2.6427028,4.188577,disgust,2,c:\Users\Kacpiro Recenzje\Desktop\Studia\XAI_2026\data\raw\Actor_08\03-01-07-02-01-01-08.wav
-346.90167,92.82006,8.741579,13.429229,8.451562,10.1192045,-11.6058445,1.9030439,-9.779148,-1.9515208,-1.6187632,-1.8878886,-1.0441406,-0.9002178,-1.0106416,-2.6509447,-1.5915481,-0.5537558,-4.6822147,-3.8635285,-0.45764884,-2.5072975,-2.086817,-0.7904523,-3.6572351,-1.2103606,-1.0243844,-1.3619646,-2.079169,-0.95294255,-2.188555,0.26621997,1.3215396,1.5498759,1.4128213,3.193296,2.945854,3.394124,3.3532646,3.3220584,disgust,2,c:\Users\Kacpiro Recenzje\Desktop\Studia\XAI_2026\data\raw\Actor_08\03-01-07-02-01-02-08.wav
-348.94568,80.19042,12.283406,22.784893,3.840887,13.9596615,-10.1311455,2.899076,-9.603481,-6.891456,-3.3090768,-4.9838624,-7.86222,0.033575397,-1.1610402,-4.16425,-1.9648364,-1.1630844,-5.288218,-3.76448,-1.8411655,-0.5678171,-1.8915315,-1.7690321,-1.1762682,-2.12583,-1.776579,-0.9533512,-3.2457774,-1.3899484,-2.7236598,-3.0213242,-2.029763,-0.36493096,-2.6812308,-0.015143699,-0.31965464,1.5837847,4.249364,5.279683,disgust,2,c:\Users\Kacpiro Recenzje\Desktop\Studia\XAI_2026\data\raw\Actor_08\03-01-07-02-02-01-08.wav
-333.70413,76.9319,9.768246,22.37455,3.2709026,11.76112,-10.827356,-0.26481855,-9.045378,-5.7570353,-2.2644997,-1.5980191,-7.331445,1.3734134,-0.9700263,-5.291851,-3.3915942,-2.985264,-4.2729034,-2.9270084,-1.0571071,-1.2479814,-2.1466546,-1.4782501,-2.569179,-3.8512976,-3.412934,-1.2745229,-2.56352,-0.7519021,-1.5758893,-2.284724,-1.4558201,0.25090033,0.8171288,3.1507761,2.6946805,4.3395777,4.2531953,4.2221694,disgust,2,c:\Users\Kacpiro Recenzje\Desktop\Studia\XAI_2026\data\raw\Actor_08\03-01-07-02-02-02-08.wav
-323.86514,73.708885,1.008193,12.724532,3.4062161,12.798822,-5.6476593,10.294546,-11.001737,-8.578919,2.4192379,-0.17922065,-0.5771914,-5.375767,-5.001948,2.3668933,-0.59799045,-0.76564676,-1.479035,-2.1528442,0.1481761,-1.2777518,0.065813,2.9711814,-0.03607589,2.0836096,0.26485005,0.7435083,2.609854,4.4115715,1.2071908,2.0411825,1.485337,2.680395,3.6566932,3.7263036,2.4464278,1.5914649,1.6455283,3.497856,surprise,7,c:\Users\Kacpiro Recenzje\Desktop\Studia\XAI_2026\data\raw\Actor_08\03-01-08-01-01-01-08.wav
-336.83777,79.41444,-0.112593845,11.732679,0.0586194,9.322936,-9.28789,10.799592,-11.889062,-10.000326,1.6473017,-5.488817,-2.3118613,-7.654955,-7.323076,0.20136136,-0.59189105,0.61011577,-4.517813,-3.3442633,-0.10073113,-1.9176021,-1.8280457,1.473193,0.30365467,2.4444835,0.63641757,0.45661786,0.6405834,2.1650944,0.75503325,1.1046053,1.8510588,2.294077,1.5022405,2.7551594,1.484974,0.95975995,2.7235694,3.8017335,surprise,7,c:\Users\Kacpiro Recenzje\Desktop\Studia\XAI_2026\data\raw\Actor_08\03-01-08-01-01-02-08.wav
-346.8356,67.38619,2.0779355,13.387091,-0.7437887,13.196461,-8.782985,9.962759,-11.922756,-9.165292,0.68146074,-3.0567875,-3.6377144,-5.8388577,-7.543347,-2.3626344,0.4579233,1.0128994,-3.8095071,-2.5348163,1.6333103,-0.31525552,1.6681635,3.875114,1.5157534,2.197924,0.59344137,1.5699297,2.2799013,3.007201,-0.12917702,2.1228528,2.8744283,3.6696591,3.7789721,3.7143958,2.4232564,2.2488463,3.9004624,3.9049082,surprise,7,c:\Users\Kacpiro Recenzje\Desktop\Studia\XAI_2026\data\raw\Actor_08\03-01-08-01-02-01-08.wav
-356.80365,71.54392,8.704014,17.046196,2.4410956,11.626185,-9.782581,11.704267,-8.265408,-7.22503,-1.2275012,-3.6300998,-1.8629965,-5.00151,-7.3531885,-1.3331189,-1.0994372,0.0020516037,-2.7257135,-2.065282,-0.0989315,-2.8890417,-1.4560376,0.50523096,-0.8643783,1.4844759,-1.1586566,0.44632587,0.32213557,2.557625,-0.47123176,0.72900933,1.5158373,2.7002602,2.9660263,4.3665357,4.2774878,1.9064939,3.4030294,3.0225973,surprise,7,c:\Users\Kacpiro Recenzje\Desktop\Studia\XAI_2026\data\raw\Actor_08\03-01-08-01-02-02-08.wav
-314.54984,73.90742,-8.008456,8.649031,0.11333222,8.854594,-10.622339,9.706105,-12.549678,-10.10612,-0.16066033,0.0010508003,-3.7346516,-6.5883756,-6.700257,1.1523409,0.19565712,0.40618107,-1.103177,-0.8961948,1.4359001,1.7901932,2.0579743,5.071734,0.7005805,2.3992205,2.1179004,3.3129268,2.605367,4.2943563,1.48735,3.0442626,2.3186958,2.459241,1.95871,1.7390574,1.0415082,0.77076954,1.38354,2.0300367,surprise,7,c:\Users\Kacpiro Recenzje\Desktop\Studia\XAI_2026\data\raw\Actor_08\03-01-08-02-01-01-08.wav
-345.31506,74.655716,-3.3106194,9.517533,-0.8237031,7.458465,-10.424896,10.034746,-10.471294,-11.134797,0.9831604,-2.0183167,-3.224215,-5.216727,-7.3326383,0.535065,0.9515436,-0.6064054,-3.9351892,-1.9516666,2.679831,0.43641472,2.0619256,5.260466,2.8464634,3.3627522,1.7321701,3.2599173,2.8513975,5.2201395,2.5835235,4.1528625,3.9492893,2.501692,3.3741183,3.4104612,3.2908535,0.70140994,1.7737104,4.2384176,surprise,7,c:\Users\Kacpiro Recenzje\Desktop\Studia\XAI_2026\data\raw\Actor_08\03-01-08-02-01-02-08.wav
-379.02292,67.32932,-2.032588,7.583703,-7.1822762,5.499795,-13.592727,12.003601,-10.334881,-9.6151285,-3.8382425,-5.250743,-1.6519234,-4.5170116,-7.9182076,-1.9144183,-1.6023424,-2.2799635,-4.581771,-2.1588507,3.9801238,1.6532129,2.8596997,4.6808157,2.7739358,2.7217088,0.9760541,2.2837021,1.6730067,3.1015391,1.0392374,1.3066266,0.8274823,3.3850124,3.3940907,4.002724,3.9917948,1.4825962,2.5703628,4.2983356,surprise,7,c:\Users\Kacpiro Recenzje\Desktop\Studia\XAI_2026\data\raw\Actor_08\03-01-08-02-02-01-08.wav
-334.3373,65.64586,0.56255215,10.797678,-5.669005,9.075689,-11.08904,10.936346,-13.68505,-13.408227,-3.4721587,-6.7654486,-3.302098,-7.7316356,-9.786479,-2.6315062,-0.5615123,1.1340172,-3.7457132,-1.5937988,2.0974934,0.49057072,1.481758,2.9443662,0.72476244,3.0872293,1.3892142,1.5421864,-0.35873142,2.2608044,0.100956425,1.4827524,1.9642832,3.892239,5.233387,5.7337155,4.8088217,2.9282,2.3902137,2.3826296,surprise,7,c:\Users\Kacpiro Recenzje\Desktop\Studia\XAI_2026\data\raw\Actor_08\03-01-08-02-02-02-08.wav
-381.41257,104.598145,22.018717,28.51664,20.720562,24.963942,5.0849004,7.870065,3.7656472,3.835096,7.2201734,4.4417043,1.5361083,3.2627318,7.3373313,5.001369,1.3654451,4.795422,3.0344474,1.5434055,6.2287035,1.8662075,0.22639552,3.970004,4.397299,2.0311966,0.29486853,-0.8571103,0.46042645,2.0979636,0.09814675,2.6658268,0.42972133,0.025521137,0.9435242,0.77226704,0.44298646,0.65379554,1.5102181,0.34985548,neutral,5,c:\Users\Kacpiro Recenzje\Desktop\Studia\XAI_2026\data\raw\Actor_09\03-01-01-01-01-01-09.wav
-390.9073,90.8188,15.816389,21.46272,11.6585455,16.642792,1.0698156,4.650755,-0.65407187,-0.49111223,5.857438,1.4743294,-3.7157264,1.3051488,5.335076,1.9027524,-0.9444316,2.9567106,1.4894339,-2.2294407,4.4317274,-0.68934464,-3.1150932,0.661051,2.5645483,-0.4519518,-1.5839956,-1.2113125,-1.4137168,-0.5588252,-1.707136,-0.45043403,-0.27148065,-1.2343526,-1.5701034,-0.020091835,-1.7250758,-1.4366797,-0.4027167,-1.164198,neutral,5,c:\Users\Kacpiro Recenzje\Desktop\Studia\XAI_2026\data\raw\Actor_09\03-01-01-01-01-02-09.wav
-364.88406,84.20527,11.809514,25.950806,9.528736,19.106567,2.402274,5.217262,-2.1248384,-2.964582,2.4485543,2.14967,-2.835197,-0.11267009,2.2097611,1.6135479,-0.97969174,1.3236761,2.1014543,-0.9927615,2.7682729,-0.91841155,-0.7702615,0.9659779,1.6805698,-0.61617774,-2.3641095,-1.7936735,-1.1918203,-0.5174315,-2.2396903,-1.1933982,-1.224617,-1.4326452,-1.4916968,-0.09099289,-1.582995,-1.3430805,-0.6110157,-1.9135089,neutral,5,c:\Users\Kacpiro Recenzje\Desktop\Studia\XAI_2026\data\raw\Actor_09\03-01-01-01-02-01-09.wav
-377.06223,86.38293,11.717764,22.28491,11.278064,16.489155,0.5460321,4.8506494,-1.3159983,-3.0939357,1.6851516,1.5381204,-3.1013212,0.49236417,2.3957458,1.3643562,0.48671708,2.066888,1.3662885,-0.17752963,3.1058238,-1.7991292,-1.6793648,1.6417254,1.5768708,-0.848423,-2.2314947,-2.9470575,-1.1423533,-0.10602507,-1.4020627,-0.8506552,-1.5038637,-1.7419605,-1.009605,-0.46404046,-1.6137308,-1.5429658,-0.8327296,-0.71661174,neutral,5,c:\Users\Kacpiro Recenzje\Desktop\Studia\XAI_2026\data\raw\Actor_09\03-01-01-01-02-02-09.wav
-380.52164,89.893875,11.647064,24.270945,10.365477,20.973225,2.5975065,2.0863307,-2.5939765,-1.5331948,4.7172503,1.040738,-2.0986934,0.67869157,2.6728451,-0.37286344,-1.3226279,0.7770257,0.21870798,-1.18238,3.2605464,-1.5057179,-3.519428,1.304156,2.2230642,-0.7689079,-2.608607,-2.5289483,0.030422468,-0.31472617,-2.618019,0.7119594,-0.821599,-1.2166184,-0.38724253,-0.7032631,-0.6768502,-1.7275473,-0.32336226,-0.61478114,calm,1,c:\Users\Kacpiro Recenzje\Desktop\Studia\XAI_2026\data\raw\Actor_09\03-01-02-01-01-01-09.wav
-354.79626,93.62281,-5.4890065,25.789284,15.452396,20.586664,-2.5569358,-0.5602486,-5.3171973,-1.9227427,7.074355,3.923668,-3.7577736,0.51120603,3.9398725,0.4640148,-2.149712,2.4388063,0.014070443,-1.4855155,5.1471667,-1.2923325,-3.9355521,4.7172313,2.4553375,-2.474808,-2.2063005,-2.0155406,-0.35069907,-0.6375974,-1.0892842,1.6734409,-1.5922035,-2.024096,0.43748993,-0.40908927,-0.7219721,-0.9608798,-0.44485086,-1.3880836,calm,1,c:\Users\Kacpiro Recenzje\Desktop\Studia\XAI_2026\data\raw\Actor_09\03-01-02-01-01-02-09.wav
-339.6643,92.38699,-1.2091956,28.438507,6.349529,16.749376,-8.470968,1.84189,-1.5750825,-1.2734199,2.3480935,2.350402,-3.2094722,1.18598,3.210716,-0.4838879,-0.24198887,0.013822082,-2.327656,-0.007199051,2.31499,-5.342028,-1.9244229,3.6165218,0.667486,-2.7062786,-4.106006,-0.8916793,-1.4452816,-1.6693572,-1.8167865,0.42436895,-1.7217726,-1.3557768,0.17710355,-0.8963287,0.033255853,-1.6749536,-0.74486536,-2.2215285,calm,1,c:\Users\Kacpiro Recenzje\Desktop\Studia\XAI_2026\data\raw\Actor_09\03-01-02-01-02-01-09.wav
-360.53818,97.872925,11.872028,30.589996,11.271672,23.283503,5.2337775,5.2387686,-1.6137656,-3.595085,4.806314,4.884114,-0.45502725,0.87480444,4.5803328,1.6702294,-0.39145905,2.6397228,1.2633414,-1.0098569,4.7908115,0.47790056,-3.4075963,1.2719063,2.939375,0.50669473,-2.4225914,-3.414025,0.15938081,1.0225921,-1.0432311,0.6826998,0.5256195,-0.73660034,0.44118595,0.93364656,-0.31173134,-0.20597014,-0.42833045,-1.2586932,calm,1,c:\Users\Kacpiro Recenzje\Desktop\Studia\XAI_2026\data\raw\Actor_09\03-01-02-01-02-02-09.wav
-372.60275,73.238144,15.500622,26.598217,10.844883,18.920406,6.1303825,3.6259012,-2.319246,-1.1684326,9.349351,4.0377355,0.8126725,4.65297,5.1363115,2.472429,-0.16783258,2.0731668,2.5323076,-0.24323522,3.3590827,0.4801269,-0.86151916,2.3624713,2.2662578,-0.50642353,-1.2095085,-0.075238675,0.16593999,1.6068168,0.48322403,1.7738967,0.573076,-0.6215127,1.6899941,1.5280755,0.17524503,0.6155514,-0.044182394,-1.6521072,calm,1,c:\Users\Kacpiro Recenzje\Desktop\Studia\XAI_2026\data\raw\Actor_09\03-01-02-02-01-01-09.wav
-302.02173,96.86573,21.672054,34.941383,22.399044,25.161097,9.662013,4.388646,-2.136798,-1.0458286,8.630257,0.6403706,-1.1797369,4.8068867,5.341178,0.35653758,-1.4381313,4.5094743,1.6861268,-1.6629204,3.362363,0.13590957,-0.2010853,3.5627546,3.7435994,-0.28887796,-2.0823731,1.2978483,2.1522896,1.2334964,-0.16152832,0.7947918,-0.5729407,-2.8361886,-0.52004355,-0.28841826,-2.5995495,-1.7273297,-1.1418743,-1.5842149,calm,1,c:\Users\Kacpiro Recenzje\Desktop\Studia\XAI_2026\data\raw\Actor_09\03-01-02-02-01-02-09.wav
-348.8827,110.43645,7.101399,31.510132,13.231276,22.356794,-1.8643961,1.7638388,-3.2317417,-3.0098474,3.3485749,4.5043035,-2.498217,3.0933084,1.7687984,-0.1411484,-1.2549908,0.99326557,-0.3670778,-1.849563,2.831673,-3.6947706,-1.8993886,2.0561516,1.4066703,-2.1858933,-3.5522938,-1.931238,0.9054251,0.7163826,-0.43683127,0.96167123,-1.1445007,0.37418407,-0.14000225,-0.28360948,-0.38694775,-2.066978,-1.0428209,-1.7953811,calm,1,c:\Users\Kacpiro Recenzje\Desktop\Studia\XAI_2026\data\raw\Actor_09\03-01-02-02-02-01-09.wav
-367.35782,101.3446,12.243978,28.175428,10.164276,19.427582,5.532988,3.1147773,-2.8656318,-3.6541731,1.9685658,2.7536924,-5.8716216,-0.27019095,3.7688093,1.0167818,-1.8421605,0.24069907,2.4865668,0.23986827,1.8891989,-0.3984155,-3.1901727,0.511936,1.4269375,-0.39970258,-3.1118534,-3.2498467,-1.636864,-1.5403848,-1.2034886,-0.107232116,-0.4543806,-1.6968307,-0.5615468,-0.1490067,-1.385231,-1.8683861,-0.3462792,-1.4876199,calm,1,c:\Users\Kacpiro Recenzje\Desktop\Studia\XAI_2026\data\raw\Actor_09\03-01-02-02-02-02-09.wav
-366.50858,116.55405,13.729161,20.920048,11.326186,23.48823,3.4973972,-0.3213911,-1.1937637,-7.130425,-6.433492,-1.6289792,-0.13410051,-0.4310715,-0.14928693,3.171308,-0.63013494,-3.1883376,-0.5594443,0.5568326,0.84753156,-4.0773196,-1.9654372,0.34546655,-3.3513415,-2.8423219,-2.878637,-5.199561,-1.8368363,-2.4991004,-2.7417166,-0.9120762,-1.8953342,-0.96649146,-1.210644,-1.1885308,-1.2009503,-1.2199908,-0.095639765,-0.40267205,happy,4,c:\Users\Kacpiro Recenzje\Desktop\Studia\XAI_2026\data\raw\Actor_09\03-01-03-01-01-01-09.wav
-385.61795,106.68261,2.9088469,12.966984,11.437684,22.01396,-1.9786109,-2.3426056,-2.1698864,-4.5052266,-1.8099289,3.0487435,-2.5579202,-0.7855217,-3.799922,1.2834274,1.491902,-1.6262672,0.5408471,-1.0293542,2.388982,-1.922867,-3.675218,1.3372096,0.41105494,-2.194165,-2.3367884,-2.281275,-1.3095913,-0.8372885,-1.181662,0.050689507,-1.6902167,-1.3916193,-0.13145557,-0.70438594,-1.6195347,-0.5268463,-0.3945539,-1.4653338,happy,4,c:\Users\Kacpiro Recenzje\Desktop\Studia\XAI_2026\data\raw\Actor_09\03-01-03-01-01-02-09.wav
-390.4989,91.48915,4.2421284,18.587523,7.3915854,22.016523,1.7683336,0.10075146,-2.9234424,-4.0065823,-0.8339151,3.0797193,-3.613828,-2.2177098,0.7595077,0.14518175,-1.8634795,0.90211236,0.82930213,-1.0252109,0.9082546,-1.2394121,-2.9040937,0.3942089,-0.00019890536,-0.9252728,-1.9399873,-3.5620441,-1.2714075,0.35415927,-2.144007,-1.3282192,-1.4467294,-0.5783255,-0.24078038,-0.9021174,-0.5807666,-1.25426,-0.21402214,-0.8178929,happy,4,c:\Users\Kacpiro Recenzje\Desktop\Studia\XAI_2026\data\raw\Actor_09\03-01-03-01-02-01-09.wav
-387.90765,96.715096,-2.4311333,12.610215,11.279908,17.314482,-0.6167862,-0.522511,-4.5918293,-9.903229,-4.3318877,3.5397878,-2.7250166,-4.3652897,-2.9024086,3.2417357,-1.1002407,-4.3989916,1.2007426,-0.78855324,-0.14267336,-2.1815028,-4.620351,-1.3287685,-1.2576624,-2.27064,-4.3278956,-3.1071978,-0.8094175,-1.1791637,-1.9048743,-0.79566294,-3.07904,-1.0967792,-0.21933453,-1.5165299,-0.9888429,-1.605283,-0.19217457,-1.0003899,happy,4,c:\Users\Kacpiro Recenzje\Desktop\Studia\XAI_2026\data\raw\Actor_09\03-01-03-01-02-02-09.wav
-339.39816,89.92749,-13.176309,-0.6778491,2.4512324,13.059575,-14.223442,-15.077495,-7.414415,-9.229216,-12.584908,-3.264079,-0.84363127,-2.0776622,-6.8224964,-2.6399827,0.29073745,-6.4266777,-2.6529238,0.39137763,-4.7710443,-5.685727,-1.9688071,-3.1519272,-3.2067153,-6.4060664,-8.060796,-5.6929846,-4.21187,-4.8275146,-1.7327487,4.6726665,4.041918,7.725051,8.192364,5.8430743,4.944625,5.0785785,3.24876,1.2624494,happy,4,c:\Users\Kacpiro Recenzje\Desktop\Studia\XAI_2026\data\raw\Actor_09\03-01-03-02-01-01-09.wav
-320.7281,117.30804,-10.013303,-3.9868255,3.295018,13.729158,-20.216686,-18.28933,-8.555834,-9.466079,-18.164454,-7.0701966,-2.194866,-6.1487794,-9.011291,-3.2194054,0.050560594,-6.9618487,-3.1659346,-1.6994914,-7.2682376,-8.84745,-3.973721,-2.7623096,-4.8057256,-9.044889,-8.787506,-5.870436,-4.8180876,-5.076777,-2.3809247,5.532243,4.2132473,8.252438,9.26791,5.271152,5.614476,2.6563725,-0.21680859,0.30113816,happy,4,c:\Users\Kacpiro Recenzje\Desktop\Studia\XAI_2026\data\raw\Actor_09\03-01-03-02-01-02-09.wav
-347.61426,71.11081,-16.071676,6.847981,0.9925,17.098024,-10.408586,-6.61796,-6.530006,-6.963158,-12.987868,0.4289541,-4.209671,-5.5239196,-2.1734583,-0.8795186,2.721225,-4.998143,-2.3193648,0.9722659,-3.5370765,-6.5213833,-4.3409424,-0.6021553,-4.137052,-6.357208,-6.3147545,-6.025168,-3.2371314,-0.7464934,-1.5485088,2.7004178,2.100982,7.0123196,7.682688,4.7509184,6.671721,6.3267198,3.8428133,3.0384123,happy,4,c:\Users\Kacpiro Recenzje\Desktop\Studia\XAI_2026\data\raw\Actor_09\03-01-03-02-02-01-09.wav
-375.0372,86.60118,-4.346421,5.341661,4.365316,14.608984,-5.5886984,-6.628902,-6.339261,-12.499386,-11.807593,-2.3597512,-2.7367194,-5.130392,-3.764115,0.70617115,1.0532049,-6.659887,-0.7358764,0.35534954,-7.4111795,-5.6487927,-1.0483172,-1.0637709,-2.71623,-4.8136544,-4.8512526,-3.5973845,-3.0862951,-3.9821103,-5.095322,-3.6519914,-3.2712133,-0.5091091,0.20284225,-0.39563286,2.0938487,4.8033905,4.2073336,3.2733088,happy,4,c:\Users\Kacpiro Recenzje\Desktop\Studia\XAI_2026\data\raw\Actor_09\03-01-03-02-02-02-09.wav
-351.4076,80.496315,18.004335,18.403004,16.482584,22.10152,5.3110137,9.009111,-5.2265224,-4.371195,1.4649391,1.1282816,3.0432327,-0.91371447,3.136263,2.9648447,-0.31923756,-0.79709977,2.1185267,1.6967964,1.3887154,-0.16425279,0.90405655,0.97913855,0.521168,2.0331237,-2.2764463,-1.9378006,-0.36270165,-0.72977567,-1.0282844,0.2769557,0.17050533,-1.2509761,0.540971,-0.022858018,-0.923189,1.1441257,-0.093159735,-0.49438265,sad,6,c:\Users\Kacpiro Recenzje\Desktop\Studia\XAI_2026\data\raw\Actor_09\03-01-04-01-01-01-09.wav
-399.6639,69.24287,9.299835,17.747393,11.185089,16.376915,5.0742016,3.570546,-6.104338,-3.37801,1.7264271,-0.6184831,1.2831473,-0.026332071,2.000891,2.1094246,-1.129182,-1.0158143,0.0715843,0.8423243,1.0932391,-2.7659569,0.6492085,2.0394285,-1.010778,-0.11768217,-2.396622,-3.0276177,-0.5862127,-1.3177191,-1.1365733,0.7694669,-1.376295,-0.39767098,-0.63669497,-0.8529278,-0.027572388,-0.7367492,-0.71583295,-0.97326976,sad,6,c:\Users\Kacpiro Recenzje\Desktop\Studia\XAI_2026\data\raw\Actor_09\03-01-04-01-01-02-09.wav
-381.0906,69.102356,8.486054,22.921152,7.354317,18.284683,4.659831,9.019924,-6.3684144,-4.8237405,-0.38679743,0.15320617,1.4972799,-3.6242328,1.326726,2.4423935,-3.6840715,-1.9049865,0.55163026,1.1442051,1.2108603,-4.0580707,0.70580167,0.49684793,-2.0232544,1.4227895,-2.642351,-3.8794024,-1.9638308,-1.10763,-2.0787375,-0.738212,-0.6590737,-0.74425435,-1.6435547,-0.9285443,-0.7536561,-0.52076113,-0.9543355,-1.069556,sad,6,c:\Users\Kacpiro Recenzje\Desktop\Studia\XAI_2026\data\raw\Actor_09\03-01-04-01-02-01-09.wav
-323.06024,75.019554,19.956594,28.174345,14.2019,21.75321,7.752604,11.330844,-3.3859165,-3.7065864,3.6473064,3.797037,3.7327266,-1.3707033,4.503507,3.4863467,-2.2906868,-0.8380293,1.2031804,1.4330543,1.8669717,-1.4102948,0.500186,0.41752505,-0.8248424,1.7105038,-2.5467358,-3.5937397,-0.6951888,-1.4796454,-1.5366017,-0.24585392,-1.8075249,-2.052532,-1.9603685,-1.2650434,-1.0876077,-0.96060854,-1.7841406,-1.5476538,sad,6,c:\Users\Kacpiro Recenzje\Desktop\Studia\XAI_2026\data\raw\Actor_09\03-01-04-01-02-02-09.wav
-383.14017,119.729225,3.7442663,26.44677,12.721063,25.234854,-0.8151536,-1.3959979,-7.809752,-8.755144,-6.012931,-5.3100624,2.797107,-6.834416,-7.2014136,2.9639482,-1.0531138,-3.0580077,-0.96598125,-0.17319289,0.024913328,-3.456188,-2.8759692,0.39246503,-3.894727,-1.1229123,-1.9648618,-5.034837,-1.1757494,-1.8855784,-2.2253885,-0.57755154,-3.2899878,-0.6318466,-0.9983908,-1.896742,-0.53638846,-0.9442217,-0.29136276,-0.95591706,sad,6,c:\Users\Kacpiro Recenzje\Desktop\Studia\XAI_2026\data\raw\Actor_09\03-01-04-02-01-01-09.wav
-309.68677,100.57509,-2.082813,20.998978,11.415593,27.463238,-2.489102,-1.8041896,-9.865682,-3.5303874,-4.8822465,-2.7736623,0.4585462,-7.3221116,-5.955018,-0.923811,-3.3438551,-0.759357,-0.74858344,-0.4650854,-0.64741015,-2.8748152,-3.056645,1.0176961,-2.5357735,-0.43996322,-2.6085894,-2.0907829,-0.45663372,-1.3437546,-1.6565359,0.37962952,-1.8908744,0.3561435,-1.6181,-0.52665496,0.47363588,-0.4917026,0.637429,-0.8113754,sad,6,c:\Users\Kacpiro Recenzje\Desktop\Studia\XAI_2026\data\raw\Actor_09\03-01-04-02-01-02-09.wav
-316.7863,99.5162,-0.3440054,25.270515,10.091508,24.094707,-1.3795072,0.5108725,-9.400872,-6.1955676,-5.4188514,-2.2240648,1.2981327,-9.32089,-7.504353,-1.1510189,-0.82085305,-4.36735,-1.6969035,1.8981657,-1.4648947,-5.01863,-5.082104,1.046711,-1.2343711,-2.8562517,-4.00114,-3.5052369,-2.1056836,-2.193661,-1.4734393,-2.7635734,-3.9472501,-2.1623828,-2.9429336,-2.2904649,-1.7926676,-1.1750001,-1.6807654,-1.8656982,sad,6,c:\Users\Kacpiro Recenzje\Desktop\Studia\XAI_2026\data\raw\Actor_09\03-01-04-02-02-01-09.wav
-337.11853,110.60902,3.6385906,27.340734,16.497665,25.223606,0.6723404,3.665675,-8.027901,-7.8643026,-7.167557,-1.5709608,0.6385411,-10.960498,-7.780554,0.3867983,-1.4581447,-5.902865,-1.9933372,0.755191,-1.1265011,-5.468966,-5.486572,0.7758029,-1.7357037,-2.6115294,-4.0638585,-4.5992208,-1.8621526,-2.1173956,-2.1677577,-2.8119113,-3.573659,-1.1570177,-1.8512167,-2.1705189,-1.0014654,-0.19206706,0.13805632,-0.03704531,sad,6,c:\Users\Kacpiro Recenzje\Desktop\Studia\XAI_2026\data\raw\Actor_09\03-01-04-02-02-02-09.wav
-364.3008,97.75861,3.1507807,17.437624,12.306759,27.89264,-2.477287,3.1628199,-3.9463964,-2.5112,-3.5207589,0.2551725,3.1711974,-2.991304,-0.50330347,3.6140206,-3.0204268,-0.34667438,-1.1178248,0.06243745,1.6193615,-2.9089754,-1.5108013,1.8231244,0.13403009,-0.40386286,-3.337931,-3.7313154,0.10418585,-0.0935663,-3.4699001,-1.6442888,-1.4704763,-0.042360827,-2.123125,-1.650653,-1.6897674,-0.8322732,-0.59977764,-1.1520128,angry,0,c:\Users\Kacpiro Recenzje\Desktop\Studia\XAI_2026\data\raw\Actor_09\03-01-05-01-01-01-09.wav
-393.9985,92.70534,2.4233346,14.647504,12.431419,25.414865,-0.45406693,3.3796945,-4.616734,-3.0056868,-2.4653966,0.76316786,0.9573879,-2.6641324,0.66273195,4.12802,-2.809325,0.13362007,-1.1955636,0.6026767,2.328561,-0.9707108,-2.0100694,-0.38266423,0.4413187,0.6322785,-3.2933104,-3.1651442,-0.28898376,0.06772013,-1.0801191,0.4070077,-2.168554,0.17600475,0.19775127,-0.26990846,-0.20082496,0.5233714,0.67510337,0.28590372,angry,0,c:\Users\Kacpiro Recenzje\Desktop\Studia\XAI_2026\data\raw\Actor_09\03-01-05-01-01-02-09.wav
-335.8989,99.43648,-8.281551,9.493869,10.146831,24.653917,-4.993829,-1.5611854,-1.0295721,-9.989364,-10.114182,-0.87128735,0.7028271,-3.8305283,-5.5973396,3.7348151,2.3364317,-4.200899,-2.629598,-2.3300228,5.6587234,-2.0553887,-7.693906,2.3892305,-0.7982921,-1.0637587,-2.1580837,-4.5800056,-1.0078276,0.57190204,-2.251611,-1.0752288,-2.049954,0.5784703,-0.9523205,-2.4238243,-0.2303358,-0.6995372,-0.38250202,-0.30274844,angry,0,c:\Users\Kacpiro Recenzje\Desktop\Studia\XAI_2026\data\raw\Actor_09\03-01-05-01-02-01-09.wav
-371.52945,94.55286,-3.7892158,13.111003,10.961876,25.830082,-4.6915727,1.2102286,-3.599026,-6.572545,-8.105881,2.1379824,-1.8695241,-3.8157024,-5.981804,4.9288216,-2.014054,-2.6366303,-1.9126335,-0.10973648,4.7152324,-2.952557,-4.7614546,0.96715856,-1.6508112,0.81365323,-2.9250627,-5.1807446,-0.84826684,-0.41454896,-1.8333931,-0.41982102,-3.3866308,0.8821515,-0.117183715,-1.3736238,-0.49624044,-0.033068664,-1.4390312,-1.4525751,angry,0,c:\Users\Kacpiro Recenzje\Desktop\Studia\XAI_2026\data\raw\Actor_09\03-01-05-01-02-02-09.wav
-349.26688,84.47113,-18.363722,0.543941,-2.2617054,13.650953,-18.028399,-2.1148567,-9.22999,-1.0486115,-7.042191,-0.39039513,0.6299086,-1.3457935,-2.0768409,1.1319903,-3.7008753,-1.0095708,-2.181792,-0.1561289,-0.38366452,2.524243,2.4264522,6.2928896,4.3004503,4.7676992,1.5769792,6.015454,2.7138186,1.9129992,0.7889156,3.7851362,0.5487949,2.126148,1.2027036,1.3094484,1.5082136,3.61101,1.6756246,0.9564728,angry,0,c:\Users\Kacpiro Recenzje\Desktop\Studia\XAI_2026\data\raw\Actor_09\03-01-05-02-01-01-09.wav
-322.7275,87.48006,-19.568375,-1.3889037,-2.7038105,11.075282,-17.244486,-2.4512308,-8.416372,-5.279567,-6.9715543,-2.0172827,-0.35163134,0.27859452,-3.216326,-0.43125957,-2.7176385,-1.0322131,-3.0205486,-1.867381,-1.0278492,-2.47523,0.68434435,3.3322947,0.045063965,0.8275927,0.8187415,3.7662578,2.0164237,3.632416,2.1286235,3.527126,0.9578678,1.3924388,1.022816,2.5283325,2.5924878,2.8073397,2.198165,2.2393224,angry,0,c:\Users\Kacpiro Recenzje\Desktop\Studia\XAI_2026\data\raw\Actor_09\03-01-05-02-01-02-09.wav
-275.96735,88.970856,-22.551962,2.997749,-8.4309635,11.339022,-22.786371,-5.884148,-14.296692,-1.8969735,-6.042632,-7.6186314,-2.3479602,0.29716492,-4.528468,1.7485243,-4.471757,-4.4719324,-4.2354918,0.1186064,-2.887823,-2.6270258,2.1781805,6.5588,3.7033033,4.6453648,-0.28062665,3.8072803,3.3391657,3.6340597,-1.1780938,3.9032402,1.6119602,1.7717228,1.57781,1.1143649,0.4569983,2.057606,0.5787725,2.6259215,angry,0,c:\Users\Kacpiro Recenzje\Desktop\Studia\XAI_2026\data\raw\Actor_09\03-01-05-02-02-01-09.wav
-298.4864,81.096016,-21.436672,-0.089053325,-9.328261,9.02494,-18.605154,1.6950537,-11.482368,-2.5118647,-2.362737,-3.0177062,-1.2496667,3.6764133,-5.8683543,1.9115644,-1.7238488,-4.653702,-1.4451104,2.1290524,-0.8825255,0.9602292,6.663002,8.570567,5.3582783,5.5892587,4.0202146,5.1361027,0.64830023,2.201215,0.48440725,3.4838123,0.12768799,1.5931399,1.538097,3.0978289,1.7958416,2.5857315,1.7341061,1.589284,angry,0,c:\Users\Kacpiro Recenzje\Desktop\Studia\XAI_2026\data\raw\Actor_09\03-01-05-02-02-02-09.wav
-401.23743,67.708534,8.450416,19.187788,9.277779,20.375864,-0.20099732,7.246099,-2.8496432,1.0426408,4.7997227,0.19608906,0.86357236,0.07837815,4.305129,0.5578219,-3.3006034,2.295672,1.726406,0.49373275,2.2848513,-0.63181275,-0.25544468,1.9175186,0.85408175,0.2272585,-2.7087417,-1.1843965,-1.3997545,-0.88157094,-1.0302229,-0.98521924,-1.5409507,-0.57777375,-1.5269524,-1.2352968,0.20856267,-1.2670305,-0.55865425,-0.46361768,fear,3,c:\Users\Kacpiro Recenzje\Desktop\Studia\XAI_2026\data\raw\Actor_09\03-01-06-01-01-01-09.wav
-355.6783,68.76254,8.009445,21.3237,11.881765,19.493267,0.9683035,6.050132,-4.249626,-0.7426305,3.1010966,3.141715,0.6678816,1.8866603,0.8347951,1.9347214,-0.9063474,3.7204404,1.8726478,0.2539229,4.6674304,-0.042881038,-1.3815387,1.6918054,0.720445,-0.59909445,-0.7933055,-0.53752506,-1.2968618,-0.6441554,-1.3439857,0.5577959,-1.2035147,0.16301107,0.6183913,-0.7799672,-1.2785273,-0.04282436,-0.588117,-1.0520242,fear,3,c:\Users\Kacpiro Recenzje\Desktop\Studia\XAI_2026\data\raw\Actor_09\03-01-06-01-01-02-09.wav
-357.25763,70.86201,13.649733,25.88454,11.217232,21.59934,4.6251636,9.957293,-1.6998373,0.38257885,5.9227347,4.752637,1.8514508,3.8252,5.5106277,3.3608258,-1.6075089,4.0973177,4.9262514,1.1350731,4.603212,1.7860949,1.6212896,1.7706974,2.0492964,2.2172627,-0.24188428,-0.6949361,0.78480357,-0.111125864,-0.16171768,0.78261554,-0.57201195,0.70347,-0.02484001,0.7731758,0.6311202,-0.02745013,0.5731623,-1.1490861,fear,3,c:\Users\Kacpiro Recenzje\Desktop\Studia\XAI_2026\data\raw\Actor_09\03-01-06-01-02-01-09.wav
-356.79803,66.26279,7.270551,26.757372,10.593343,17.157484,1.8614486,6.622473,-2.1515608,-3.8498545,3.0042603,1.7362199,1.5171515,2.6302013,1.4435266,1.7179499,-2.0682547,2.0283093,1.940098,0.048924223,4.274151,-0.6330898,-0.6474436,1.9251138,0.8701459,-1.0035264,-1.6995547,-1.3387905,0.20582925,0.0018295262,-1.2113377,-0.2445069,-1.2911748,-0.39979032,-0.67354393,-0.33575425,-1.0178643,-1.1489236,-0.8530481,-2.1583395,fear,3,c:\Users\Kacpiro Recenzje\Desktop\Studia\XAI_2026\data\raw\Actor_09\03-01-06-01-02-02-09.wav
-357.90753,93.68534,2.2829573,15.18055,15.512986,24.082,-6.6489315,-3.0855575,-2.6360002,2.7381647,-5.3791013,-3.3029704,0.80689234,-3.0211945,-3.335043,-2.5420942,3.585819,2.2007127,0.82367456,1.7083617,5.4384246,-1.7483646,-2.6994314,7.6242537,0.11072373,-1.3223026,0.8075629,-3.3050878,-0.031949796,1.4368653,-2.134006,1.2347723,-1.2578733,-1.2360239,2.2117968,-0.26548707,-0.76841277,-0.13319375,1.3662755,1.0458809,fear,3,c:\Users\Kacpiro Recenzje\Desktop\Studia\XAI_2026\data\raw\Actor_09\03-01-06-02-01-01-09.wav
-355.37265,73.28449,-0.9731021,23.059837,10.920559,25.075321,-4.4023037,5.129536,-4.017278,4.554452,-1.1338831,-0.9723065,0.022614608,-1.3402387,-3.0633545,-4.268189,-0.072205566,3.8279924,2.5647008,0.07680906,2.2927938,-1.0734638,-3.4348016,5.986343,1.5056713,-0.39976603,-2.0853093,-2.807504,-1.0624402,0.11714411,-3.1718352,-0.6675905,-1.629728,-2.0077057,-0.40416002,-0.6901411,-1.752465,-1.0318958,-0.40122575,-0.06255568,fear,3,c:\Users\Kacpiro Recenzje\Desktop\Studia\XAI_2026\data\raw\Actor_09\03-01-06-02-01-02-09.wav
-393.6483,66.73761,-0.6317623,13.803874,5.308042,16.686232,-8.216376,-2.0941725,-3.8633895,1.5654919,-8.282039,-4.4369154,-0.5254161,-6.292975,-5.7696433,-1.8691049,2.3099914,-0.9229906,-1.5129774,0.6469254,-0.3655857,-4.082722,-3.7913032,2.304855,-1.2156435,-2.8812244,-4.0180674,-5.5858088,-1.6933718,-0.7349566,-4.5814466,-2.4129064,-4.436666,-3.5772414,-0.2434991,-1.8468028,-3.3318818,-0.72909904,-0.4072632,-1.5015132,fear,3,c:\Users\Kacpiro Recenzje\Desktop\Studia\XAI_2026\data\raw\Actor_09\03-01-06-02-02-01-09.wav
-397.70978,70.35666,2.4270031,12.116173,6.829749,18.237066,-6.730247,-1.6465223,-2.8584146,-0.8637189,-8.007299,-3.9510329,2.1919675,-7.057688,-6.9090333,-1.0103415,2.349104,-1.6791434,-1.3413662,3.2270997,0.7638864,-6.1219034,-2.9836907,4.234969,-0.17505185,-3.922271,-3.2725108,-4.4957867,-3.1541352,-0.7977754,-3.266692,-3.816117,-4.3578,-3.2537184,-0.5509413,-2.4788337,-2.8437736,0.17916805,1.0750905,0.25611115,fear,3,c:\Users\Kacpiro Recenzje\Desktop\Studia\XAI_2026\data\raw\Actor_09\03-01-06-02-02-02-09.wav
-368.00732,104.84658,3.5742161,9.152622,13.334394,17.129517,-3.9549491,0.6672346,-9.51803,-1.9932634,1.7594442,-1.4317503,-1.2642971,-1.545372,0.0133246835,0.74048,1.0367548,0.29650262,-2.1584377,-0.44833037,3.482015,-2.1838777,-3.770229,0.7253178,-1.226941,-2.102039,-2.2555058,-3.4078898,-2.9248908,-0.13056989,0.50944495,-1.101022,-1.8006715,0.113972686,0.6702788,-0.47523075,-2.1268387,0.11132959,0.66178375,-0.26677412,disgust,2,c:\Users\Kacpiro Recenzje\Desktop\Studia\XAI_2026\data\raw\Actor_09\03-01-07-01-01-01-09.wav
-374.72534,96.81233,1.5459659,10.9144335,13.607832,18.759022,-6.4872518,-0.12222809,-7.005031,-3.0669756,0.40263876,-0.6202658,-1.0200759,-2.5131679,-1.3433166,0.14565648,-0.9894657,-1.114717,-2.048299,-1.3791705,1.6607978,-3.461169,-2.6296477,0.7039551,-3.4792178,-1.8966314,-2.9577482,-3.0106223,-1.9061134,-1.6372534,-0.40435538,-0.5608125,-3.0583916,-0.55956036,0.79570204,-0.58979267,-1.5499363,-0.33170226,-1.198974,-0.7352709,disgust,2,c:\Users\Kacpiro Recenzje\Desktop\Studia\XAI_2026\data\raw\Actor_09\03-01-07-01-01-02-09.wav
-357.69653,86.948814,9.097532,19.794333,14.582706,19.291185,-3.5946553,7.439449,-5.121419,-0.32459643,-1.9817228,-2.9916556,2.4977326,-2.8203194,-0.3235359,2.7017477,1.838088,-1.9104538,-1.1100801,1.7157348,3.7260966,-2.1015706,-2.5537484,0.7390538,-2.7330055,1.4151707,-1.9202799,-3.7696836,-2.680444,-0.7278459,-1.3037109,-0.26187232,-3.549776,0.22979948,-0.34961864,-1.2551503,-0.6682459,-0.5016469,-0.37782797,-0.391837,disgust,2,c:\Users\Kacpiro Recenzje\Desktop\Studia\XAI_2026\data\raw\Actor_09\03-01-07-01-02-01-09.wav
-367.44058,100.15056,-2.9669762,21.198467,18.448858,19.10348,-3.5798814,2.4557161,-13.486729,-5.5458193,5.5063133,-1.3302584,-1.1081445,-0.8208041,0.42215475,2.6092823,-1.4785714,2.432501,-1.5898062,0.26207447,3.1054933,-2.1590598,-3.0082927,2.5832317,-1.7701291,-3.016187,-1.3246003,-3.3539727,-1.7981316,-1.4334624,0.36652142,-0.6169058,-2.0819192,1.7219965,0.30479923,-0.5433149,-0.2581564,0.9434611,-0.5371329,-1.3785987,disgust,2,c:\Users\Kacpiro Recenzje\Desktop\Studia\XAI_2026\data\raw\Actor_09\03-01-07-01-02-02-09.wav
-358.76727,97.144035,7.212864,13.5042095,10.912331,17.570341,-9.857601,4.815175,-4.0057917,0.61069185,-2.4646728,-4.6196637,-4.0839024,-4.6813183,-0.7040985,2.0677292,-4.514947,-5.1429768,0.64631855,0.67160666,-0.58973324,-0.9539057,-1.0571318,-0.18226007,-3.3627157,0.91063285,-1.1193168,-2.4946084,-2.8811698,-1.6979347,0.27729294,-2.2201784,-1.4999841,-0.68521696,-2.250967,-1.3964505,-1.9473466,-1.1136174,-0.5673243,-0.6740423,disgust,2,c:\Users\Kacpiro Recenzje\Desktop\Studia\XAI_2026\data\raw\Actor_09\03-01-07-02-01-01-09.wav
-364.9024,103.39652,1.7307111,15.976493,13.495739,18.030195,-8.5342455,2.0870812,-2.2707946,1.0099217,-3.5566058,-3.3474238,-2.5484169,-3.9513538,-2.2705214,2.3327954,-2.6092732,-4.57521,-0.25750062,0.9231534,0.13389382,-2.3513227,-1.9894494,0.88447946,-1.8886353,-0.58172,-2.3860126,-2.0073414,-2.4324117,-0.439723,-0.12837489,-1.8460572,-2.0428689,-0.18032444,-1.2208284,-0.5584839,-1.8560449,-0.92012185,0.38009828,-0.6464952,disgust,2,c:\Users\Kacpiro Recenzje\Desktop\Studia\XAI_2026\data\raw\Actor_09\03-01-07-02-01-02-09.wav
-406.70383,102.02119,-1.2776797,13.161457,14.777844,17.050825,-7.5320673,4.9651117,-3.2052412,-3.4506671,-2.398055,-3.3474138,-0.6503341,-3.9396298,-3.191523,0.39608565,-2.8390856,-3.169615,-1.5831499,1.5123553,2.8646677,-3.545888,-4.7715745,0.31137973,-3.6367188,-2.2056212,-2.9938607,-3.4287994,-3.1542337,-2.1320384,-1.987736,-3.0432615,-3.6507065,-0.79448134,-0.7318804,-1.8884845,-2.2319634,-0.46589932,-0.5925305,-1.272598,disgust,2,c:\Users\Kacpiro Recenzje\Desktop\Studia\XAI_2026\data\raw\Actor_09\03-01-07-02-02-01-09.wav
-388.99927,112.747025,5.0326214,6.3422894,14.849192,17.050817,-7.272474,-0.4399174,-0.9549372,-4.686018,-5.238431,-1.9081066,0.83399457,-5.780433,-5.3842335,0.912332,0.33146316,-1.0133892,-2.813186,0.82718724,1.86642,-2.5019622,-3.854791,-2.2166333,-4.093338,0.56851,-3.2074134,-5.2629185,-1.4788471,-1.937503,-0.5310459,-2.09455,-2.6953607,0.23149672,-2.5939841,-1.4026312,-1.5631348,-1.6413726,-0.7154055,-1.0214169,disgust,2,c:\Users\Kacpiro Recenzje\Desktop\Studia\XAI_2026\data\raw\Actor_09\03-01-07-02-02-02-09.wav
-413.48407,87.078026,17.274885,21.675411,12.86578,20.462431,5.109159,6.2264595,1.7026762,1.655699,5.3019156,2.5681746,0.32693827,2.373697,4.2729983,2.74753,1.923964,3.6663165,2.5523646,1.1884396,4.148275,-0.56668544,0.36129978,3.4811423,1.7663673,0.70266604,0.39444992,-1.0252246,-0.40554127,0.41420847,-0.4355782,2.0071983,-0.9491522,-0.90844077,1.0766051,-0.8433261,-0.07437542,0.33150023,-0.13436674,-0.2519861,surprise,7,c:\Users\Kacpiro Recenzje\Desktop\Studia\XAI_2026\data\raw\Actor_09\03-01-08-01-01-01-09.wav
-390.87552,89.602295,10.3683405,17.551657,12.267308,18.497099,-3.0003817,1.9148939,-2.3386247,-1.9700707,3.8430696,-0.88508326,-3.3252225,0.255492,-0.1501724,0.63261753,-0.7593432,-0.5305595,-0.62526286,-2.2366376,1.8609226,-3.4655442,-1.3930919,1.520019,-0.9965255,-1.9258747,-2.109834,-1.7944635,-1.15587,-1.3745283,-2.2403889,-0.1462247,-3.0244799,-1.1139699,-1.0010602,-1.4318213,-0.14404114,-0.23248042,-0.72212815,-1.0007254,surprise,7,c:\Users\Kacpiro Recenzje\Desktop\Studia\XAI_2026\data\raw\Actor_09\03-01-08-01-01-02-09.wav
-362.09906,100.40189,11.551177,25.03157,14.503563,22.46315,0.78936636,7.0072207,-0.47772196,0.15862517,4.4471164,1.6353481,-2.9978569,1.4660635,2.6237044,2.0491745,0.47699493,2.2426505,1.8599269,1.0799402,3.7387574,-2.2834048,-0.8454615,3.4319868,0.7368143,-0.69873464,-1.2067403,-1.8408225,0.038222294,0.39792627,0.34883296,-0.7549782,-0.82181704,0.4735169,-1.0371432,0.009077572,-0.16231737,1.309794,0.20061821,-0.64953744,surprise,7,c:\Users\Kacpiro Recenzje\Desktop\Studia\XAI_2026\data\raw\Actor_09\03-01-08-01-02-01-09.wav
-402.51706,95.1036,6.7419996,19.485777,9.887091,18.22276,-3.2533925,1.7554252,-3.5560164,-4.264589,-1.5686122,-0.5558912,-3.9598935,-1.2541945,-0.98605984,0.8249214,1.2533115,-2.57538,-0.48315164,-1.1204884,3.0836494,-3.5988715,-3.6577303,1.6056005,0.07416456,-1.7491691,-2.2737486,-2.81409,-2.4234197,-1.3919256,-2.8146787,-1.7963978,-2.6273227,-2.376684,-1.9133186,-1.7904682,-1.4180616,-0.81994635,-1.2289201,-1.4616591,surprise,7,c:\Users\Kacpiro Recenzje\Desktop\Studia\XAI_2026\data\raw\Actor_09\03-01-08-01-02-02-09.wav
-418.17834,65.71927,5.8880568,11.151415,9.000127,10.679067,-4.802178,-0.82026935,-2.4976878,-2.6437988,-1.2537278,-2.5658581,-4.18067,-2.1996617,-1.6103369,-1.8833026,-2.835326,-1.8254071,-1.3691992,-1.0738767,1.0155616,-3.0082695,-2.1121368,1.3742799,-2.0554752,-3.126434,-2.1624196,-3.0840864,-2.2577202,-3.084595,-2.316436,-0.5058269,-2.6275716,-1.7796448,-1.7437575,-1.8795261,-1.0265497,-0.7609098,-1.2080247,-2.222809,surprise,7,c:\Users\Kacpiro Recenzje\Desktop\Studia\XAI_2026\data\raw\Actor_09\03-01-08-02-01-01-09.wav
-430.7212,89.88892,14.8356695,20.773352,15.40567,19.77301,-1.4196187,3.0951223,-1.5241863,0.9755456,3.2893488,0.61949253,-1.7779504,3.138489,0.44095737,1.8726605,1.1809663,0.94575167,-0.05182534,1.0574867,2.9665656,-2.290944,-1.4233509,2.615022,-1.4453946,-1.2952513,-0.88833696,-1.0615592,-1.659286,-1.6239514,-0.670787,0.23221128,-2.2530482,0.22470969,-0.76502985,-1.4039495,-0.3966146,0.4513869,0.13695401,-1.2055321,surprise,7,c:\Users\Kacpiro Recenzje\Desktop\Studia\XAI_2026\data\raw\Actor_09\03-01-08-02-01-02-09.wav
-430.795,84.13448,10.086164,23.621485,8.863878,18.366766,-0.69789255,4.914222,-3.2049441,0.08982687,-0.5889786,-3.2669652,-3.4681308,-0.60882217,-2.104169,-1.1458013,-0.7036567,-1.1874559,-2.0376585,-0.3091007,2.770523,-4.887334,-2.3851433,2.0296626,-1.2283041,-1.9223394,-2.457986,-2.4606202,-1.7535783,-1.1236954,-2.0991745,-0.68367946,-2.701504,-0.6353211,-0.04271173,-1.9726639,-0.05734326,-0.061767254,0.10800274,0.0960112,surprise,7,c:\Users\Kacpiro Recenzje\Desktop\Studia\XAI_2026\data\raw\Actor_09\03-01-08-02-02-01-09.wav
-384.44815,87.48982,6.0951324,22.07928,11.595083,18.70877,-4.7681565,3.6117172,-2.8837852,-1.0173348,-1.3247827,-1.615285,-4.6397405,-1.3409206,-2.31111,-1.1788939,-1.0987195,-0.027813336,-1.9603431,-1.2046951,2.0907228,-4.5054708,-3.4758453,0.99287796,-0.7088369,-2.4573476,-1.9608868,-2.673262,-2.0778856,-1.1996708,-2.244135,-0.8253542,-2.9885242,-1.4990157,-0.6455755,-2.4777417,-1.3643271,0.07355174,-0.5088578,-0.5125713,surprise,7,c:\Users\Kacpiro Recenzje\Desktop\Studia\XAI_2026\data\raw\Actor_09\03-01-08-02-02-02-09.wav
-361.69894,74.7277,6.4581995,8.176133,-1.6561816,12.226072,-10.80815,-0.057051312,-10.747845,-4.871157,-4.417092,-2.7690737,-4.6044474,-7.9910965,-1.498455,-1.2171435,-6.9919634,-0.3509831,-2.7740207,-1.1278913,-4.584993,-4.844631,-1.4145024,-3.0962114,-8.157617,-0.3841745,-5.047955,-3.0175703,-0.7631663,-2.6907487,-1.4856347,1.5750817,-1.6410012,4.089629,3.8854687,0.32329845,2.940175,2.446445,1.3013723,5.231801,neutral,5,c:\Users\Kacpiro Recenzje\Desktop\Studia\XAI_2026\data\raw\Actor_10\03-01-01-01-01-01-10.wav
-328.24316,87.12028,3.6735706,14.988288,-4.576792,11.385544,-15.565003,-2.1341574,-14.053068,-8.761343,-5.175557,-3.1038325,-5.166868,-6.888566,-4.8386755,-0.5783394,-8.989323,-2.0980875,-1.669744,-1.5263926,-3.5966809,-5.348612,0.99285835,-4.8807006,-8.532096,2.043948,-6.535876,-2.7363813,-1.7868549,-5.7811284,-2.9472115,0.31811157,-5.1779957,1.8026308,2.9664435,0.038086154,1.6349869,0.4508113,-1.7283636,3.4805567,neutral,5,c:\Users\Kacpiro Recenzje\Desktop\Studia\XAI_2026\data\raw\Actor_10\03-01-01-01-01-02-10.wav
-320.81332,79.840546,3.547419,7.572047,-2.4378955,12.389164,-15.390185,-2.5939426,-17.547647,-12.242327,-4.636569,-0.67835945,-4.6164327,-9.646805,-3.9846766,-2.8554204,-7.493443,0.9943181,-4.3956256,-4.3489666,-5.180267,-5.632137,-1.097563,-6.2291903,-11.755371,-1.2681028,-6.9365034,-5.4526443,-0.50139517,0.21882099,1.1154517,4.857325,1.2700213,7.2489433,7.350931,3.9745288,8.137192,6.165197,4.547133,4.8400903,neutral,5,c:\Users\Kacpiro Recenzje\Desktop\Studia\XAI_2026\data\raw\Actor_10\03-01-01-01-02-01-10.wav
-351.65176,75.73402,8.847525,20.918272,0.58854514,14.156273,-10.243206,4.426956,-12.289452,-5.80803,-4.045785,-2.1939123,-3.395246,-8.06747,-2.915704,-1.1100336,-5.1737313,0.97029126,-1.7966168,-0.6000516,-3.8557622,-2.4062653,0.38062432,-5.623345,-10.135681,-1.9229949,-6.397168,-6.4631395,-3.670208,-5.966298,-4.7104044,-0.8151987,-4.169954,0.15055619,4.629932,-0.44159,1.4486538,2.608834,-0.38404512,5.158994,neutral,5,c:\Users\Kacpiro Recenzje\Desktop\Studia\XAI_2026\data\raw\Actor_10\03-01-01-01-02-02-10.wav
-291.8974,88.7979,-7.408855,14.460276,1.7678715,10.071641,-19.648674,1.6623548,-16.461872,-11.797926,-5.584276,-7.455944,2.736057,-1.9493668,-11.239574,1.1407772,-1.2411968,-2.6510985,-2.8840814,-1.4315082,-2.8697288,-4.8293333,-1.9372455,-6.0440283,-7.71421,-1.6889267,-4.7030506,-2.5041163,-3.151164,-0.94360167,-0.7355803,-3.0957775,-1.5487782,2.9147472,2.449527,3.0982995,5.7319045,5.061608,3.89904,5.307736,calm,1,c:\Users\Kacpiro Recenzje\Desktop\Studia\XAI_2026\data\raw\Actor_10\03-01-02-01-01-01-10.wav
-343.3524,87.16809,-0.5986328,11.045686,0.31662592,12.383367,-14.055313,3.444793,-14.106834,-6.175305,-0.92434955,-2.980323,-4.7951565,-5.5162325,-4.0794578,0.8500652,-3.550083,-2.1314616,-0.9882425,-0.50252914,-4.351174,-3.4731119,-0.4006845,-3.9746933,-7.041492,1.2614295,-5.785182,-2.9974992,-1.9676741,-3.1510856,-2.741881,-0.96786046,-3.5626445,0.05573538,0.80984646,-4.1899233,-1.9025552,-0.6678641,-2.359468,2.1479323,calm,1,c:\Users\Kacpiro Recenzje\Desktop\Studia\XAI_2026\data\raw\Actor_10\03-01-02-01-01-02-10.wav
-317.52478,69.52681,0.1666671,12.422092,0.8278157,11.454529,-20.090425,7.147448,-18.58394,-12.325758,-3.8945174,-4.531383,-3.9629452,-7.11937,-6.073725,-0.3517647,-6.0904784,-3.6895354,-3.7362962,-1.2348214,-6.2841086,-5.1684,0.51202166,-5.773844,-8.823013,0.1573215,-6.7869015,-5.0052314,-5.8665247,-4.9814053,-4.8787656,-0.6645971,-0.47133827,5.1076946,10.228758,7.274999,8.41254,6.6581297,4.859766,5.1481776,calm,1,c:\Users\Kacpiro Recenzje\Desktop\Studia\XAI_2026\data\raw\Actor_10\03-01-02-01-02-01-10.wav
-322.97305,74.400764,3.711605,10.818699,-1.1457896,12.253751,-20.539371,1.6405966,-15.777875,-10.626562,-2.954875,-4.0999436,-5.5883646,-8.378122,-5.151785,-2.6692972,-8.236086,-1.9301435,-4.9737773,-2.938664,-4.821373,-6.2165213,-0.8426622,-5.418407,-8.640162,-2.079767,-6.4429584,-6.5006857,-7.208999,-4.397329,-2.8606062,1.4319395,-0.7957887,5.7291775,8.867032,4.416915,5.088503,4.4579067,5.9519405,6.761343,calm,1,c:\Users\Kacpiro Recenzje\Desktop\Studia\XAI_2026\data\raw\Actor_10\03-01-02-01-02-02-10.wav
-304.4657,87.09078,-2.7573178,6.565904,-0.22856691,14.789665,-16.949656,-1.4137449,-19.88621,-12.488519,-4.6485105,-2.8246646,-4.2358894,-4.9015803,-6.073742,1.6579361,-4.4611077,-1.5787805,0.94186306,-1.4669355,-7.5434318,-4.491082,-1.2193441,-7.4365616,-7.429,-1.0542011,-7.0074673,-6.1861,-4.1788154,-3.9261205,-3.0793536,-0.5540111,1.3749684,5.898445,6.449236,6.313705,7.4904127,6.261794,5.7873893,7.365868,calm,1,c:\Users\Kacpiro Recenzje\Desktop\Studia\XAI_2026\data\raw\Actor_10\03-01-02-02-01-01-10.wav
-335.5191,85.51469,3.9269233,8.956304,-5.30421,10.709916,-13.132792,-2.170942,-15.235027,-13.300917,-5.128563,-4.513881,-1.2094393,-4.1632733,-7.024428,-3.5778723,-4.855821,-2.4053645,-5.2682233,-5.605448,-6.2511253,-9.626984,-1.6759757,-7.2858195,-9.129449,-1.0633036,-2.8607519,-4.3413467,-3.2756147,-0.082061335,-2.0470893,0.8790742,0.030537598,6.8286815,9.056506,10.384822,12.171638,11.568318,8.274295,2.8515835,calm,1,c:\Users\Kacpiro Recenzje\Desktop\Studia\XAI_2026\data\raw\Actor_10\03-01-02-02-01-02-10.wav
-323.94974,88.52247,1.1656948,11.955593,1.6970847,11.171,-17.101469,1.7811257,-14.173215,-14.523488,-2.5985718,-5.9730988,-4.8167453,-8.209878,-8.456575,-1.7045273,-4.768826,-2.9259546,-3.917249,-4.099172,-8.746812,-6.328227,-0.48038304,-8.539005,-8.068575,-0.7926703,-6.9193244,-6.46863,-5.497156,-6.394649,-5.0064473,-2.316977,-2.8564713,5.9097185,11.740461,10.767688,12.37324,9.881525,5.5929465,2.6546934,calm,1,c:\Users\Kacpiro Recenzje\Desktop\Studia\XAI_2026\data\raw\Actor_10\03-01-02-02-02-01-10.wav
-306.38995,91.722824,8.295057,16.915382,-0.9098738,17.186434,-12.026916,5.77003,-13.240506,-6.55417,-2.7597435,-4.699722,-3.825724,-7.9532037,-7.8313327,-2.7923124,-2.469517,-1.8454512,-7.018174,-2.4080868,-5.4703665,-5.13989,-0.952575,-6.3120937,-7.5396442,-1.4616154,-5.746203,-7.8873005,-5.649123,-3.9374135,-4.8928714,-4.5503654,-5.8396215,-3.1795962,-2.1317334,-2.9389,-1.3352224,2.7639146,4.973657,7.998465,calm,1,c:\Users\Kacpiro Recenzje\Desktop\Studia\XAI_2026\data\raw\Actor_10\03-01-02-02-02-02-10.wav
-369.85522,68.045074,-4.315522,-1.3376294,2.343676,7.434961,-11.654747,-1.8832114,-9.645975,-12.229211,-4.689738,-3.0301838,-5.3004026,-6.270842,-5.0796194,-3.153656,-7.4002314,-2.2796168,-4.0061603,-5.0988708,-2.1785765,-5.29854,-2.3821821,-1.1126853,-5.846562,-1.759074,0.6492722,-1.8438052,-2.3962073,-0.5294499,-0.94850355,-0.2625938,0.77706045,3.1887717,3.6600943,3.090087,1.5820054,3.667065,4.048731,3.0937655,happy,4,c:\Users\Kacpiro Recenzje\Desktop\Studia\XAI_2026\data\raw\Actor_10\03-01-03-01-01-01-10.wav
-367.0386,68.48267,-5.0285068,1.7393352,-0.528132,8.401074,-14.867871,-3.0925777,-13.289385,-12.87544,-6.6501675,-0.7414345,-6.523006,-10.267943,-4.6482587,-2.519724,-7.9935675,-1.8422644,-1.8112439,-7.0785637,-5.4830813,-5.7892866,-3.9470673,-2.0541625,-2.9895642,4.9768305,5.281397,6.208886,6.7514725,5.182365,3.002086,2.5154476,-0.14503652,1.3520584,3.6936624,-0.0014157126,-0.17331745,1.3280566,0.0057804836,-0.25546882,happy,4,c:\Users\Kacpiro Recenzje\Desktop\Studia\XAI_2026\data\raw\Actor_10\03-01-03-01-01-02-10.wav
-356.82288,63.60308,-13.962595,-2.6546483,1.4630942,5.3443675,-14.46236,-6.3134403,-18.02354,-12.891867,-2.4170263,-2.2340748,-8.339352,-10.59849,-1.8765001,-2.4442594,-8.535674,1.9473226,0.7783124,-6.8969474,-1.925829,3.9664013,5.3999567,1.5300823,2.3845403,4.2760468,3.5625684,6.3550973,5.1233525,5.228934,4.150073,1.2924378,-0.46845305,-0.4444348,1.4279238,0.9942639,-0.009580707,-0.9188912,-1.6320385,-1.4674295,happy,4,c:\Users\Kacpiro Recenzje\Desktop\Studia\XAI_2026\data\raw\Actor_10\03-01-03-01-02-01-10.wav
-373.65167,71.97599,-7.265468,4.417713,-0.51409835,4.2135963,-17.004152,-3.3326707,-14.474267,-14.590994,-4.3568687,-0.45357746,-8.290344,-9.2061205,-2.8282611,-2.760152,-9.063005,-1.9604592,-3.2216072,-4.895605,-3.9173875,-3.520744,-0.8615749,-0.9931026,-4.1420727,3.183703,2.947951,4.354902,5.8211427,7.2955003,3.473137,6.386917,1.8629131,1.2290382,2.0799031,-0.40408376,-1.3755511,2.496125,1.0542376,1.0892483,happy,4,c:\Users\Kacpiro Recenzje\Desktop\Studia\XAI_2026\data\raw\Actor_10\03-01-03-01-02-02-10.wav
-317.69458,73.27309,-31.06189,-9.71585,-5.9999585,2.5214689,-28.379719,-10.0721,-14.4213,-23.44626,-13.056993,-0.79074806,-12.2017975,-16.382462,-6.8998203,-2.748629,-11.084121,-0.5289745,4.2743564,0.5328847,4.9668746,10.08757,9.1471815,4.5087852,-0.068741605,2.6500561,1.3487453,-2.0178216,-3.20453,-1.1723429,-3.2281678,-0.5973405,-1.0246656,-2.2107258,-0.3726585,-0.7039191,-2.1451042,1.9315348,1.5977643,-2.3225603,happy,4,c:\Users\Kacpiro Recenzje\Desktop\Studia\XAI_2026\data\raw\Actor_10\03-01-03-02-01-01-10.wav
-355.03906,61.046307,-24.892126,-6.667372,-4.3766565,5.826828,-20.706556,-9.752206,-13.863061,-19.311161,-10.787544,-0.91188556,-8.822354,-14.743945,-6.499065,0.9877562,-3.9224381,4.6476636,8.704342,4.313954,7.277766,6.887356,2.6333544,-0.8918751,-6.510716,0.31431046,2.2177832,-1.8904939,-2.4852087,-1.4543079,-4.303554,-0.45170107,0.45506817,1.3053176,2.0663548,1.5581136,0.85366404,3.5345607,2.6231403,0.49565634,happy,4,c:\Users\Kacpiro Recenzje\Desktop\Studia\XAI_2026\data\raw\Actor_10\03-01-03-02-01-02-10.wav
-343.31375,54.83773,-30.670504,-2.3259878,-8.745009,0.57598066,-22.513159,-9.002767,-13.7078,-18.733515,-13.870654,-3.7112548,-9.749514,-15.697044,-7.5888224,3.3683467,0.5698757,10.477942,13.339281,5.717301,3.3671346,3.49208,-3.1328063,-5.1151314,-3.492802,3.861678,0.37839633,-3.22283,-5.342297,-2.66668,-1.2542056,2.2843604,2.2303028,0.6244265,1.4590788,3.2119098,3.2678046,0.82448477,-3.167433,-2.814338,happy,4,c:\Users\Kacpiro Recenzje\Desktop\Studia\XAI_2026\data\raw\Actor_10\03-01-03-02-02-01-10.wav
-342.44244,66.96353,-36.938164,-7.070008,-5.773146,5.5344524,-26.414146,-9.423159,-13.37068,-23.331177,-14.359751,-1.1414901,-11.822984,-16.346905,-5.8244076,-0.49089733,-5.345729,2.1912072,6.3219776,1.284004,1.013457,10.012981,7.4922404,0.9138433,2.8480022,4.506669,4.2768064,2.6129873,0.48742226,0.72598994,0.5525283,1.1808196,-2.1990473,1.4569123,-1.1305548,-1.1011761,0.050793696,-0.28886077,0.44608116,-1.7797294,happy,4,c:\Users\Kacpiro Recenzje\Desktop\Studia\XAI_2026\data\raw\Actor_10\03-01-03-02-02-02-10.wav
-371.77182,76.17366,6.4302797,14.042255,5.2367797,13.950085,-10.510237,5.6741276,-9.23649,-9.542721,0.4439386,-4.2312694,-1.6066669,-7.5275455,-2.6087,0.92410517,-2.0151968,-0.17431392,-0.92785484,-0.007082567,-2.6139224,-3.383363,-0.7169976,-1.5922507,-5.902952,-0.64389277,-2.9079814,-2.6159391,-0.3424383,-2.0199895,-1.1616083,-1.6641192,-1.8206391,-2.1051776,0.03846711,-1.6484219,-2.3794205,0.7080474,2.1458652,4.041882,sad,6,c:\Users\Kacpiro Recenzje\Desktop\Studia\XAI_2026\data\raw\Actor_10\03-01-04-01-01-01-10.wav
-325.58948,82.82184,6.400068,13.646148,-0.9399141,15.155133,-12.174697,6.5078373,-14.108284,-11.312942,-2.033914,-0.14406526,0.62015724,-6.3408556,-2.7249627,0.52550566,-0.5432169,0.7099815,-0.09495826,2.4358726,-1.7123362,-3.4714146,1.8862803,-1.8509002,-8.0826235,1.0388542,-4.1629114,-4.283329,-4.0654063,-4.6493983,-5.466363,-2.4898362,-3.405642,-5.051502,-1.6495486,-2.389045,-2.1168668,-0.97404027,-1.8627787,1.8035805,sad,6,c:\Users\Kacpiro Recenzje\Desktop\Studia\XAI_2026\data\raw\Actor_10\03-01-04-01-01-02-10.wav
-342.97534,83.31376,14.583231,16.682312,3.402163,14.825985,-11.4654455,3.4460442,-14.526189,-12.136326,-0.8152258,-4.5033903,-5.0149817,-8.44382,-0.68625003,-0.4002665,-3.937372,-0.031011,-2.495778,-2.3867528,-3.010487,-2.113045,-0.42339817,-3.7539642,-6.9570513,-1.5562872,-3.9540086,-1.9178127,-3.6002743,-4.4634366,-2.6470048,-1.9776518,-2.7792783,-0.5751882,1.0103191,0.1634817,2.79095,4.76058,6.055247,7.6275263,sad,6,c:\Users\Kacpiro Recenzje\Desktop\Studia\XAI_2026\data\raw\Actor_10\03-01-04-01-02-01-10.wav
-317.69986,93.68613,15.81599,17.382383,-5.7583456,14.691922,-12.966236,5.066715,-17.342821,-9.4592285,1.2721316,-3.8416429,-3.9289196,-11.202042,0.7130975,-1.903911,-5.2546425,2.8712785,-1.6099193,-3.6790547,-1.2128983,-1.6889774,-1.5252492,-2.1830049,-5.6398954,-1.0653356,-3.7545738,-1.4312457,-4.5556107,-4.145585,-1.5045164,-4.78562,-2.7834766,-2.2251632,-0.31338552,-2.6482446,-2.8813286,-1.8983189,-1.1663674,0.8417338,sad,6,c:\Users\Kacpiro Recenzje\Desktop\Studia\XAI_2026\data\raw\Actor_10\03-01-04-01-02-02-10.wav
-371.2233,88.41087,-9.014327,10.722356,6.529374,14.507158,-16.578947,-2.346064,-11.566203,-17.929913,-1.2935926,-3.9149652,-7.8819556,-6.745661,-3.2128608,2.3125336,-6.784449,-1.3648329,-1.7953144,-7.114376,-2.6841633,-2.758841,-3.6782897,-3.4680808,-5.5771494,-3.0140634,-0.72082466,-2.158101,-1.61657,-0.7197112,-0.50617766,1.4219103,-0.08188689,3.4694154,3.1663454,0.6587505,2.3725293,1.3906271,0.45473844,1.3584288,sad,6,c:\Users\Kacpiro Recenzje\Desktop\Studia\XAI_2026\data\raw\Actor_10\03-01-04-02-01-01-10.wav
-319.45294,95.669395,-8.842504,11.027294,5.549906,18.29907,-17.214636,-1.6667545,-19.533682,-19.888197,-0.4567343,-1.5769002,-4.338444,-6.926104,-1.6622542,2.2345865,-5.8571444,2.5248916,-0.29602656,-3.9211504,-2.7318387,-4.912102,-2.7148724,-2.4809463,-5.8411517,-0.06085573,-0.08107167,-2.2665112,-2.3046412,-2.1341095,-1.3528198,1.1628573,-1.0335548,3.1769812,5.7633543,1.956885,2.1435966,1.6063915,0.8235082,4.2814097,sad,6,c:\Users\Kacpiro Recenzje\Desktop\Studia\XAI_2026\data\raw\Actor_10\03-01-04-02-01-02-10.wav
-359.30313,79.994125,9.488377,24.952454,2.4722784,14.75125,-10.302662,1.3533273,-14.891624,-11.449031,2.0633268,-3.903355,-5.2263937,-6.9232483,-0.055025358,0.9698234,-4.3261285,2.3097343,-1.3145225,-3.9384542,-1.7486974,-3.6639967,-2.170627,-1.4801736,-6.2233396,-2.0434587,-1.6866506,-2.4695575,-4.764408,-3.9476206,-0.75385296,-2.8037899,-3.707675,0.5364183,-1.0427573,-2.2118742,-0.3802408,0.07765815,1.9684573,3.513762,sad,6,c:\Users\Kacpiro Recenzje\Desktop\Studia\XAI_2026\data\raw\Actor_10\03-01-04-02-02-01-10.wav
-363.8331,74.46865,8.230939,18.719263,6.127087,14.3302145,-7.4676437,2.627674,-12.684653,-12.991119,0.06581516,-5.251052,-8.143241,-5.630766,-1.9520327,-1.9118838,-5.908229,2.0104048,0.5535809,-4.7940674,-1.9249756,-2.5273776,-1.9165148,-2.7483275,-5.6203933,-2.2674267,-0.7302904,-2.3262036,-3.6564972,0.07450812,0.8296316,-1.511082,-1.1885598,0.6120491,-1.2267953,-2.444059,-1.5356822,-1.9261949,1.4275975,1.9021964,sad,6,c:\Users\Kacpiro Recenzje\Desktop\Studia\XAI_2026\data\raw\Actor_10\03-01-04-02-02-02-10.wav
-296.4081,103.72225,-2.757046,8.9423485,0.99188435,9.662284,-16.357214,-0.29283997,-18.199945,-13.99001,-2.0019047,-5.4318295,-2.694079,-7.3131933,-3.2796571,2.0997548,-5.43807,-2.1285858,-2.2935865,0.8094464,-3.6402364,-6.1696258,-0.35719636,-4.743801,-7.852573,-0.57043415,-5.4950423,-6.4938903,-4.4885073,-5.0650234,-5.7607327,-2.6407864,-3.580058,-1.3719965,0.59287775,-3.5251584,-3.2776175,-1.9664524,-3.1340306,-0.16087352,angry,0,c:\Users\Kacpiro Recenzje\Desktop\Studia\XAI_2026\data\raw\Actor_10\03-01-05-01-01-01-10.wav
-300.59152,105.47943,-14.89668,-0.020651959,-1.1205634,3.6085296,-18.182838,-0.22174148,-14.991703,-14.61246,-3.2425485,-5.4510193,-4.017983,-8.596691,-6.312189,-1.315046,-7.614501,-2.5630584,-8.37599,-3.4141283,-3.325464,-7.5663958,-3.2546759,-1.8132365,-4.413016,0.7271039,0.48649928,0.7675262,-1.2636409,-0.30180392,-1.4232132,-2.4736743,-2.5353253,-0.94755757,1.2756857,-1.3376775,-0.5817868,2.3234928,2.360449,4.7597613,angry,0,c:\Users\Kacpiro Recenzje\Desktop\Studia\XAI_2026\data\raw\Actor_10\03-01-05-01-01-02-10.wav
-288.6356,102.22425,-5.534736,4.938778,-4.9053216,8.622408,-15.362959,-0.5385452,-19.561892,-13.140547,-4.416553,-4.09306,-7.5210066,-8.334072,0.6317345,-3.2894416,-9.519397,-1.6993026,-5.129621,-6.1098495,-7.905856,-6.691686,-4.157857,-6.7224174,-9.302437,-2.7667964,-4.810174,-4.7558184,-7.0599713,-5.0105286,-3.6370208,-3.6056073,-4.6991825,-1.1499432,0.74542797,-1.4347583,0.08374651,1.4905622,-0.2845169,1.4572487,angry,0,c:\Users\Kacpiro Recenzje\Desktop\Studia\XAI_2026\data\raw\Actor_10\03-01-05-01-02-01-10.wav
-303.46692,105.75387,-8.683661,5.708699,-1.5832773,6.247373,-18.24458,3.2098353,-22.989355,-11.913025,1.9023838,-8.14776,-7.694168,-6.600067,-1.5820572,-6.938952,-7.9050508,-0.24252774,-7.962384,-5.2537584,-5.560475,-7.464513,-3.9045904,-4.419953,-9.052389,-3.9436014,-4.532858,-5.6578865,-9.212471,-4.2603803,-3.4536903,-7.4672756,-3.9865446,-0.19380221,-0.14300002,-0.6992489,0.2790738,2.1692793,1.5705408,3.8413076,angry,0,c:\Users\Kacpiro Recenzje\Desktop\Studia\XAI_2026\data\raw\Actor_10\03-01-05-01-02-02-10.wav
-332.47433,79.516205,-20.769379,-1.62863,-1.1232944,-3.6958544,-20.980707,-2.9160273,-13.741604,-13.998681,-4.8808904,-6.3843083,-7.399841,-10.189417,-5.396724,-4.725782,-10.133506,-1.7628525,-6.599842,-7.670282,-4.2826157,-5.28414,-4.4001956,-1.327237,-2.1918452,-0.4873752,1.251641,2.152233,-1.6655141,2.463368,3.436764,-0.034783952,3.4229531,4.9800887,5.075883,1.4052442,1.9388211,1.6319667,-2.455023,0.14295262,angry,0,c:\Users\Kacpiro Recenzje\Desktop\Studia\XAI_2026\data\raw\Actor_10\03-01-05-02-01-01-10.wav
-300.08994,90.76887,-27.85328,-5.3242097,-12.2794485,-7.0731,-24.374575,-4.2420664,-12.0941305,-13.666716,-14.772412,-8.74656,-8.331017,-13.887861,-10.159285,-9.521593,-12.569234,2.0872211,-3.985456,-7.69453,3.2367973,6.554441,3.0382595,5.0549293,1.5784835,4.1246786,2.2917523,2.7572935,0.9843775,3.085852,1.4149464,-0.51195717,0.70212305,0.20581472,2.3557541,-2.3704185,-1.5219818,0.8337603,-2.4936042,1.2821685,angry,0,c:\Users\Kacpiro Recenzje\Desktop\Studia\XAI_2026\data\raw\Actor_10\03-01-05-02-01-02-10.wav
-364.30884,66.70795,-16.965687,1.1307337,-9.784456,-2.8414738,-18.157574,-3.9595423,-10.816837,-12.004853,-11.801344,-5.6813216,-7.1496263,-8.92963,-8.277822,-6.568058,-6.420025,1.277321,-3.505817,-1.7916601,4.1796923,1.7533407,-2.6006699,1.400601,-2.1003325,2.2758756,2.4514802,3.608969,-1.1848912,-1.7924606,-3.277857,-2.3273168,-1.7710321,1.2204036,0.7414324,-1.3026476,-1.6203324,0.65182817,0.26946053,4.0047107,angry,0,c:\Users\Kacpiro Recenzje\Desktop\Studia\XAI_2026\data\raw\Actor_10\03-01-05-02-02-01-10.wav
-319.18225,76.20076,-26.468348,1.6836421,-11.213518,-6.574114,-22.0836,-3.28771,-14.860082,-12.665701,-11.729885,-7.8336244,-8.123798,-11.071533,-7.231785,-9.068569,-10.408861,-0.85333544,-10.664793,-6.8309255,0.64105064,1.249653,-1.8611702,4.3100977,-2.1482966,0.16900483,-2.5052373,-2.3958619,-2.138113,6.049565,5.2364087,4.0582347,2.6383026,0.36390024,2.2459064,1.8671447,0.95893025,3.2666593,-2.432014,-1.2314974,angry,0,c:\Users\Kacpiro Recenzje\Desktop\Studia\XAI_2026\data\raw\Actor_10\03-01-05-02-02-02-10.wav
-344.26248,79.92263,-7.863547,6.462591,-0.8328202,12.701842,-11.512676,-3.6791213,-18.466846,-15.768205,-1.8209796,2.090219,-2.609605,-7.8486676,-1.2697877,2.4507082,-4.6612887,3.175085,1.0575869,-4.067831,-7.3113613,-5.8798833,-3.2706573,-5.5981774,-6.233004,-0.5734708,-0.5210569,-2.9625819,1.0523745,3.5892084,4.7802477,7.8596745,5.9396577,3.3562942,5.6303706,3.0163956,0.61858416,1.0276105,-0.20324734,1.2161559,fear,3,c:\Users\Kacpiro Recenzje\Desktop\Studia\XAI_2026\data\raw\Actor_10\03-01-06-01-01-01-10.wav
-363.364,76.23546,2.2685347,14.630224,-2.1567564,11.507899,-6.4554644,4.610721,-13.558142,-6.9534993,2.1369307,1.93548,-1.849984,-4.30214,0.31389612,-0.13525477,-0.2988095,3.4589307,0.40832832,-0.8072583,-4.501126,-4.49657,-2.1924944,-4.770361,-6.6791105,-0.90370375,-3.6263428,-3.0453472,-2.7685058,-1.4256406,0.73485225,-1.0280138,-3.3243566,0.2646426,0.9654987,-0.16026707,3.018595,4.5804796,2.762868,4.8269873,fear,3,c:\Users\Kacpiro Recenzje\Desktop\Studia\XAI_2026\data\raw\Actor_10\03-01-06-01-01-02-10.wav
-342.89438,70.49018,4.74203,13.362084,-4.091279,13.837096,-11.45326,1.414763,-15.69848,-12.506209,-2.2867162,-0.69082665,-2.3799736,-9.166684,-3.8259287,-2.361092,-6.4156775,2.418557,-3.2157536,-4.4349084,-5.315403,-4.112727,-3.4976616,-7.875747,-7.6903276,-0.7782842,-3.3860767,-1.1334555,3.6584516,7.08093,6.5597644,8.5742235,5.9666624,5.737364,6.010913,0.98131025,2.852147,2.8797214,0.6625354,3.9820833,fear,3,c:\Users\Kacpiro Recenzje\Desktop\Studia\XAI_2026\data\raw\Actor_10\03-01-06-01-02-01-10.wav
-351.79117,67.67247,8.761112,14.756375,-0.59789866,13.796854,-9.027547,4.9557915,-13.393886,-7.993319,2.0001068,-0.4590017,-2.8294036,-8.481512,-2.5242877,0.09698757,-4.641621,2.0473762,-2.5697274,-1.6799442,-4.924265,-1.9156715,-1.4884725,-7.1408105,-7.5104055,-0.1234752,-5.2470937,-3.9017248,-4.046341,-3.3646636,-3.9289577,-1.72634,-4.2638254,0.15707679,4.2577667,2.6882234,5.8630443,5.9585834,2.9015925,3.7911727,fear,3,c:\Users\Kacpiro Recenzje\Desktop\Studia\XAI_2026\data\raw\Actor_10\03-01-06-01-02-02-10.wav
-323.54813,68.05406,-20.491173,0.9175642,-4.1962204,3.2637885,-18.963625,-8.366863,-13.588611,-15.816015,-5.96963,-2.6428897,-6.7644234,-12.211592,-4.8611636,0.53287476,-10.496743,-2.3361068,-1.6348202,-6.885893,-5.043457,-1.8281635,0.034188237,-2.099931,1.5356762,6.397727,4.154663,3.7663915,3.645364,3.0446508,0.93668187,2.707417,-0.017433437,-0.25379977,2.1457882,0.40932503,-0.23875828,1.8135121,0.4584529,-0.762068,fear,3,c:\Users\Kacpiro Recenzje\Desktop\Studia\XAI_2026\data\raw\Actor_10\03-01-06-02-01-01-10.wav
-364.3843,74.71201,-24.275814,0.33775902,-4.014884,6.400953,-22.673847,-5.0086393,-15.295085,-17.940928,-6.354797,-1.6928849,-4.709652,-13.35438,-6.8227096,1.2303069,-10.466088,-2.2310605,-1.798289,-6.980867,-5.4717975,-2.5862265,2.8901591,3.2482014,5.6732426,13.173398,7.672222,3.5048828,4.154103,1.7809844,-2.5472252,2.8835237,2.6422172,1.4964122,2.685155,0.68814445,-0.63126606,0.82650214,-0.40501598,-1.1804687,fear,3,c:\Users\Kacpiro Recenzje\Desktop\Studia\XAI_2026\data\raw\Actor_10\03-01-06-02-01-02-10.wav
-341.86716,69.40022,-15.2890625,3.2829611,-4.5876527,4.3568187,-21.944,-4.7179985,-16.192448,-17.751211,-9.414949,-3.8049078,-6.702964,-15.246714,-7.652659,0.92318964,-11.765245,-2.1407475,-3.0174758,-10.020368,-7.034256,0.20045839,2.7222054,2.5217688,5.8669786,10.38816,7.126121,5.936794,2.4449992,2.399995,1.0125473,3.018871,2.09029,2.2018297,2.2521935,-0.53014714,-0.37000757,2.5694435,2.1612537,-0.84441,fear,3,c:\Users\Kacpiro Recenzje\Desktop\Studia\XAI_2026\data\raw\Actor_10\03-01-06-02-02-01-10.wav
-349.78952,84.50418,-10.369841,9.305018,-2.3070426,5.845115,-19.797602,-0.3326483,-15.4564495,-15.954456,-3.833449,-5.522899,-8.4885235,-11.33576,-3.7393916,-1.5787143,-12.070933,1.1885298,-0.3171051,-9.026386,-4.444348,-2.966556,-4.4449615,-5.4830904,-1.9385601,1.829624,4.797597,7.721742,5.4954867,4.6074214,5.346595,1.85667,-0.7788022,2.8593829,2.4892218,2.3999677,2.3768632,3.5481975,4.4494042,1.5890778,fear,3,c:\Users\Kacpiro Recenzje\Desktop\Studia\XAI_2026\data\raw\Actor_10\03-01-06-02-02-02-10.wav
-350.1248,98.48401,1.3787115,9.906865,0.89562774,10.904558,-13.083064,7.2213316,-14.177953,-9.2843895,0.37991405,-2.042234,-3.4228268,-7.268406,1.0602598,-0.43669507,-5.5545764,-0.04803878,-2.000667,-2.1585753,-3.0579822,-4.5907025,-2.1541455,-2.515091,-6.8991103,-1.2893292,-3.790903,-2.4057498,-5.453823,-3.1073437,-4.1465664,-5.31681,-3.8020167,-1.4228966,-1.5932882,-2.467989,-0.18601535,-0.7924017,-0.64051485,-1.0054228,disgust,2,c:\Users\Kacpiro Recenzje\Desktop\Studia\XAI_2026\data\raw\Actor_10\03-01-07-01-01-01-10.wav
-315.67584,119.16808,0.3623415,6.0208106,0.901202,12.835688,-14.523039,2.3219717,-21.828424,-11.118873,3.6735368,-0.6824778,-11.023173,-9.2305975,-0.1578394,-1.2898022,-7.07686,-0.3171109,-6.821045,-5.8672237,-4.499188,-6.8944726,-3.8123536,-5.1477337,-8.667133,-3.3371098,-5.2270346,-2.382871,-4.7408776,-0.18277757,-0.3690825,-5.3155727,-3.893101,-1.525548,-2.2474413,-2.7096484,1.7108289,1.4620773,2.4068196,2.334112,disgust,2,c:\Users\Kacpiro Recenzje\Desktop\Studia\XAI_2026\data\raw\Actor_10\03-01-07-01-01-02-10.wav
-327.6651,93.57238,12.100901,12.760639,-2.030051,12.840497,-12.379316,3.8999474,-13.405862,-8.12056,0.8051106,1.8421988,-4.9211936,-6.0122423,0.062067315,-2.6786768,-5.017245,2.4469445,-0.6997152,-5.704695,-2.578009,-2.4741678,-2.992243,-5.21364,-7.6264787,-0.9734448,-4.371322,-3.64352,-6.7036443,-3.6394758,-2.5855095,-6.612204,-4.431643,-4.561731,-4.896739,-4.041731,-3.8078973,-2.961272,-2.4836767,-2.8240669,disgust,2,c:\Users\Kacpiro Recenzje\Desktop\Studia\XAI_2026\data\raw\Actor_10\03-01-07-01-02-01-10.wav
-295.45627,85.320244,-8.676668,9.247226,-7.6466556,13.136137,-19.7377,5.4916816,-17.77548,-5.7303762,4.9624987,-0.125258,-15.532927,-3.6683164,-2.732851,-5.5268617,-6.3115826,2.453906,-7.8206673,-7.080716,-5.3879232,-7.013324,-3.022225,-6.3907723,-9.42271,-2.0315487,-5.7860065,-5.289243,-6.337499,-1.5570283,-1.5865726,-3.6463819,-1.5209409,4.448712,1.1035137,3.159432,2.0481794,1.3578435,2.2705684,0.91134155,disgust,2,c:\Users\Kacpiro Recenzje\Desktop\Studia\XAI_2026\data\raw\Actor_10\03-01-07-01-02-02-10.wav
-285.89413,101.536385,-18.563425,0.5550364,-4.9273233,7.045426,-27.263557,0.056915283,-23.911585,-10.760834,-4.680292,-5.6183925,-15.255469,-11.833264,-6.5332584,-9.474875,-9.30727,-1.8517451,-12.903416,-9.202409,-2.6823523,-6.1890283,1.2565417,0.8153953,-3.5127904,3.624661,-0.19640186,-2.1487832,-4.7219667,-0.44631687,-5.2303786,-5.780477,-3.1733072,-2.236185,-0.84648806,-3.361612,-0.4632413,2.9234607,2.8148332,4.406953,disgust,2,c:\Users\Kacpiro Recenzje\Desktop\Studia\XAI_2026\data\raw\Actor_10\03-01-07-02-01-01-10.wav
-277.4123,101.38622,-18.570993,-2.1068237,-2.3539782,4.5837917,-27.078289,-2.5976813,-21.810051,-14.02288,-3.8494039,-6.481846,-15.578759,-15.608594,-3.6564655,-6.639261,-16.476824,0.06675745,-9.651687,-11.900603,-9.326837,-9.105219,-7.005101,-5.034337,-4.795901,1.4405738,2.680751,2.0930731,-0.43030205,0.21628019,-2.4618864,-2.0617058,1.3047823,5.0450597,7.791196,3.0562317,3.3927345,5.8119607,-0.5282346,3.5255203,disgust,2,c:\Users\Kacpiro Recenzje\Desktop\Studia\XAI_2026\data\raw\Actor_10\03-01-07-02-01-02-10.wav
-297.95422,92.713234,-12.928743,0.007497801,-5.4714046,8.494633,-26.106455,3.8361287,-27.536581,-13.603968,-1.9822407,-4.7926536,-16.963354,-10.665993,-3.891489,-10.974234,-13.298499,2.871441,-9.892254,-10.748381,-7.297375,-10.418002,-4.347438,-7.0587974,-5.8807435,-0.27108744,2.8776753,3.5752823,-1.743729,3.4667482,5.8887496,3.0054402,7.368107,11.8636265,6.2293797,4.7759657,2.3289547,-0.78354585,0.71113956,0.87306714,disgust,2,c:\Users\Kacpiro Recenzje\Desktop\Studia\XAI_2026\data\raw\Actor_10\03-01-07-02-02-01-10.wav
-242.614,99.107834,-16.950085,-1.5234243,-16.514202,3.5396655,-34.43931,-1.7776532,-22.117468,-18.757366,-11.722493,-2.889591,-14.399954,-17.738285,-8.916733,-8.695264,-16.613121,-2.8405793,-13.032412,-11.19027,-6.4359083,-7.91958,-2.7251306,-3.1619163,-6.324798,2.8393261,0.30986142,1.709384,1.7298858,8.924266,5.6675925,5.937245,4.187884,2.3430212,1.9723078,-0.32582957,0.68311304,5.500157,1.3130306,0.7237871,disgust,2,c:\Users\Kacpiro Recenzje\Desktop\Studia\XAI_2026\data\raw\Actor_10\03-01-07-02-02-02-10.wav
-365.0545,57.57171,1.0060472,9.904235,0.53020805,9.261094,-12.029072,0.8088398,-10.338001,-3.7580535,0.2666322,-1.7262552,-5.504176,-6.2277503,-1.8924015,-3.694638,-4.548913,2.7709754,-1.6473821,-4.0126576,-2.6264176,1.2411262,0.030055324,-0.80415034,-0.19680965,3.6545591,0.9243623,1.8333972,-0.9153903,1.2669721,0.780437,0.08695102,-0.81817025,3.473338,2.649959,2.827616,4.335037,1.1457458,-0.06391761,0.07124269,surprise,7,c:\Users\Kacpiro Recenzje\Desktop\Studia\XAI_2026\data\raw\Actor_10\03-01-08-01-01-01-10.wav
-370.99084,75.58988,6.1887217,12.144055,-0.060777705,9.0330105,-8.814239,0.6421853,-9.753129,-6.421266,-2.6338046,0.5034064,-2.8218102,-6.487726,-2.0338404,0.41774604,-3.6032317,0.8177117,-2.1404724,-4.0591807,-3.9321263,-3.6492348,-2.0277238,-2.9834654,-5.7297816,0.62159157,-2.1635485,-1.1871495,-1.9962513,-1.1154636,-0.9721158,-1.0677216,-1.8527405,1.2719489,3.3650916,0.7436029,2.4776049,2.7027895,1.6678684,2.2681599,surprise,7,c:\Users\Kacpiro Recenzje\Desktop\Studia\XAI_2026\data\raw\Actor_10\03-01-08-01-01-02-10.wav
-348.92044,66.08008,-0.89174247,6.904472,-4.2990055,5.2092075,-12.738792,-0.2155488,-11.679201,-6.1096597,-5.448207,-1.4793279,-7.4918895,-12.038672,-3.1512883,-4.173108,-8.770155,-0.32345936,-4.853118,-7.184972,-5.0697565,-1.0537449,-3.4179587,-3.8713522,-4.241565,1.4478475,-1.571309,0.38506377,1.3710861,3.4191551,1.882048,4.765087,4.2079363,4.4750657,5.462443,1.4187684,1.1621823,3.2701516,0.67995304,2.4384887,surprise,7,c:\Users\Kacpiro Recenzje\Desktop\Studia\XAI_2026\data\raw\Actor_10\03-01-08-01-02-01-10.wav
-369.6055,76.562904,11.639641,12.934985,-1.2145457,11.054227,-14.375772,1.5230316,-11.846622,-2.2419753,-2.3294926,-1.9698149,-5.236458,-9.530157,-0.30159146,-3.1194558,-8.0324745,1.4430667,-3.4266255,-7.315626,-3.9488838,-0.020129697,-4.0888996,-4.697552,-2.9110234,1.0408857,-0.5211579,-0.13886872,-2.7908196,-0.33941254,0.007912561,0.34025884,0.39422706,4.3136344,3.9854047,2.5711613,2.7211204,3.5124936,2.7738204,1.3426859,surprise,7,c:\Users\Kacpiro Recenzje\Desktop\Studia\XAI_2026\data\raw\Actor_10\03-01-08-01-02-02-10.wav
-348.52066,66.372055,-6.630767,2.5052872,-3.5158625,6.00828,-14.243325,-0.7997283,-10.773826,-10.78464,-8.147377,-3.497266,-4.4275837,-9.290381,-5.093838,-0.9342487,-8.347736,-1.0310453,-4.126877,-3.0972726,-4.791033,-3.647783,-3.1465185,-0.9316807,-3.8471558,2.1086807,2.3125317,1.5174847,2.031909,4.5479712,1.8706046,3.256828,2.0483508,1.5896549,2.6684434,1.7953178,2.174379,2.7401962,1.6639473,2.1923084,surprise,7,c:\Users\Kacpiro Recenzje\Desktop\Studia\XAI_2026\data\raw\Actor_10\03-01-08-02-01-01-10.wav
-370.96637,62.36936,-13.08484,1.360942,-2.12286,-0.82515156,-14.496599,-4.5637536,-12.725467,-7.905779,-5.0464783,-5.031629,-6.716643,-11.145082,-3.1984954,-2.7590158,-9.183199,1.0472581,-2.3007522,-5.7929835,-4.103156,-1.7420995,2.5820496,2.7629874,6.2656727,8.747792,3.9411802,3.7743838,-1.0645808,-2.3397355,0.39802617,1.6885939,0.32812336,2.692804,2.3786862,-1.7857016,-1.2626143,2.3398113,0.17615168,0.63912475,surprise,7,c:\Users\Kacpiro Recenzje\Desktop\Studia\XAI_2026\data\raw\Actor_10\03-01-08-02-01-02-10.wav
-332.98904,54.719402,-4.2596064,2.3114352,-11.4609585,6.9335537,-16.509909,-2.9182656,-8.755645,-8.929971,-9.4297285,-2.6517868,-8.737529,-11.742313,-7.9693856,-4.9495687,-9.711606,-2.7935786,-3.8198342,-4.673129,1.5336325,3.6412432,5.281106,5.108616,2.336681,8.303599,0.7223914,-0.48782834,-2.0807507,-0.8645297,-2.7042868,-0.007989869,-1.8883115,-0.23271245,0.86935395,-3.2010353,1.4775062,0.9199881,-1.2948871,0.61634773,surprise,7,c:\Users\Kacpiro Recenzje\Desktop\Studia\XAI_2026\data\raw\Actor_10\03-01-08-02-02-01-10.wav
-329.83517,64.826805,-5.745858,5.008138,-8.625771,5.551283,-14.810131,-2.437707,-11.181054,-10.021198,-7.5700197,-1.3356476,-6.028667,-10.811805,-6.209757,-2.9812405,-9.6028385,-1.7575125,-5.8995194,-7.552402,-5.6830525,-3.9868562,-1.7150817,-3.0064285,-4.445635,7.4696493,5.085958,4.1813617,6.1202903,7.3026757,4.1087885,4.66214,0.97603047,0.7520419,2.8631823,-1.000096,0.30908012,0.27566475,-2.290282,0.6916662,surprise,7,c:\Users\Kacpiro Recenzje\Desktop\Studia\XAI_2026\data\raw\Actor_10\03-01-08-02-02-02-10.wav
-404.45273,74.77041,19.557882,28.162535,8.1854,18.16661,0.8433336,9.524059,2.9188101,2.404534,0.95138747,1.2043996,2.6221325,4.220986,-0.23888683,1.4880154,0.28420177,3.652458,3.272867,-0.012532877,1.7229946,0.8037618,0.044482075,1.8072196,-0.085125,-1.2804309,-0.17381811,0.8513953,-0.5832669,-0.9506334,-1.0571543,0.71429205,-1.5710022,1.0213068,-0.80312,-1.0751005,0.511231,0.55273217,0.169363,0.46672025,neutral,5,c:\Users\Kacpiro Recenzje\Desktop\Studia\XAI_2026\data\raw\Actor_11\03-01-01-01-01-01-11.wav
-385.37936,78.63802,17.976074,27.331543,5.522707,18.452492,0.9564521,10.807382,3.2974043,1.3482237,-0.74624926,0.7911125,2.8747096,3.2050743,-1.4293666,1.0280002,0.115252554,3.2596807,3.2764623,0.7668985,1.8807065,-0.16227613,-0.53393805,0.44538102,-2.5023174,-1.5309038,-0.0015310734,1.0167007,0.07530743,-1.9191265,-0.8999758,0.19690101,-2.572886,0.91174465,-0.6909163,-1.5215921,-0.2131839,-0.56341445,-1.428577,-0.18430682,neutral,5,c:\Users\Kacpiro Recenzje\Desktop\Studia\XAI_2026\data\raw\Actor_11\03-01-01-01-01-02-11.wav
-378.111,74.50625,18.026222,29.977037,9.503343,17.792534,1.2104474,9.035977,1.9668685,1.3727223,-0.9898005,1.9795495,2.5330997,1.7423922,-2.2734976,1.0557543,-1.1000484,1.1847425,3.606519,1.0812496,-0.25377974,-0.861622,-0.5238087,0.87378496,-3.5756195,-0.6628442,-1.431448,1.2783428,-0.6854537,-1.2067218,-0.64178646,0.0822999,-1.3260978,0.6218315,-0.31230783,-0.3222872,0.012482177,0.1764136,-0.22822769,-0.34226155,neutral,5,c:\Users\Kacpiro Recenzje\Desktop\Studia\XAI_2026\data\raw\Actor_11\03-01-01-01-02-01-11.wav
-370.0218,81.87944,20.367971,34.285774,9.971315,21.252989,2.167334,9.502173,2.303665,1.9338855,0.28228304,2.7421536,5.2094526,3.4644365,-2.087529,1.5422559,-1.5824133,2.6109762,2.8405247,2.127234,0.7091165,-0.012540235,-0.6217049,1.9187994,-3.1637669,-0.5347965,-1.1386139,1.4531324,-0.66197,-0.962263,0.006128514,-0.18166812,-1.0826441,1.1230134,-0.8424735,0.33334026,0.26559788,1.1232395,0.009242145,0.47746715,neutral,5,c:\Users\Kacpiro Recenzje\Desktop\Studia\XAI_2026\data\raw\Actor_11\03-01-01-01-02-02-11.wav
-345.56992,77.09937,17.723848,30.676073,9.537601,22.262402,6.0756187,12.104987,5.401161,2.6456978,1.3409703,3.5136967,5.858457,4.273712,-1.5525162,1.1469016,0.0367331,4.817762,2.4368274,1.7770782,1.3892782,-0.8907084,0.446261,2.3910184,-2.6137624,-0.57470924,0.9502955,1.004228,-0.47046185,-1.6582927,-0.46712455,-0.024795072,-1.5193267,0.4183993,-1.4235474,-0.3209459,0.07127659,0.6635901,-0.6399732,-0.5402882,calm,1,c:\Users\Kacpiro Recenzje\Desktop\Studia\XAI_2026\data\raw\Actor_11\03-01-02-01-01-01-11.wav
-338.82672,94.19091,20.34021,32.817417,12.353391,24.472967,6.3110013,10.447881,3.009939,0.8823028,0.304819,1.3648113,4.5302057,2.7260926,-2.195621,0.73401535,-0.61061376,4.941176,3.4692936,1.3725709,1.6580969,-0.3556764,-0.26001638,1.5042964,-2.7273123,0.07386098,0.84823185,0.102372,-1.6948912,-1.238098,0.09433579,-0.7140787,-1.6807137,1.1216478,-0.9621151,-0.6776914,-1.5309771,0.66320175,0.08686147,-0.3828488,calm,1,c:\Users\Kacpiro Recenzje\Desktop\Studia\XAI_2026\data\raw\Actor_11\03-01-02-01-01-02-11.wav
-387.57477,83.77165,16.164673,33.30827,7.111012,18.81307,3.4779682,9.80178,-1.0562291,-0.63742983,0.5852092,1.3354278,4.8264904,3.2257993,-1.8205436,1.2316757,-1.311921,2.4150074,1.9645033,0.7444081,-0.45915222,-0.83325696,0.28754717,1.5388281,-2.2963076,-0.26752073,-1.054912,0.95703614,-1.2758209,-1.1803069,-0.2889194,-0.297993,-2.6823547,1.0637945,-1.8537489,-0.3518063,0.120748535,0.82315874,0.09578937,-0.79128164,calm,1,c:\Users\Kacpiro Recenzje\Desktop\Studia\XAI_2026\data\raw\Actor_11\03-01-02-01-02-01-11.wav
-331.86102,91.687485,14.550861,38.190525,6.7178698,23.431942,7.1577077,8.208444,2.6858695,1.894588,-2.031197,1.1415433,7.4153776,5.0847588,-2.056745,-1.2559973,-3.5670323,1.3493531,1.8927158,-0.8198248,1.0070817,-4.08567,-1.9400364,2.357517,-3.8409631,-2.1834254,-0.075615875,0.64198565,-1.790274,-2.5167487,-0.39534953,0.40960878,-2.1894515,0.9416002,-0.8514686,-0.86457187,-0.31539798,0.21749115,-0.9077008,-0.35382882,calm,1,c:\Users\Kacpiro Recenzje\Desktop\Studia\XAI_2026\data\raw\Actor_11\03-01-02-01-02-02-11.wav
-317.95816,97.776405,15.144941,31.404245,6.3825283,26.308273,2.7885032,7.7903013,3.3371572,0.43026832,0.2909591,0.9711941,7.94467,5.594732,-2.1157954,-0.767146,-0.37867105,2.9269304,1.13253,1.1613712,1.1907411,-1.6635684,-0.41250405,1.8709922,-2.39589,-0.015546975,-0.48714235,-0.06893193,-0.51695144,-1.3774703,-1.2317878,-0.8763167,-0.7875072,1.5013416,-0.43503615,-0.23201562,0.72180736,0.17022088,0.5189153,-0.005461659,calm,1,c:\Users\Kacpiro Recenzje\Desktop\Studia\XAI_2026\data\raw\Actor_11\03-01-02-02-01-01-11.wav
-324.40622,83.82765,5.962863,35.00895,8.744049,22.855648,5.0509596,8.097565,4.342328,2.695509,1.1092101,-1.9984975,6.141685,2.6013448,-4.310513,-0.53092456,-1.5473198,2.1689198,2.1458013,-1.4661193,1.0230849,-1.5542718,-1.7497702,0.241067,-4.2124786,-1.672652,0.38476127,1.3450562,-1.5599762,-1.6336159,0.7288974,-0.5097961,-2.8143265,-0.078715794,-0.7924367,-0.5567432,-0.6304572,0.06170511,-0.021902043,0.6963405,calm,1,c:\Users\Kacpiro Recenzje\Desktop\Studia\XAI_2026\data\raw\Actor_11\03-01-02-02-01-02-11.wav
-309.1641,88.0333,16.526579,36.484,7.0213127,26.292952,1.4937168,9.95474,2.3474488,2.2598703,-0.9157516,2.1545568,6.8271036,5.229657,-1.9441541,0.32738274,-2.0622814,3.8835566,2.419541,-3.1570961,1.9571743,-3.4439836,-2.124873,1.4171171,-3.9442134,-1.1065723,0.4814964,0.0008236499,-3.4559102,-3.1853173,-0.8301451,0.13053904,-2.8308556,0.018990375,-1.538388,-1.0055207,-0.83934903,-0.0032457933,0.43028107,-0.17296036,calm,1,c:\Users\Kacpiro Recenzje\Desktop\Studia\XAI_2026\data\raw\Actor_11\03-01-02-02-02-01-11.wav
-322.9696,97.15918,16.043415,36.05937,8.468778,23.164822,2.7772572,8.888582,1.761785,1.0205874,-0.9698887,0.74977964,7.3098836,6.72213,-3.1828687,1.1082358,-3.478728,1.0976146,2.1436121,-1.7498128,-0.14809617,-1.6469319,-0.34124085,-0.017239347,-4.506924,-1.1602426,-1.0807065,0.5885558,-4.218126,-4.5773168,0.12795344,0.21630189,-1.8373208,1.1856062,-1.6218,-0.73520947,0.37965187,0.23908193,0.63520974,-0.57471025,calm,1,c:\Users\Kacpiro Recenzje\Desktop\Studia\XAI_2026\data\raw\Actor_11\03-01-02-02-02-02-11.wav
-379.08994,69.510254,12.013024,16.67271,4.56868,14.074231,0.80946964,5.14089,-2.3509753,-0.84819174,-1.4504876,-2.0954385,1.4288871,4.0327096,-2.093682,0.732707,0.7088497,1.8758471,2.1747391,1.4617506,1.7408284,-1.5276061,0.10197178,1.1424197,-2.1828916,-0.26326248,0.49298978,0.06623302,-0.3567725,-0.29973856,0.44313118,0.2507896,-1.0903437,1.6996601,-1.0638337,-0.81180245,0.49079233,-0.76139414,-0.58489364,-0.1931942,happy,4,c:\Users\Kacpiro Recenzje\Desktop\Studia\XAI_2026\data\raw\Actor_11\03-01-03-01-01-01-11.wav
-372.71237,76.22127,14.619359,20.582523,3.5019636,16.889719,2.168967,5.497514,-0.5648639,1.7865251,-2.517028,0.8748352,3.080149,2.6785405,-1.8140267,0.9737891,-1.3101636,2.2492797,2.3608766,-0.7724819,1.2638245,-0.6184301,0.18888569,0.21569459,-3.7691963,-0.18923485,-0.5182746,-0.29166925,-0.67249036,-1.127452,-0.8377452,0.26103273,-2.5165596,0.24455272,-1.4241279,-0.9158059,-0.74490225,-0.2497518,-1.7017857,0.11494998,happy,4,c:\Users\Kacpiro Recenzje\Desktop\Studia\XAI_2026\data\raw\Actor_11\03-01-03-01-01-02-11.wav
-376.1377,70.49278,11.874636,23.523294,2.9566667,16.476784,3.1341987,3.803307,-0.850054,0.5842006,-2.8505285,0.28137943,2.3894122,2.5423412,-0.86179876,3.0865424,-1.3420287,2.8204362,3.750097,-1.0445005,0.8950061,-0.27759206,0.3759903,1.0233619,-3.4325354,-1.2572218,-0.56099683,-0.6292164,-2.1841226,-1.1536255,1.1879187,0.36483374,-1.419518,0.77169496,-0.6991606,-0.36504045,-0.22948667,-0.5869544,-0.94289947,-0.17635383,happy,4,c:\Users\Kacpiro Recenzje\Desktop\Studia\XAI_2026\data\raw\Actor_11\03-01-03-01-02-01-11.wav
-400.33905,68.1839,13.954115,23.454414,3.4255729,16.156279,-1.9713567,7.014782,-1.2347188,1.7620767,-2.5223813,-1.6813463,0.44838887,2.962315,-3.8391829,0.24067001,-2.7522712,2.1230292,2.8777492,-2.251335,0.84541786,-1.2678939,-0.1780257,-0.48489082,-4.037893,-1.627192,-1.1380428,-1.1764457,-2.4013546,-0.7739313,-0.9239247,0.7584446,-2.1814635,0.47687134,-2.21976,-0.4133036,-0.30971727,-0.18089116,-1.3992646,-0.68670887,happy,4,c:\Users\Kacpiro Recenzje\Desktop\Studia\XAI_2026\data\raw\Actor_11\03-01-03-01-02-02-11.wav
-343.91907,86.97126,4.364955,20.007225,-2.1801732,10.681265,-4.443239,3.76091,-2.0285935,-0.19031239,-7.8584003,-4.672283,0.9474498,0.10961232,-5.128783,0.7190057,-4.5322714,-1.2026962,0.41592792,-4.075203,-2.3320863,-1.8498111,-3.0032554,-1.6740711,-6.106977,-1.299077,-1.2604369,-2.2127612,-1.9236835,-1.2680571,-0.8494689,1.2106214,-0.62086356,3.3633478,2.4166715,1.8898729,2.5479958,2.252609,1.6931915,1.7303329,happy,4,c:\Users\Kacpiro Recenzje\Desktop\Studia\XAI_2026\data\raw\Actor_11\03-01-03-02-01-01-11.wav
-376.88315,74.51371,-1.0575761,16.811281,0.51967764,10.902411,-4.6439805,2.3471313,0.47862357,-0.5698699,-4.142715,-1.4413909,0.77076495,2.3004453,-3.261819,1.6895834,-2.1723735,0.6637557,2.369113,-2.0350242,-0.49598628,-0.62221235,-0.8612391,0.27012533,-3.0693324,0.43155578,0.42194492,-2.3963,-1.5598843,-1.2890315,-1.5176082,0.723156,-1.3642378,2.198904,3.3452346,2.9944472,3.144779,4.422793,5.7172084,4.8567996,happy,4,c:\Users\Kacpiro Recenzje\Desktop\Studia\XAI_2026\data\raw\Actor_11\03-01-03-02-01-02-11.wav
-331.9967,87.59876,-5.200816,16.260723,-6.9833837,7.509009,-9.422218,1.5107169,-4.567252,-5.534337,-10.598299,-7.865094,-2.897893,-2.6518948,-6.1977124,-0.6120761,-8.616223,-2.0564497,-0.8393894,-7.6652575,-4.8023257,-1.9913421,-5.0798893,-1.531547,-4.6805444,-2.3623059,-4.020624,-4.623303,-5.4815183,-2.3465497,-4.0610957,-2.7865257,-5.781548,-1.0271306,-2.6269202,-0.9900963,0.96257865,2.041178,3.7438948,4.4997025,happy,4,c:\Users\Kacpiro Recenzje\Desktop\Studia\XAI_2026\data\raw\Actor_11\03-01-03-02-02-01-11.wav
-375.7705,66.18025,4.234308,15.583713,-3.1770408,5.775957,-3.9191864,-0.56488323,-4.0414205,-2.6551914,-5.5105143,-6.740625,-2.4710064,0.75568664,-4.914647,-1.2612077,-5.1594067,-2.6639097,0.91430676,-5.621828,-3.8096044,-1.0217988,-1.0030575,-2.5255923,-5.139352,-2.9489324,-2.1665761,-2.9899585,-3.127749,-2.855017,-3.2508543,-1.2373651,-4.0276995,-3.1489503,-2.8324323,-2.302088,-2.4643562,-1.6167965,0.5564026,0.8320963,happy,4,c:\Users\Kacpiro Recenzje\Desktop\Studia\XAI_2026\data\raw\Actor_11\03-01-03-02-02-02-11.wav
-357.12262,76.0186,12.00286,28.438015,8.585818,21.209406,1.8758926,8.229487,2.3715658,3.5791726,-2.969,1.9883518,4.6304517,2.3347156,-2.2054932,0.921096,-2.9003077,1.8078958,3.7253194,-1.1855396,-0.4241635,-1.2878206,-0.6406685,1.1126776,-3.2506874,-1.9932986,0.4805788,0.23346017,-1.6609153,-1.1982121,-0.87847716,0.5319698,-2.526645,0.893874,0.69023764,-0.43028358,1.2637168,0.20885593,0.20448309,1.3011684,sad,6,c:\Users\Kacpiro Recenzje\Desktop\Studia\XAI_2026\data\raw\Actor_11\03-01-04-01-01-01-11.wav
-352.1961,88.62951,18.192148,35.916485,10.084583,22.980894,0.48155093,11.180012,1.8636544,2.9849772,-2.8316963,-1.9951929,4.7504077,3.1893744,-0.54136205,0.7120595,-2.0925562,2.7831876,2.4574459,0.6222094,0.6099823,-1.0420676,-0.89603245,2.1976414,-3.485539,0.67415226,-0.44686133,0.28728187,-2.0021749,-2.1484528,0.48569468,-0.1328934,-2.4586143,0.19913813,-0.9859985,-0.7932378,-0.6249646,0.12671486,-0.09419778,0.6326637,sad,6,c:\Users\Kacpiro Recenzje\Desktop\Studia\XAI_2026\data\raw\Actor_11\03-01-04-01-01-02-11.wav
-361.28058,80.859406,17.66009,33.943295,7.3238163,15.287386,1.7396736,8.791031,1.0179695,2.566952,-2.2039633,-2.6637163,2.5792325,1.7079686,-4.642468,-0.6945796,-4.7745166,1.1617172,3.3838456,-2.219265,-1.3558702,-1.0136642,-2.371421,1.0131786,-3.2166846,-1.6997752,-1.4562337,1.5559282,-2.5167494,-2.272636,-0.7464562,0.43555674,-2.582578,1.0845239,0.05857941,-0.8267326,1.2917404,0.9108794,0.630055,1.2808063,sad,6,c:\Users\Kacpiro Recenzje\Desktop\Studia\XAI_2026\data\raw\Actor_11\03-01-04-01-02-01-11.wav
-372.52148,76.55872,18.68465,31.257767,6.1436906,17.238966,1.3285035,10.411424,1.6105273,2.742843,-2.9839635,0.038055636,3.2390037,0.7403192,-2.8400679,-0.09205757,-4.1761794,3.450655,2.5068183,-1.4907635,-0.2813988,-1.7023512,-0.7810196,1.9898499,-3.7524102,-1.8981249,-0.75122076,-0.46106356,-2.3862236,-1.6859978,-2.3839715,0.98491466,-1.8192927,0.383922,-0.17722031,0.16527611,0.19583455,1.2216065,0.0015984934,-0.09723698,sad,6,c:\Users\Kacpiro Recenzje\Desktop\Studia\XAI_2026\data\raw\Actor_11\03-01-04-01-02-02-11.wav
-403.58932,70.473915,7.199617,18.22108,-0.23122104,10.391735,-0.5817646,3.481808,-2.6680095,-0.5902725,-3.7053573,-4.504183,-0.80566907,0.8980347,-3.1804976,0.7573821,-2.4480815,1.076265,1.4022295,-0.65983725,-0.918949,-0.3688058,-1.056173,-0.24824351,-1.7098644,-2.6792514,-1.547674,0.03754658,-1.2674024,-1.000729,-3.143192,1.3685333,-1.5365989,-0.57453334,0.116207905,-1.9715868,-1.7021435,0.3626555,-0.72753865,-0.01095159,sad,6,c:\Users\Kacpiro Recenzje\Desktop\Studia\XAI_2026\data\raw\Actor_11\03-01-04-02-01-01-11.wav
-361.4954,96.18065,3.9946752,23.127663,2.5092099,15.458974,-2.0864198,0.4506388,-3.5042362,-3.741376,-5.463129,-5.926493,-1.015439,-0.9558521,-4.1081376,-0.28016192,-4.084878,-2.6252637,1.1556861,-4.0700474,-2.8046253,-3.8356059,-4.751929,-3.5321045,-5.2314415,-4.4450703,-4.7859364,-2.0254009,-3.0209982,-4.0340075,-4.130024,-0.13206774,-3.2040436,-2.0310678,0.5294505,-0.97868943,1.0681018,1.3392808,2.0880764,3.517602,sad,6,c:\Users\Kacpiro Recenzje\Desktop\Studia\XAI_2026\data\raw\Actor_11\03-01-04-02-01-02-11.wav
-380.8654,67.62515,3.821044,20.56446,-1.2581238,9.377416,-6.6181855,4.2480693,-3.939522,-5.7904553,-6.9370975,-6.045065,-4.7558064,0.9189358,-4.3408685,-2.1596117,-3.5693705,0.09730301,1.2667964,-5.040306,-2.5574627,-2.9022214,-3.8411663,-0.40823883,-3.3898013,-5.749911,-2.939146,-2.348524,-4.3443265,-3.1082933,-4.869924,-0.77584684,-4.765781,-2.8090873,-1.605859,-3.0038197,-0.9078686,0.03950901,-1.800607,1.5596656,sad,6,c:\Users\Kacpiro Recenzje\Desktop\Studia\XAI_2026\data\raw\Actor_11\03-01-04-02-02-01-11.wav
-366.89938,60.71627,4.2656007,21.63711,-0.12033817,8.874609,-4.5047936,5.3956933,-6.5395765,-3.8428802,-7.5057054,-6.6255,-3.4623566,1.1676896,-6.2761736,-1.8977245,-4.499775,0.10283688,1.0830595,-3.7596834,-2.7135093,-1.2917664,-2.0841627,0.3389403,-2.4513915,-3.2129724,-1.8694521,0.25413468,-2.7288043,-2.650312,-4.087862,0.4314217,-3.326161,-0.8708293,0.8800737,0.10081801,1.550932,2.8572352,1.1741765,2.1227033,sad,6,c:\Users\Kacpiro Recenzje\Desktop\Studia\XAI_2026\data\raw\Actor_11\03-01-04-02-02-02-11.wav
-341.56766,76.84523,2.4029546,20.15457,-1.6381526,10.969015,-5.75033,5.65329,-0.7315927,-0.6307871,-4.3115373,-2.3542042,1.5677161,0.17205583,-4.0208783,-0.04227626,-1.8862019,0.2609853,0.4642645,-2.5270452,-0.8574904,-1.6787868,-2.859585,-1.2594154,-4.603468,-2.0229642,-2.0992618,-1.8769536,-2.3623035,-2.725987,-1.5033019,-0.79236376,-2.405121,0.2467804,-0.814085,-1.373187,-1.0526493,-0.56567013,-0.5103651,0.33341604,angry,0,c:\Users\Kacpiro Recenzje\Desktop\Studia\XAI_2026\data\raw\Actor_11\03-01-05-01-01-01-11.wav
-362.8391,75.397255,7.656238,24.27011,0.48866934,11.153522,-1.5504634,5.4287024,-0.4526706,0.5807405,-4.8384404,-2.5733929,3.550292,-1.4307892,-2.3414228,1.3417507,-2.5988255,0.72874767,1.5286764,-1.9149624,-1.3694907,-1.4780521,-1.4450963,0.011812467,-4.3166013,-0.14028087,-0.79971516,-1.1657144,-1.5010865,-2.706195,-0.4356349,-1.2662431,-3.3185995,-0.10104249,-0.43358007,-1.5663067,-0.9749505,0.2557237,0.28107178,0.5424539,angry,0,c:\Users\Kacpiro Recenzje\Desktop\Studia\XAI_2026\data\raw\Actor_11\03-01-05-01-01-02-11.wav
-375.6714,74.07573,-0.97185844,19.12596,-4.7767115,6.6672482,-4.71873,4.6824503,-3.2924263,-2.0558872,-5.872442,-6.2221465,1.2686759,-1.0590724,-4.844405,0.34755516,-2.9952378,-1.179114,-0.9345769,-5.2704515,-2.364102,-2.6570284,-2.0396953,-1.770168,-6.966808,-0.83175945,-3.0265048,-2.0459242,-3.090114,-4.233751,-0.9304183,-2.0914404,-5.101141,-1.5116688,-2.9765604,-3.3148346,-1.0584804,0.72235215,1.5529884,2.9003248,angry,0,c:\Users\Kacpiro Recenzje\Desktop\Studia\XAI_2026\data\raw\Actor_11\03-01-05-01-02-01-11.wav
-362.01007,84.70563,1.7435602,25.17249,-5.179692,9.302115,-4.8043876,4.738672,-5.4046183,-2.8096855,-5.6592607,-8.9872875,2.4880593,-2.3102598,-6.6465383,1.0156889,-5.2042646,-0.8534348,-1.5771681,-4.8532543,-4.2629967,-2.859279,-1.768897,-2.4455273,-6.850425,-2.346667,-3.2523031,-3.309878,-3.637948,-4.7653217,-1.4646206,-2.920691,-4.692174,-1.9307798,-3.6362453,-3.5666866,-2.4273322,-1.5036141,-1.2238159,-0.544028,angry,0,c:\Users\Kacpiro Recenzje\Desktop\Studia\XAI_2026\data\raw\Actor_11\03-01-05-01-02-02-11.wav
-376.86563,64.50699,-6.5735264,17.982956,-3.4634452,5.257545,-8.20443,1.1705588,-0.66287935,-0.15287797,-4.813109,-5.7771974,-0.7411924,1.5404488,-4.980915,0.46323448,-3.8937244,-0.57647306,-1.0598674,-3.2913783,-3.2551687,-1.2797961,-3.0300102,-1.63003,-3.5965168,-1.8284355,-1.5303189,0.3661984,0.025800016,-0.046467017,0.06836609,0.61987627,-2.495252,-0.106367506,0.33554235,0.76773447,0.27025837,2.0621023,2.2772253,2.2343712,angry,0,c:\Users\Kacpiro Recenzje\Desktop\Studia\XAI_2026\data\raw\Actor_11\03-01-05-02-01-01-11.wav
-313.45905,71.60231,-18.574078,17.66037,-9.527764,-0.9910613,-11.375183,0.09134971,-5.096406,-0.38266328,-9.77023,-7.704368,-2.0216072,-0.097043626,-6.539469,-0.39961752,-3.6862369,-0.40885434,-2.944461,-4.1249466,-1.4908073,-1.2314211,-3.648196,0.9150124,-3.2880523,0.96915627,0.8231474,5.588893,5.820653,7.348019,8.855209,7.6031704,4.261638,6.494183,4.009292,2.8887389,0.48606586,2.1820414,1.6885281,4.6226006,angry,0,c:\Users\Kacpiro Recenzje\Desktop\Studia\XAI_2026\data\raw\Actor_11\03-01-05-02-01-02-11.wav
-308.94348,73.84617,-7.9976063,19.343323,-3.1438437,2.120939,-15.238249,4.121228,-0.40533534,0.77479696,-7.7494297,-6.2025766,-1.3597908,1.4489169,-6.9713345,0.99197704,-2.5404472,-3.336943,-3.1065884,-6.6571364,-3.8984418,-2.246366,-6.0302153,-0.6991299,-3.9085417,1.1981041,0.098717764,1.2515681,1.8560839,3.5963054,1.9281152,2.9894233,0.9334031,4.570393,3.758701,6.6762886,3.8785098,5.0365868,4.893782,4.575665,angry,0,c:\Users\Kacpiro Recenzje\Desktop\Studia\XAI_2026\data\raw\Actor_11\03-01-05-02-02-01-11.wav
-323.20966,56.016464,-20.484459,15.258382,-12.746621,-2.7624655,-13.626276,3.2629628,-4.7712684,-0.94322866,-8.8451,-8.619939,-2.7688243,1.064916,-9.037339,-1.1500533,-4.2501855,-2.9203146,-4.110463,-8.279561,-5.6959324,-1.2502459,0.45730492,6.292247,3.2828333,6.5822315,4.835406,2.6869898,3.2556317,6.6791816,6.28083,9.74893,6.531462,6.049086,1.1251141,0.79406637,0.124698825,2.7786367,2.0058217,1.4784731,angry,0,c:\Users\Kacpiro Recenzje\Desktop\Studia\XAI_2026\data\raw\Actor_11\03-01-05-02-02-02-11.wav
-348.23663,81.88689,10.271934,27.024315,1.4293063,15.655002,-0.5904435,9.256442,-0.07672152,2.222089,-4.3120723,0.3192915,3.5269582,3.6718218,-3.213941,2.9122539,-3.5702593,1.4714333,2.5902157,-0.39105213,-1.5019742,-0.05180413,-0.9519952,1.3743039,-3.7941275,-2.1776636,-2.3859496,1.3388922,-2.0281029,-0.97777814,-1.8424343,-0.9717048,-3.5759928,-0.038552087,-0.5831718,-3.0541413,-1.4820632,-0.11584362,-1.2617494,0.6105198,fear,3,c:\Users\Kacpiro Recenzje\Desktop\Studia\XAI_2026\data\raw\Actor_11\03-01-06-01-01-01-11.wav
-365.9089,81.4247,11.745304,26.840794,-1.1163939,14.374208,-2.261043,9.218658,1.2568382,2.021273,-4.729017,-1.9539615,0.52543086,3.3689961,-3.142711,1.8583735,-3.6833081,0.5313113,1.5339139,-0.81244785,-1.4162222,-0.38866365,-0.7222068,0.49856427,-4.5638313,-0.9375552,-1.4159328,0.0766778,-2.6357586,-1.0940772,-2.7785435,-0.70743513,-4.42415,0.1467586,0.20553258,-2.421094,-1.5504447,-1.0182385,-1.7436717,-1.2312839,fear,3,c:\Users\Kacpiro Recenzje\Desktop\Studia\XAI_2026\data\raw\Actor_11\03-01-06-01-01-02-11.wav
-389.3205,73.58174,6.647121,21.026972,1.1549112,13.370019,-0.2694202,6.8170996,-4.428451,-5.620449,-4.632711,-1.7953823,-0.34736708,1.1078817,-3.5862808,0.8953326,-2.6657202,0.49201673,3.4327445,-1.1106942,-2.4572413,-1.2244807,-0.9023287,-0.7293726,-3.782431,-2.077126,-0.9537441,0.6417198,-1.8647617,-1.77845,-1.4987271,0.75259227,-2.8688617,-0.058103953,-0.43260485,-2.3650002,-1.2232707,-1.0564694,-1.6469127,-1.4198762,fear,3,c:\Users\Kacpiro Recenzje\Desktop\Studia\XAI_2026\data\raw\Actor_11\03-01-06-01-02-01-11.wav
-386.07034,70.15518,8.787605,19.523659,0.31234634,13.279252,-1.3099642,6.653076,-3.0299013,-3.1799188,-2.5554342,-2.2873363,0.26474887,0.99845445,-4.000135,0.054449365,-2.0507383,1.3686372,2.4797788,-0.3961279,-2.193431,-1.659653,-0.63944143,-0.49028707,-2.4541152,-2.4634335,-0.4554332,0.3091337,-2.705905,-1.5302764,-1.6277058,-0.2620003,-2.677409,-1.2360567,-1.2153789,-2.1632762,-0.3927622,-0.55986094,-1.2879555,-0.3133821,fear,3,c:\Users\Kacpiro Recenzje\Desktop\Studia\XAI_2026\data\raw\Actor_11\03-01-06-01-02-02-11.wav
-384.29297,68.21253,-10.513109,13.0545,-3.3386712,8.328278,-7.1390944,1.466878,-2.0072691,-4.4783225,-8.292214,-3.5022411,-0.9389959,1.7042884,-3.6458964,-0.98494434,-4.0414076,-2.8268461,-0.08455485,-2.9330137,-3.4755924,-2.686658,-2.537063,-0.40085363,-3.894455,-2.7327516,-2.868577,0.51560086,-1.8907943,-2.0402665,-0.7647216,-1.3020636,-2.9969797,-0.35909623,0.64429164,1.0932505,4.4058094,8.084913,6.837485,7.712825,fear,3,c:\Users\Kacpiro Recenzje\Desktop\Studia\XAI_2026\data\raw\Actor_11\03-01-06-02-01-01-11.wav
-361.85098,56.395847,-8.233713,11.666623,-2.129686,7.8582826,-5.490792,1.4953774,-0.99465185,-2.049068,-5.739415,-0.95941466,-1.0195348,0.48198035,-6.04183,-2.397416,-2.4227936,-2.2727942,0.35851076,-1.356024,-3.5726988,-3.065729,-1.3803502,-1.7343806,-3.3957858,-1.8250862,-3.1168342,-0.2987107,1.0165092,1.863315,3.5777762,6.7602625,4.5818253,5.35924,6.4746027,5.162705,4.445889,5.1360555,3.4650023,4.11965,fear,3,c:\Users\Kacpiro Recenzje\Desktop\Studia\XAI_2026\data\raw\Actor_11\03-01-06-02-01-02-11.wav
-398.4085,51.96956,-12.850361,9.857815,-5.197913,5.966959,-8.304624,1.1764239,-3.6328888,-6.5874524,-7.7213964,-3.5901136,-1.9396683,0.82403076,-5.2511525,-2.5007164,-4.4144745,-2.1106672,1.1775049,-2.5319002,-4.8878684,-2.6602094,-3.2637627,-2.2178698,-3.697866,-1.7987272,-2.819958,3.2591941,3.5503583,2.5579047,4.28158,4.7619023,2.0774887,4.6061816,5.930427,3.9352543,3.279599,2.3175545,-0.2557744,2.6976268,fear,3,c:\Users\Kacpiro Recenzje\Desktop\Studia\XAI_2026\data\raw\Actor_11\03-01-06-02-02-01-11.wav
-371.09122,52.057823,-11.110097,11.821834,-9.469574,5.8124714,-5.9945865,2.9456573,-4.893822,-4.2219367,-7.5983505,-3.5718145,-1.6336691,1.8107337,-5.5474005,-0.68172127,-4.036263,-1.5991389,1.3459505,-2.3256187,-4.2089353,-2.8325057,-2.9953954,-1.8073047,-3.4426227,-0.43632853,-0.8807012,2.5706017,4.0302615,6.161825,6.007234,8.735508,6.672554,6.425583,5.409211,2.5547326,1.3234189,2.4745317,3.1078136,4.8198733,fear,3,c:\Users\Kacpiro Recenzje\Desktop\Studia\XAI_2026\data\raw\Actor_11\03-01-06-02-02-02-11.wav
-348.63983,78.53527,10.365798,26.859083,4.6488748,11.950462,-3.1474514,8.265998,-1.7723194,-1.079117,-6.053644,-3.704343,3.2397802,2.0090442,-5.522054,-0.27420348,-2.4209363,0.653898,0.53550327,-2.784787,-1.5697621,-1.4267472,-0.5047008,-0.26889908,-3.5996108,-1.7043356,-1.9952722,-0.5998584,-3.13445,-0.36481476,-1.3749281,-1.8803501,-2.9643753,-0.094648376,-1.4509243,-1.0644656,-1.2600065,0.43130612,-0.116719455,0.28706667,disgust,2,c:\Users\Kacpiro Recenzje\Desktop\Studia\XAI_2026\data\raw\Actor_11\03-01-07-01-01-01-11.wav
-358.24866,75.87486,9.645338,23.854752,6.2213197,13.443989,-5.4016366,9.608465,-1.4338615,-1.5402161,-4.415495,-2.904817,2.4780703,0.46301368,-3.988973,0.592772,-2.260302,-0.10563129,1.5445784,-2.2076957,-0.8119894,-1.3695178,0.33893028,2.0232933,-2.909558,-2.1493144,-2.4400544,0.7136727,-3.0874152,-1.0661777,-0.04523609,-1.5799774,-2.0914507,0.29235417,-1.0541934,-0.83838624,-0.044688664,0.73493135,0.047754057,1.3683631,disgust,2,c:\Users\Kacpiro Recenzje\Desktop\Studia\XAI_2026\data\raw\Actor_11\03-01-07-01-01-02-11.wav
-385.53613,75.04362,16.769167,22.521973,-0.01814216,10.532909,-2.2192295,8.66923,-4.351509,2.313808,-3.0577629,-3.3853269,4.0048647,0.03568728,-4.743737,0.013176451,-2.7494495,2.069337,0.20695533,-2.1388953,-1.6042831,-2.8921566,-1.1241293,1.4996037,-5.0207405,-1.7637426,-0.83014536,-0.64481384,-3.2381604,-2.529828,-1.6991932,-0.9928749,-2.181458,-0.7630625,-1.6682377,-1.1167324,-1.3024186,0.23375991,-0.8904551,-0.9248627,disgust,2,c:\Users\Kacpiro Recenzje\Desktop\Studia\XAI_2026\data\raw\Actor_11\03-01-07-01-02-01-11.wav
-369.64835,86.47128,21.133272,26.647667,-0.18117486,8.403744,-6.5004325,9.231303,-4.0525427,1.5776134,-7.014766,-4.732427,2.3304396,-1.390331,-6.1073318,-1.4064856,-3.6817122,-0.95662564,-1.7283225,-5.3648233,-3.687503,-5.6341243,-3.5639927,-1.3039602,-5.2850714,-2.181015,-2.4486854,-2.7577963,-4.525253,-3.4260383,-2.3721888,-0.72987205,-4.2171807,-1.6880924,-2.1047595,-2.255074,-1.6932857,-1.0655597,-1.4972986,-1.1323891,disgust,2,c:\Users\Kacpiro Recenzje\Desktop\Studia\XAI_2026\data\raw\Actor_11\03-01-07-01-02-02-11.wav
-320.4608,78.67347,4.689566,25.99173,3.0669699,12.50157,-5.2156887,8.741713,-2.6615472,-1.1678091,-7.4875937,-2.4318786,5.0536995,1.6972064,-4.9307046,1.4989408,-2.0122712,1.2735178,-1.9552381,-3.0272892,-0.088777855,-0.80999863,-0.23269236,0.9608186,-4.382118,-0.96045786,-2.6785975,-0.21770012,-1.1981453,0.67853874,-2.1704323,-1.3954906,-0.5066026,0.4111116,-0.31441578,0.26158392,1.0707308,1.983806,-0.5972924,0.56246114,disgust,2,c:\Users\Kacpiro Recenzje\Desktop\Studia\XAI_2026\data\raw\Actor_11\03-01-07-02-01-01-11.wav
-272.96915,87.39039,2.5997145,29.021832,-0.13627343,16.447865,-9.793997,9.23197,-4.4344134,-1.952861,-8.064009,-1.6612628,3.8945694,-1.9302227,-7.273653,-0.5564417,-4.3950825,1.2655525,-0.36817613,-3.773343,-0.76970094,1.1958107,-1.012096,-0.52685165,-2.9110415,0.47969857,-2.4874043,-1.4053042,-2.0874786,-0.1009384,-1.63485,-2.0982978,-4.173467,0.7560523,-2.315619,-1.2395601,0.41568875,-0.36194205,-1.4837277,1.2997081,disgust,2,c:\Users\Kacpiro Recenzje\Desktop\Studia\XAI_2026\data\raw\Actor_11\03-01-07-02-01-02-11.wav
-327.4049,96.115585,13.859119,29.417706,-6.369521,11.343141,-7.794771,10.874313,-4.80331,-2.752868,-8.863789,-6.7968535,2.4317224,0.1045964,-6.160727,-0.9093048,-3.7474413,0.17987126,-3.6774287,-5.4998755,-5.161149,-5.61841,-1.749463,-0.15759061,-7.4441175,-2.094096,-3.676131,-2.2583525,-4.8775954,-1.7168577,-2.170005,-2.6030118,-5.042378,-0.55088603,-2.767447,-3.31952,-2.179159,-2.6347625,-2.7685108,-1.6444464,disgust,2,c:\Users\Kacpiro Recenzje\Desktop\Studia\XAI_2026\data\raw\Actor_11\03-01-07-02-02-01-11.wav
-317.9509,82.82988,9.911012,24.955002,-2.140369,8.12247,-5.545264,7.064981,-3.5285888,-1.4547129,-4.766973,-1.8154392,2.4067793,-0.1232671,-5.968719,-2.2384324,-4.0133924,0.21393469,-4.9018316,-4.9383245,0.034236014,-2.6907916,-3.0620434,-1.2227911,-6.96825,-2.9363134,-2.664426,-2.3009915,-3.4490483,-2.9196582,-1.7619034,-3.0484161,-5.787929,-2.069896,-4.3369794,-2.4513597,-2.5350955,-1.9463503,-1.8167658,-2.5397508,disgust,2,c:\Users\Kacpiro Recenzje\Desktop\Studia\XAI_2026\data\raw\Actor_11\03-01-07-02-02-02-11.wav
-424.84625,56.809414,8.562973,18.641113,-0.3075555,11.910935,-0.050748352,6.8275027,-1.2170463,1.1131485,-2.4911141,-0.32269633,3.2384162,3.0057888,-1.8837804,0.7557228,-0.6690664,2.581493,-0.068630785,-0.85308623,0.40187734,-0.7873957,-0.69469434,2.9518268,-0.837461,1.0276567,2.8226283,2.6774917,-0.5890834,1.1675011,0.4940011,-0.34091547,-0.5815329,2.0525794,0.45162612,1.8362185,2.3627074,3.1981907,2.0621796,2.7153783,surprise,7,c:\Users\Kacpiro Recenzje\Desktop\Studia\XAI_2026\data\raw\Actor_11\03-01-08-01-01-01-11.wav
-434.77487,56.29517,7.853902,14.30632,-4.4164243,8.239207,-2.4716947,2.9617805,-2.8877883,-0.20157218,-3.6641824,-3.2188427,-0.45531642,0.24972826,-4.5007963,-1.789177,-3.0433807,2.4495206,-1.6189448,-4.3138566,-0.71815276,-1.5253019,-2.1188524,0.118863046,-1.3517178,0.20257694,2.013842,2.9081268,-0.2790575,1.0097364,2.335333,1.4363744,0.7453507,3.892404,2.8842402,3.678878,4.483235,4.252588,1.6309851,2.3128488,surprise,7,c:\Users\Kacpiro Recenzje\Desktop\Studia\XAI_2026\data\raw\Actor_11\03-01-08-01-01-02-11.wav
-412.30225,61.037025,4.0603185,19.35942,-0.95386416,9.822029,-2.3917077,5.3999753,0.2667085,-0.5751608,-6.311765,-2.2251728,0.9652584,1.2817152,-4.322898,0.2363962,-3.208894,0.90779823,2.070861,-0.6948576,-0.9507483,-0.1426102,-0.41985807,0.46791083,-3.622179,-0.8346667,-0.19119214,-0.49060377,-1.911727,-1.807212,-1.8944354,-0.36187792,-1.5395927,0.4971056,1.0699614,1.9882743,2.2639608,2.9539497,2.920563,2.0436535,surprise,7,c:\Users\Kacpiro Recenzje\Desktop\Studia\XAI_2026\data\raw\Actor_11\03-01-08-01-02-01-11.wav
-387.6663,62.80574,-2.4654696,13.831851,-5.6580634,10.180922,-2.369714,4.3951216,-4.820796,-6.6467285,-8.666828,-2.426287,1.5140771,0.52104694,-4.275291,0.30512437,-4.260636,-0.5739806,0.24598163,-1.0328692,-0.6552542,-3.1243844,-1.5390195,-0.04196827,-5.1223974,-1.8878607,0.56112444,3.9538648,3.023758,3.6067538,4.0903444,1.5169511,0.5272351,3.6158066,0.35701227,-0.2091071,4.016975,4.3618746,2.5510285,5.059597,surprise,7,c:\Users\Kacpiro Recenzje\Desktop\Studia\XAI_2026\data\raw\Actor_11\03-01-08-01-02-02-11.wav
-394.3063,52.245983,0.7779874,13.890102,-0.8883156,8.815937,-3.02741,4.147687,-3.163407,-0.80611616,-3.9796429,-1.8287632,0.83627105,1.0239812,-2.8846378,-1.6278623,-3.2677984,0.6862748,-1.632598,-1.9514227,-0.13933569,-2.1166317,-1.8110139,1.1660832,-2.0464911,0.5299858,1.3912778,2.9357264,0.92216,0.4793171,2.208503,1.8622417,1.7453393,5.708856,4.292761,3.9852896,5.2787786,4.7148542,2.77862,2.5542288,surprise,7,c:\Users\Kacpiro Recenzje\Desktop\Studia\XAI_2026\data\raw\Actor_11\03-01-08-02-01-01-11.wav
-366.72528,51.25599,-4.9737444,15.197007,-5.871453,5.67776,-4.7438693,1.745062,-1.9917165,-0.32857826,-6.1428385,-2.140774,0.894575,0.27197602,-6.274218,-2.0084176,-4.404457,-0.9835179,-2.7740145,-4.8935633,-2.0311544,-2.6450274,-2.1015785,-0.114673264,-1.5866033,1.010488,1.6446525,2.0451262,1.2967999,3.6949732,3.6401193,5.044674,4.8150773,4.9243484,1.9830645,0.9430314,0.84858763,0.95500606,1.3038915,2.1149611,surprise,7,c:\Users\Kacpiro Recenzje\Desktop\Studia\XAI_2026\data\raw\Actor_11\03-01-08-02-01-02-11.wav
-386.13364,51.22292,-3.062508,15.429119,-5.792993,8.22131,-3.4490507,2.797804,-2.9977028,-0.88811636,-6.7984643,-3.033204,0.8382358,0.36716196,-4.349558,-1.7083069,-3.489592,1.7778875,-1.7176449,-4.5296407,-1.9116871,-1.7187713,-2.5593479,0.9437546,-0.8827878,3.0110211,3.1898835,3.360722,-0.38274,-0.5083641,-0.7312777,0.06319952,0.3907691,3.881739,2.8137252,2.4503577,3.8288357,3.1752124,2.9129837,3.2455225,surprise,7,c:\Users\Kacpiro Recenzje\Desktop\Studia\XAI_2026\data\raw\Actor_11\03-01-08-02-02-01-11.wav
-398.12506,44.484776,-4.674374,17.905941,-6.3380113,6.8619885,-4.7711735,1.3889405,-2.060109,-1.2583176,-6.5076194,-2.2077444,0.67869014,-1.8768884,-5.3744864,-2.2504485,-2.546637,0.4700483,-2.5147822,-4.0815716,-2.369666,-3.342408,-3.2622035,-0.50861806,-3.0600467,1.0238467,1.3173438,3.0086017,1.4729248,3.0276024,3.218604,5.0734215,4.8996615,4.7099433,3.116386,1.0799001,0.20911649,1.6932055,1.352844,1.5320044,surprise,7,c:\Users\Kacpiro Recenzje\Desktop\Studia\XAI_2026\data\raw\Actor_11\03-01-08-02-02-02-11.wav
-359.52948,87.929436,0.3026781,12.346925,2.7306495,9.416436,-10.611868,3.076728,-6.6946635,-9.29341,-8.113294,-3.8827286,-6.292561,-5.0633826,-4.5233355,-8.935328,-3.9119942,0.057247296,-6.009965,-10.462409,-5.1149426,-4.6567254,-2.346872,-5.5479417,-6.161996,-3.691698,-7.080905,-6.2940187,-5.7272587,-3.411512,-2.5610538,-1.1244241,0.25170594,1.4487127,-0.11940857,0.70966,1.5368215,-1.0507841,1.2253519,1.5503347,neutral,5,c:\Users\Kacpiro Recenzje\Desktop\Studia\XAI_2026\data\raw\Actor_12\03-01-01-01-01-01-12.wav
-359.9,87.25968,-1.4844997,14.009292,2.2976298,12.047312,-9.862521,4.309114,-6.8012705,-7.2618017,-6.8424654,-0.16965555,-4.93037,-5.5219326,-4.4163055,-5.8299994,-3.3379965,1.1565243,-4.1402373,-8.166515,-4.232925,-2.560001,-2.6511116,-4.89376,-3.783088,-1.670584,-4.3434777,-4.558752,-3.8191948,-2.6233099,-2.0308402,-1.0104405,0.8109834,1.7715368,-1.079395,0.14469239,-0.50043255,-2.654521,-0.13451797,0.6730551,neutral,5,c:\Users\Kacpiro Recenzje\Desktop\Studia\XAI_2026\data\raw\Actor_12\03-01-01-01-01-02-12.wav
-348.2311,87.8831,0.49054864,14.728093,0.5275827,16.388887,-9.302825,1.0944088,-9.439586,-10.728787,-6.021936,1.3283067,-6.342397,-3.6174312,-4.9966693,-7.218079,-5.2711496,1.7392845,-6.928181,-10.663965,-4.8965745,-3.5965636,-4.107841,-6.4483747,-5.7234006,-3.5486155,-6.5525866,-4.6899014,-5.3246064,-3.879566,-3.272686,-1.0447576,-2.0153582,0.40023232,-2.0227804,1.0390387,3.9051223,2.0508637,4.3788924,3.8804638,neutral,5,c:\Users\Kacpiro Recenzje\Desktop\Studia\XAI_2026\data\raw\Actor_12\03-01-01-01-02-01-12.wav
-345.2387,81.15914,0.23777133,17.1528,-4.950938,14.505703,-11.5958185,3.3832307,-9.693995,-10.224743,-1.8751688,-0.8946507,-7.50687,-4.5819907,-5.510517,-5.802433,-5.892018,2.038425,-9.19537,-8.75067,-3.6616817,-4.031398,-6.8613906,-5.1386933,-5.6490965,-2.7178893,-6.26636,-6.149738,-4.9181943,-5.8459334,-3.6211908,-3.0677636,-2.7521207,-0.20760123,-2.9935374,-0.23687506,1.1058635,0.048624024,1.0501696,0.29064962,neutral,5,c:\Users\Kacpiro Recenzje\Desktop\Studia\XAI_2026\data\raw\Actor_12\03-01-01-01-02-02-12.wav
-325.8292,93.13049,-2.4749272,15.443096,-1.9085866,13.894625,-12.201223,5.78988,-6.06898,-7.609964,-5.4754543,-4.3434896,-7.2294664,-3.2208197,-3.8412073,-8.612992,-5.173396,2.1151655,-5.449381,-9.017414,-5.572187,-5.0075397,-3.7232065,-4.6550446,-5.1693974,-2.1502223,-5.7519774,-3.5247164,-1.7820021,-1.2959157,0.6006406,1.9042019,1.2628652,3.1653035,-0.1837332,1.3871348,2.7237804,-0.0017575744,2.4535205,1.973477,calm,1,c:\Users\Kacpiro Recenzje\Desktop\Studia\XAI_2026\data\raw\Actor_12\03-01-02-01-01-01-12.wav
-333.36615,103.30046,-3.1876445,16.086443,-0.42074803,14.120562,-9.753608,7.0970564,-8.793828,-7.6420345,-4.0615745,-5.324463,-5.853139,-0.8502262,-5.3429346,-10.301058,-4.530716,2.5756974,-5.2168117,-7.7339325,-5.0108905,-3.6561449,-1.5014889,-3.2828708,-5.6352153,-2.4998515,-4.3054757,-2.446616,-2.3110244,-1.6613013,0.33473778,0.80461216,1.651339,2.3756316,-0.99308115,2.8935106,3.1643825,0.82060426,1.7601125,0.545773,calm,1,c:\Users\Kacpiro Recenzje\Desktop\Studia\XAI_2026\data\raw\Actor_12\03-01-02-01-01-02-12.wav
-313.13806,83.10688,-3.3276548,14.375419,-3.253725,15.855685,-13.048987,1.784446,-10.863491,-9.096737,-7.1946616,-4.073687,-8.50541,-5.0473876,-7.9107604,-9.683308,-5.867011,1.0006582,-8.437466,-9.700126,-6.3094473,-5.8255205,-4.34164,-6.870905,-7.366101,-4.5483527,-5.9128957,-6.1327085,-6.502092,-3.300674,-2.730508,-2.444313,-3.5485945,0.14665958,-3.6225522,-0.56207514,2.4157,2.0917997,4.4325223,5.5000124,calm,1,c:\Users\Kacpiro Recenzje\Desktop\Studia\XAI_2026\data\raw\Actor_12\03-01-02-01-02-01-12.wav
-340.6214,80.25338,-2.4096696,15.349178,0.06739363,13.598728,-10.182775,1.0294887,-9.66277,-9.609774,-5.408069,-3.634982,-8.2561245,-3.0887918,-6.980807,-9.606034,-4.5725822,0.59140277,-7.3292074,-10.230005,-5.2132854,-3.9713173,-2.5128417,-5.0648685,-5.503351,-3.0780628,-4.0393333,-4.4545484,-5.1047454,-3.5169115,-1.6739984,-0.62850314,-0.6474454,2.8358223,0.7811628,1.6494868,3.437311,-1.2808883,-0.7587811,0.185214,calm,1,c:\Users\Kacpiro Recenzje\Desktop\Studia\XAI_2026\data\raw\Actor_12\03-01-02-01-02-02-12.wav
-319.02203,94.29724,-6.8340397,16.145893,0.21725929,12.316239,-10.5923195,3.1655073,-6.2773905,-7.739044,-6.8245997,-7.4788117,-7.993957,-3.5168085,-4.793037,-10.483974,-4.3633165,-0.09374519,-6.839629,-11.572599,-7.3398004,-7.183792,-4.123068,-5.7412033,-7.1174464,-3.9914186,-6.7063694,-6.9536552,-5.3421555,-4.2426004,-3.4104226,-0.9123701,-1.0681219,1.8654157,1.112245,1.6075854,3.9691863,2.5645242,3.8894148,4.29823,calm,1,c:\Users\Kacpiro Recenzje\Desktop\Studia\XAI_2026\data\raw\Actor_12\03-01-02-02-01-01-12.wav
-351.27777,95.27713,1.8286674,17.968227,4.475496,14.664052,-8.328682,5.0742326,-2.9129245,-6.9684067,-4.9672875,-2.8061028,-4.8911643,-2.6605573,-4.638896,-7.607941,-3.598626,2.345848,-3.133659,-7.581944,-6.056855,-5.469213,-3.1259098,-6.034562,-5.5672255,-2.3740327,-4.482894,-4.154368,-4.193737,-3.2045395,-1.2241224,-0.71213245,0.6702026,2.4938784,0.02245044,1.7427633,2.526034,0.9059393,2.1790252,2.9057605,calm,1,c:\Users\Kacpiro Recenzje\Desktop\Studia\XAI_2026\data\raw\Actor_12\03-01-02-02-01-02-12.wav
-353.9774,77.348,-1.9846317,17.168196,-6.225316,15.313744,-13.015355,5.1742487,-10.548223,-7.353022,-4.1078954,-6.5289326,-8.603742,-0.4669374,-7.9569016,-10.39981,-4.288635,0.6826019,-7.7483864,-9.655428,-5.749768,-5.422114,-4.308731,-5.8873696,-5.941331,-2.8965883,-4.260934,-4.3861585,-2.328888,-1.1437309,0.38774574,2.2553759,1.7420429,4.635055,-0.4869203,1.7859279,2.4747965,0.63879323,2.798431,2.7590623,calm,1,c:\Users\Kacpiro Recenzje\Desktop\Studia\XAI_2026\data\raw\Actor_12\03-01-02-02-02-01-12.wav
-320.1038,84.348114,-3.2863107,19.695667,-6.7166843,12.474499,-11.804982,3.506626,-9.26032,-8.650383,-4.681649,-6.083446,-10.248269,-2.5147207,-6.6046553,-10.18546,-5.640104,0.74084926,-9.276297,-10.630919,-6.74399,-5.508046,-6.1034613,-7.441127,-7.3838434,-3.9646342,-6.0715375,-6.7142186,-7.1954103,-5.124589,-4.4848843,-3.1530135,-0.8195238,4.5424647,2.974207,4.8428125,5.121782,1.184326,-0.10525437,-0.9454761,calm,1,c:\Users\Kacpiro Recenzje\Desktop\Studia\XAI_2026\data\raw\Actor_12\03-01-02-02-02-02-12.wav
-373.5077,101.050575,-21.745584,5.956616,2.5836983,8.721142,-14.407937,1.7884951,-7.7768364,-12.9908085,-2.924515,0.18793663,-5.7494926,-1.4829202,-4.093013,-8.261638,-4.605006,2.6503713,-6.912536,-9.293414,-3.4906378,-3.5575309,-3.1166072,-4.26559,-1.7287306,1.8803012,-0.5314668,0.33394045,0.94759935,0.13341051,-0.9285393,1.0420314,-0.9442294,0.5587824,0.7275713,3.061601,4.648469,4.377904,5.1974454,5.672851,happy,4,c:\Users\Kacpiro Recenzje\Desktop\Studia\XAI_2026\data\raw\Actor_12\03-01-03-01-01-01-12.wav
-346.71854,102.941826,-15.680893,7.972826,1.3821492,11.628095,-13.8816185,1.7518084,-4.6168776,-11.554036,-3.3003063,1.2078859,-4.764639,-0.41818324,-2.3017755,-6.6307864,-4.6955256,2.9086874,-4.323495,-7.9699473,-2.1924071,-2.0081177,-3.0802498,-2.9404204,-1.4904082,1.2711328,-0.09297191,-0.42109713,0.5598828,1.3825558,-0.07161783,3.2611175,0.24514034,2.8789136,3.0947094,3.4141068,5.265387,2.8132203,1.5034982,0.5165047,happy,4,c:\Users\Kacpiro Recenzje\Desktop\Studia\XAI_2026\data\raw\Actor_12\03-01-03-01-01-02-12.wav
-345.97903,74.95229,-14.590627,8.046356,-0.9807116,8.633952,-15.718529,-0.5546388,-12.30253,-14.500599,-6.004646,-3.6891847,-10.150171,-0.6811993,-7.209061,-11.016831,-5.4206004,-1.5660037,-8.468555,-9.429765,-6.304015,-4.8556623,-6.6978154,-7.4941554,-5.6402164,-2.7272956,-2.9010148,-3.131181,-2.079331,0.18480612,-2.4985492,0.42007598,-1.5739329,-2.10117,-0.85964596,1.3745441,5.474254,3.8996465,2.6754377,1.6831118,happy,4,c:\Users\Kacpiro Recenzje\Desktop\Studia\XAI_2026\data\raw\Actor_12\03-01-03-01-02-01-12.wav
-347.73965,90.95842,-16.446636,6.1149817,-0.49511373,9.994795,-18.1929,-2.8784509,-10.983286,-16.708519,-5.441488,-2.134792,-9.997621,-1.9948765,-4.384729,-10.318468,-6.023415,0.28184205,-7.160932,-11.443769,-3.75701,-3.8924713,-4.340165,-6.428895,-6.4234056,-2.3645184,-4.7838902,-5.513463,-5.641594,-3.1218908,-3.587898,1.0974461,-0.18633817,2.6452036,2.6725156,2.8738296,4.3728004,0.6072138,-0.095304504,-0.15415181,happy,4,c:\Users\Kacpiro Recenzje\Desktop\Studia\XAI_2026\data\raw\Actor_12\03-01-03-01-02-02-12.wav
-371.96863,75.76791,-22.16794,-2.4347105,-0.7250573,5.2472434,-19.06828,-0.99719065,-2.8043172,-7.0253778,-4.8025446,3.0920088,-4.3489275,-1.3699949,-0.01976381,-7.118945,-0.1125379,3.5428402,0.84440255,-0.2431223,5.95693,7.350382,5.593551,8.423068,8.514264,8.288738,1.4511424,2.940415,4.7480407,3.6345077,3.9374425,7.5119195,5.6523724,4.624976,5.3968754,3.6212554,3.0212924,4.443181,1.7992465,2.8456135,happy,4,c:\Users\Kacpiro Recenzje\Desktop\Studia\XAI_2026\data\raw\Actor_12\03-01-03-02-01-01-12.wav
-362.60318,76.15092,-21.56189,1.2864754,0.7321066,8.470536,-17.679184,-0.5168431,-2.0061257,-6.592174,-4.864123,3.7186258,-4.421387,-1.6720384,1.2274247,-7.1420135,-3.7233925,1.4979905,-2.3271384,-5.0135827,4.6027884,7.2126493,5.029767,11.152827,11.108021,10.767818,6.040806,5.548517,5.5649223,3.1874106,1.3516729,5.200564,2.4580166,3.5406382,5.1855607,2.5256488,2.1048026,3.9430149,2.787721,4.298319,happy,4,c:\Users\Kacpiro Recenzje\Desktop\Studia\XAI_2026\data\raw\Actor_12\03-01-03-02-01-02-12.wav
-383.74008,82.360016,-21.166977,3.4136357,-2.6952376,8.786428,-18.271942,-1.3438437,-9.729009,-14.002226,-6.3397236,0.7300467,-8.5343685,-7.1527686,-3.242239,-9.832919,-6.849999,-0.6815163,-7.4968624,-11.22343,-5.8079295,-3.0785463,-6.047181,-5.7419596,-2.151435,1.5511367,0.62053925,4.491641,4.692564,9.411578,6.875097,7.7561345,7.069562,4.169213,3.7451808,3.1955767,2.1146898,1.6961566,-0.22673732,1.9340807,happy,4,c:\Users\Kacpiro Recenzje\Desktop\Studia\XAI_2026\data\raw\Actor_12\03-01-03-02-02-01-12.wav
-363.24973,65.84905,-28.848137,-10.80498,-10.601207,4.239965,-27.440285,-5.7319756,-10.00686,-13.556104,-10.901029,0.0062803444,-9.990451,-7.707423,-1.5937027,-6.6472144,-1.162914,7.261922,4.257213,4.9230494,9.850752,8.7215185,1.4325304,1.6507629,2.4952106,4.133498,1.5205742,0.26916346,-0.24061903,1.2583919,-1.3725584,3.5167053,2.648963,1.9100437,5.053157,7.0086536,7.7258463,8.93064,3.8356311,3.6289659,happy,4,c:\Users\Kacpiro Recenzje\Desktop\Studia\XAI_2026\data\raw\Actor_12\03-01-03-02-02-02-12.wav
-382.62845,92.23185,-6.7538595,5.7066746,-0.48706305,9.896897,-12.890803,0.060936082,-9.741096,-10.693737,-8.05967,-3.002753,-5.732395,-4.77879,-3.459497,-7.911176,-7.802239,2.935642,-3.6668856,-10.305152,-4.6274357,-3.8436456,-5.1563573,-4.4813333,-3.335611,-0.9284404,-0.79978347,-0.9644416,1.4631869,1.1096629,-1.795982,2.1529398,0.09393462,3.2026567,4.545422,5.9115,9.203735,9.09989,9.067325,5.9716597,sad,6,c:\Users\Kacpiro Recenzje\Desktop\Studia\XAI_2026\data\raw\Actor_12\03-01-04-01-01-01-12.wav
-368.5227,92.900986,-5.111977,8.751463,3.2708316,11.245756,-11.159353,-0.18084532,-10.96915,-15.402981,-6.071664,0.07192831,-6.6107707,-4.8651996,-3.267207,-9.083702,-6.1793118,1.972777,-6.539384,-10.214889,-2.518485,-3.8467572,-4.5479193,-3.9732502,-3.8172135,-0.5806282,-1.3323648,-3.2658215,-0.83530736,-1.1399274,0.39632043,3.0005035,1.0976235,5.07885,5.021577,6.067709,8.752694,5.399243,4.8176823,3.195674,sad,6,c:\Users\Kacpiro Recenzje\Desktop\Studia\XAI_2026\data\raw\Actor_12\03-01-04-01-01-02-12.wav
-333.49097,72.04503,-0.40846565,16.268652,-0.95478487,12.598173,-4.737831,6.3368692,-7.5256557,-10.563442,-2.7101395,-2.685385,-6.0275793,1.2800785,-2.841316,-7.294134,-4.1985493,2.626029,-5.741351,-7.997267,-0.9087271,-2.8263116,-4.7820897,-5.163903,-5.2823834,-2.1738021,-2.9827473,-5.263317,-4.5998473,-4.02317,-2.3650022,-0.9059326,1.680771,6.4056864,3.7665331,7.4367433,7.2915154,3.2506435,7.017011,4.825085,sad,6,c:\Users\Kacpiro Recenzje\Desktop\Studia\XAI_2026\data\raw\Actor_12\03-01-04-01-02-01-12.wav
-344.46393,76.18799,-7.00083,10.776051,-3.057389,10.649894,-12.899501,3.0765135,-12.004335,-13.626681,-5.7161746,-2.2273693,-8.937201,-3.1465335,-3.3309045,-8.71031,-7.8123174,0.70700353,-7.0671306,-9.422043,-3.4297597,-4.805238,-5.294921,-4.7055645,-8.175261,-1.9696896,-3.2999907,-4.1146436,-3.4633377,-2.4306145,-0.8157234,0.7823022,1.9196846,5.0415254,3.522086,6.1519055,7.631782,5.0456443,5.968423,4.9824767,sad,6,c:\Users\Kacpiro Recenzje\Desktop\Studia\XAI_2026\data\raw\Actor_12\03-01-04-01-02-02-12.wav
-359.8611,80.59649,-17.19339,0.73025596,-5.382655,3.9040496,-22.212059,-3.4222898,-9.702085,-13.367114,-10.719094,0.8022526,-4.594819,-7.578437,0.24221066,-5.2382603,-3.882371,2.4943268,0.94841003,-2.5117025,3.0716841,9.071301,7.294697,9.181095,12.744939,10.780405,9.297095,4.88417,1.8437015,3.6231956,0.803345,6.719045,5.5230823,2.773212,3.3597143,0.0698266,0.13099605,2.9160655,2.6302495,3.7616758,sad,6,c:\Users\Kacpiro Recenzje\Desktop\Studia\XAI_2026\data\raw\Actor_12\03-01-04-02-01-01-12.wav
-354.98572,76.17944,-26.083906,-8.347601,-12.888636,0.8827044,-24.885157,-6.5471783,-13.149658,-18.49685,-8.690406,1.8668823,-7.4355736,-8.634215,-1.4080018,-7.228279,-2.4575384,6.8360243,5.010289,6.247611,10.097529,10.628747,6.429476,4.7398176,4.793102,5.0940957,5.757472,2.0860684,0.35652208,0.2785045,-3.4417825,1.6406723,1.5501928,1.0515386,1.1504134,1.5691903,2.6381228,3.8507235,2.4751549,1.7204698,sad,6,c:\Users\Kacpiro Recenzje\Desktop\Studia\XAI_2026\data\raw\Actor_12\03-01-04-02-01-02-12.wav
-372.56415,64.82999,-21.266272,-7.061583,-11.233603,-0.9771867,-21.426592,-9.220637,-13.963405,-16.735542,-14.077312,-1.5394243,-7.089792,-11.919395,-2.6171339,-8.581631,-8.851116,-3.4981556,-6.26451,-7.4958425,-2.0441976,3.7611206,3.0513976,5.6726193,7.070711,10.034814,9.329765,7.1272497,5.3026724,4.0582485,-0.015506825,2.5216763,1.2469742,2.676361,4.1586423,0.46156317,-0.89590377,0.71408427,-0.066517554,-0.038692657,sad,6,c:\Users\Kacpiro Recenzje\Desktop\Studia\XAI_2026\data\raw\Actor_12\03-01-04-02-02-01-12.wav
-330.40128,62.74288,-22.779648,-3.8040793,-16.827894,4.200609,-26.759499,-7.5488906,-10.636573,-14.498896,-11.387379,0.50492704,-5.509261,-9.112377,-0.64006853,-6.2874827,-6.317936,1.9428573,1.602007,2.7028816,10.903025,17.388325,13.842105,10.378665,8.3711,3.1886046,-0.86527807,-0.7098414,0.75526935,4.8958387,1.3109256,3.3182313,-0.54444915,-1.8833536,1.2848775,1.7534665,2.1804914,1.6797101,-1.6119233,1.9217417,sad,6,c:\Users\Kacpiro Recenzje\Desktop\Studia\XAI_2026\data\raw\Actor_12\03-01-04-02-02-02-12.wav
-331.24017,98.37787,-6.566879,16.207096,-0.42096186,6.4324265,-12.245657,6.706413,-4.086,-7.9669275,-4.6983976,-2.3145912,-3.333173,-3.6814108,-2.9151523,-4.433832,-4.087018,2.5136735,-5.2851877,-8.59719,-2.7350516,-3.89018,-4.3704567,-5.085038,-3.7603219,-1.5909568,-5.5361443,-3.8653998,-4.0059114,-3.222546,-4.1452417,-1.6815788,-1.2367761,1.6970698,0.33728936,0.58724153,2.6012943,1.3106321,0.9525525,1.1358414,angry,0,c:\Users\Kacpiro Recenzje\Desktop\Studia\XAI_2026\data\raw\Actor_12\03-01-05-01-01-01-12.wav
-350.85666,100.88203,-6.9688277,14.438206,5.1082983,9.637252,-13.653758,6.0157456,-5.9193563,-7.257069,-6.3983493,-2.6595438,-1.8024735,-2.7801356,-2.1088192,-4.8005486,-3.9750245,4.1307745,-4.0651793,-7.078564,-3.3479788,-2.4565907,-4.222571,-4.2997875,-2.8646517,-0.2529659,-2.2227323,-3.3633668,-2.4657605,-2.6843297,-2.883842,-1.6663976,-1.6275742,2.1380887,0.8418194,2.3047938,4.7481337,3.9132314,3.2142043,0.24205418,angry,0,c:\Users\Kacpiro Recenzje\Desktop\Studia\XAI_2026\data\raw\Actor_12\03-01-05-01-01-02-12.wav
-336.55615,81.06611,-0.42184275,17.99138,-3.9999592,14.557029,-10.790185,1.8208997,-8.425822,-11.558836,-3.369059,-2.7109046,-8.930039,-3.109176,-4.473187,-7.381693,-5.6693487,0.57204586,-7.9992366,-8.89499,-3.9625611,-4.4719324,-5.288738,-5.7067223,-6.5095196,-2.9288585,-5.4105635,-6.856268,-5.458368,-4.3661532,-4.4815426,-2.656026,-3.531242,-1.6138793,-3.5807288,-0.7850318,0.13666129,-1.4695702,1.3240083,1.096842,angry,0,c:\Users\Kacpiro Recenzje\Desktop\Studia\XAI_2026\data\raw\Actor_12\03-01-05-01-02-01-12.wav
-327.77725,83.601326,-6.1593924,12.738946,-3.18573,9.995109,-14.420656,0.8816345,-10.573584,-14.517298,-3.2694201,-2.1553507,-8.186113,-3.646978,-4.0417542,-7.642111,-6.268774,0.93969876,-8.474032,-9.739408,-4.5945168,-4.578214,-4.7214565,-5.964087,-7.7563934,-2.7541242,-4.9371443,-7.415158,-5.610398,-4.1819143,-4.426949,-2.442299,-4.0182858,-1.5018075,-5.070546,-3.040357,-1.9268738,-4.4413466,-2.294198,-3.2732816,angry,0,c:\Users\Kacpiro Recenzje\Desktop\Studia\XAI_2026\data\raw\Actor_12\03-01-05-01-02-02-12.wav
-383.87534,71.15854,-9.385299,5.4544473,-5.314996,4.594196,-11.6357,2.534161,1.7098078,-6.265515,-2.902883,0.6440121,-2.9327335,-1.8811914,-0.82032627,-2.9360888,-5.3863883,0.5664376,-2.6125336,-7.3681197,-0.32622382,1.1045725,0.5105857,1.5239909,2.508255,2.6225665,-2.325131,-0.3526034,1.7220656,2.0853686,1.5172457,3.937172,2.6961145,3.201417,5.203846,2.3596752,3.3385835,4.463983,3.620831,3.1097732,angry,0,c:\Users\Kacpiro Recenzje\Desktop\Studia\XAI_2026\data\raw\Actor_12\03-01-05-02-01-01-12.wav
-352.23825,61.571808,-17.336735,-4.1019626,-12.501365,3.7606514,-15.193561,3.3241107,-2.1227248,-5.2628007,-5.50345,-0.3503723,-4.8267074,-4.7307053,-1.6276295,-4.7239227,-4.893299,1.1931988,-1.3537626,-5.310159,-1.2004627,0.32290372,-0.33831668,2.6551046,4.269867,9.40279,4.865937,5.596757,5.798981,3.2913866,2.432505,4.5370603,3.7789688,3.6955822,3.4299634,2.677777,3.4232838,4.544594,2.7920468,3.4210746,angry,0,c:\Users\Kacpiro Recenzje\Desktop\Studia\XAI_2026\data\raw\Actor_12\03-01-05-02-01-02-12.wav
-388.1764,74.26011,-7.9476147,6.8959813,-6.5323677,8.221919,-14.888592,3.2122507,-2.9000745,-10.595338,-5.830647,-0.0658875,-6.9524655,-2.6765525,-0.92468035,-4.5472264,-6.822667,0.5450746,-6.3006253,-9.677424,-3.3398242,-3.730303,-4.749884,-2.6115065,0.37946305,3.50138,0.39357764,1.5493938,1.1981406,2.3645236,0.1808266,1.2651901,1.5908798,2.4316938,2.698214,2.642879,4.817397,5.3565164,3.4969096,4.940096,angry,0,c:\Users\Kacpiro Recenzje\Desktop\Studia\XAI_2026\data\raw\Actor_12\03-01-05-02-02-01-12.wav
-357.19376,71.97821,-13.361844,-1.6236291,-16.49986,6.5377727,-15.659869,0.34290048,-3.187198,-8.4698305,-6.7460194,1.7707711,-2.0487158,-5.388263,-4.5400977,-5.49322,-8.7402,-3.2555718,-3.5287158,-6.1148863,0.7971819,2.567188,-0.36587366,0.6622551,1.989141,5.4299145,2.377417,3.6611598,5.0259094,3.1049852,1.3455013,2.1294084,2.4527624,2.7055316,2.1177986,2.0195692,2.2531083,3.0640879,1.5397393,3.4975638,angry,0,c:\Users\Kacpiro Recenzje\Desktop\Studia\XAI_2026\data\raw\Actor_12\03-01-05-02-02-02-12.wav
-355.66663,75.48994,-10.824499,10.800503,-0.56557775,8.940727,-9.995633,0.5266461,-10.217187,-7.7980933,0.6807844,-0.15887594,-4.350377,-1.9839733,-1.134373,-3.1167078,-1.7643217,0.73215985,-2.2222383,-2.5020647,1.6958232,2.0302677,2.928431,3.6910508,4.162969,6.193408,2.6885152,3.1272993,2.6711593,2.241191,3.6771188,5.8486996,4.0448103,4.3971047,2.8658931,2.3744776,3.759666,3.6157866,4.4311743,3.8331528,fear,3,c:\Users\Kacpiro Recenzje\Desktop\Studia\XAI_2026\data\raw\Actor_12\03-01-06-01-01-01-12.wav
-368.7977,78.203995,-12.865107,8.719467,1.8615242,8.899642,-10.642476,-0.006130056,-9.800005,-10.074761,-1.2319391,2.2314298,-4.645635,-4.76431,-2.0772212,-3.0982628,-0.09468644,1.6584477,-4.0694504,-4.774895,-1.2636976,-0.5806443,1.1160283,2.763882,3.8485146,9.08853,5.0050416,2.9012399,2.7390814,3.0300548,4.4427185,6.957687,6.68037,7.065338,5.617218,3.7087471,3.34748,2.2016735,3.6898656,4.9987483,fear,3,c:\Users\Kacpiro Recenzje\Desktop\Studia\XAI_2026\data\raw\Actor_12\03-01-06-01-01-02-12.wav
-360.853,69.84178,-14.348287,9.379488,-3.2403054,7.088286,-14.681689,0.024149684,-15.582326,-13.181995,-1.2385817,-1.8490038,-7.9221106,-4.872815,-4.303982,-8.230147,-5.1386495,-2.4596536,-7.4035506,-6.435066,-4.0169306,-4.9083343,-4.912786,-4.2600427,-2.8943386,1.98551,-1.1101308,-1.0092263,-0.6160841,-1.0777341,0.0040691188,2.0668476,1.0556763,2.6615114,1.4807531,3.5339286,4.1629415,2.0724928,3.4979498,2.5919597,fear,3,c:\Users\Kacpiro Recenzje\Desktop\Studia\XAI_2026\data\raw\Actor_12\03-01-06-01-02-01-12.wav
-375.37643,65.203285,-13.7623415,10.3748255,-5.7154517,9.3004675,-15.4084425,-0.81391823,-14.247822,-10.4940605,-2.2521343,-0.6177197,-7.7504735,-5.354209,-3.7770338,-6.175353,-5.455071,-2.042976,-5.7906036,-6.474816,-3.4940462,-2.666543,-3.259505,-1.4313351,0.11050848,4.807352,1.3153301,0.5563534,-0.29880422,-1.2071342,-0.5406902,1.4071382,0.4543759,3.6133974,3.9309635,3.4394672,4.020836,2.0128086,1.8746719,2.1189024,fear,3,c:\Users\Kacpiro Recenzje\Desktop\Studia\XAI_2026\data\raw\Actor_12\03-01-06-01-02-02-12.wav
-373.6303,65.78765,-21.373373,-0.9775434,-9.633237,6.667322,-17.348345,-1.497251,-7.4274225,-11.539537,-4.3014593,5.5809536,-3.074398,-8.01517,-2.4271228,-2.840338,1.1048796,11.853505,13.146312,10.992009,15.716428,14.905957,9.572625,4.685827,3.2669342,4.138219,4.0869346,4.813742,1.3541751,2.7196343,-0.96347547,1.2943411,0.6583545,2.694276,2.954047,2.7517247,3.6837015,4.483394,4.5632977,5.2747164,fear,3,c:\Users\Kacpiro Recenzje\Desktop\Studia\XAI_2026\data\raw\Actor_12\03-01-06-02-01-01-12.wav
-335.00653,58.952614,-28.948267,-5.989723,-16.092873,3.8019214,-18.156128,-2.6281586,-9.126452,-13.610918,-7.6743217,0.58028674,-3.3773024,-3.967167,2.2157252,6.458201,12.802635,16.949968,10.263179,3.2046945,5.5911717,5.0795755,2.7573183,2.9699264,3.4704237,3.0449007,0.694106,0.821543,-0.052137658,0.65144694,-0.348189,3.439365,4.628586,3.0557516,1.9745544,2.2352574,5.724057,6.9903717,2.4846406,2.3690765,fear,3,c:\Users\Kacpiro Recenzje\Desktop\Studia\XAI_2026\data\raw\Actor_12\03-01-06-02-01-02-12.wav
-374.704,52.654755,-19.549452,-4.181721,-16.194258,1.9686877,-18.481428,-4.3074126,-14.58822,-15.222745,-7.7049117,-1.9696695,-7.4650135,-5.4190044,-0.22131845,2.2002923,7.3928638,8.168471,3.6172066,2.1923342,4.01307,4.0656557,1.6348643,-0.7733601,1.5728037,3.8012123,1.2022923,0.93237543,0.77161866,-0.41773412,-1.2302018,2.5907815,2.512443,0.88606936,1.6390803,3.1964684,4.430427,3.2417052,0.8140986,2.0176587,fear,3,c:\Users\Kacpiro Recenzje\Desktop\Studia\XAI_2026\data\raw\Actor_12\03-01-06-02-02-01-12.wav
-394.54175,55.800808,-26.463219,-7.604128,-15.995096,1.8527001,-18.517467,-2.1832442,-11.424276,-15.202048,-10.678435,-1.9902301,-4.913135,-7.782993,3.0418732,5.509281,11.905587,17.264454,11.006159,6.3068495,4.38335,3.502893,0.5725827,-0.37483102,1.8535122,1.7619205,0.17380613,0.34035698,-0.43382132,-0.56526285,-2.1334286,2.8702383,1.8647805,2.3471243,3.5490603,4.858894,5.4501166,2.687218,1.065842,3.789815,fear,3,c:\Users\Kacpiro Recenzje\Desktop\Studia\XAI_2026\data\raw\Actor_12\03-01-06-02-02-02-12.wav
-368.66714,91.566475,-8.521633,12.795386,5.4357576,9.069907,-9.048015,0.4706602,-12.63408,-9.588007,2.5238135,1.4309483,-7.3979235,-3.1118827,0.5636363,-5.2301583,-2.994792,2.6503024,-5.394354,-5.84251,-1.8747649,-3.4010673,-1.9396018,-4.96866,-5.0533767,-1.9369708,-5.643237,-3.8692734,-1.5868924,-2.8250737,-1.9989512,1.3935306,-0.13540292,1.7138488,1.6616954,1.7131997,0.45990515,-0.3064381,0.42666855,1.3694077,disgust,2,c:\Users\Kacpiro Recenzje\Desktop\Studia\XAI_2026\data\raw\Actor_12\03-01-07-01-01-01-12.wav
-355.15414,110.73534,-15.255201,13.3417015,5.8672223,7.9188814,-10.918818,2.7109137,-12.833491,-15.387837,-4.6262994,0.022122007,-8.434946,-3.9704118,-1.7973144,-8.14022,-4.8690014,2.7041345,-6.744331,-7.3063817,-2.4870012,-5.38445,-2.6884768,-4.875227,-5.3530617,-1.3828988,-3.4961224,-2.3416767,-1.5469177,-4.218847,-2.253415,-0.7577447,-1.0670148,0.25126517,-2.705786,-0.33977634,0.774267,-0.5915867,0.64297074,1.0204773,disgust,2,c:\Users\Kacpiro Recenzje\Desktop\Studia\XAI_2026\data\raw\Actor_12\03-01-07-01-01-02-12.wav
-377.87933,85.50464,-3.950868,10.316923,-3.3981202,10.181772,-10.025013,0.20465834,-14.140944,-11.133443,-0.7183217,-0.72742033,-6.3875413,-4.4152493,-4.6692033,-7.2153563,-6.294187,0.6713448,-8.910229,-8.799663,-3.300415,-4.338849,-5.4555726,-7.022725,-6.8453083,-2.2051103,-6.8816195,-3.9955359,-4.477628,-4.057559,-4.1471825,-1.3014649,-3.2741945,-2.3681512,-1.9304024,-2.1591551,-1.5239158,-0.08246921,-0.7503893,-1.2083263,disgust,2,c:\Users\Kacpiro Recenzje\Desktop\Studia\XAI_2026\data\raw\Actor_12\03-01-07-01-02-01-12.wav
-325.6709,86.65132,-2.4202588,13.420682,-4.5945706,10.545511,-9.475023,2.39557,-12.087921,-9.450582,1.2108111,0.3094781,-6.2246075,-0.9215195,-4.0527115,-8.673202,-3.3937728,1.185413,-9.628939,-7.74532,-1.5496002,-5.605459,-4.6324205,-6.0305185,-4.357043,-0.7669406,-7.2482057,-3.8091733,-3.4523697,-4.0274215,-2.414521,-0.2522609,-2.5214977,-0.91761184,-0.38652256,0.81067836,1.0552994,1.5375643,0.17011523,-0.58977973,disgust,2,c:\Users\Kacpiro Recenzje\Desktop\Studia\XAI_2026\data\raw\Actor_12\03-01-07-01-02-02-12.wav
-285.53296,97.61321,-20.03684,9.933219,-1.4154986,9.840761,-15.99886,-2.5160842,-16.857323,-9.302665,-1.6215624,3.4335365,-8.078468,-7.786534,-3.403034,-5.3135767,-6.1440244,-3.4121056,-8.798747,-7.2834215,-2.9961548,-3.4663217,-3.398948,-2.3750327,-0.073219895,4.164512,-1.7337902,1.9353184,0.77954686,-0.71157783,1.1509877,3.335955,-0.48065054,2.79583,4.1583524,4.4942503,5.4402933,3.8385737,2.3088048,2.2678266,disgust,2,c:\Users\Kacpiro Recenzje\Desktop\Studia\XAI_2026\data\raw\Actor_12\03-01-07-02-01-01-12.wav
-275.97067,103.31401,-20.202097,-2.345604,-12.342914,-0.15209831,-20.256565,-0.31882504,-18.392368,-20.883991,-5.9178395,1.7579657,-12.8151865,-9.2201,-5.50956,-12.312822,-8.448355,-4.667587,-11.419911,-6.2223964,0.1823718,0.17725518,0.91410524,6.0560484,3.9109323,2.1904745,-4.646527,-0.10165167,-0.5472599,-0.26203084,-1.174213,1.0777221,-1.2435085,-2.9455104,-0.8528844,0.25483012,1.0958749,0.6673166,1.7417867,3.594316,disgust,2,c:\Users\Kacpiro Recenzje\Desktop\Studia\XAI_2026\data\raw\Actor_12\03-01-07-02-01-02-12.wav
-293.38748,85.58719,-20.704094,8.461026,-8.077415,6.968679,-22.256962,-5.874432,-19.877697,-14.799618,-0.11222493,2.9720573,-15.747382,-6.774834,-4.081794,-9.837513,-10.037328,-2.1046839,-8.609259,-10.599838,0.70770836,-4.257401,-8.414821,-2.1970286,-2.8697882,0.39202124,-4.293651,0.3081141,-1.3305181,-2.6175513,0.72855175,-1.1997508,-4.2360535,-0.37466252,-1.3314888,2.221315,5.8827744,4.8502884,4.588827,4.063229,disgust,2,c:\Users\Kacpiro Recenzje\Desktop\Studia\XAI_2026\data\raw\Actor_12\03-01-07-02-02-01-12.wav
-353.607,79.43224,-18.800434,9.245616,-12.301397,7.4772725,-16.746778,-1.5762184,-11.183055,-15.13857,-9.650089,2.9260838,-14.586746,-4.6016593,-4.28062,-11.6896515,-6.565757,-1.3922004,-8.31388,-11.495763,-1.6196289,-5.3371954,-7.8034616,-5.3620415,-4.7070227,1.1056403,-1.6489944,1.0946002,1.092098,-0.3190007,1.4754648,-0.3196225,-2.3901255,2.5289247,-0.6183883,1.2085954,3.9952488,4.4110446,4.2685184,5.575911,disgust,2,c:\Users\Kacpiro Recenzje\Desktop\Studia\XAI_2026\data\raw\Actor_12\03-01-07-02-02-02-12.wav
-387.67587,82.84788,-10.894912,7.2371492,-2.745587,8.693676,-14.757564,-0.2585643,-9.238352,-10.019559,-3.4068968,-0.7799601,-9.3393345,-4.3860445,-4.2730236,-6.9851036,-5.4305706,-2.6032774,-8.109528,-7.649052,-2.0307484,-3.4902842,-3.6350782,-1.0646446,-1.3728548,2.0363493,-0.32000342,-0.42530134,-0.26615635,-0.1620964,-0.5795397,1.511274,0.90556943,2.2787747,0.9830962,-0.95686895,-0.34961662,-0.89522755,0.41244674,1.196191,surprise,7,c:\Users\Kacpiro Recenzje\Desktop\Studia\XAI_2026\data\raw\Actor_12\03-01-08-01-01-01-12.wav
-354.36765,79.181465,-6.1698985,9.534043,-0.20200428,9.405378,-8.238205,-0.2950436,-4.4722958,-7.166289,-4.3976974,1.6087624,-5.10259,-3.5638094,-1.7835356,-4.8956327,-1.7507471,0.6851962,-3.6378975,-3.1926444,2.1035504,0.4070567,-0.23192321,1.3728995,-0.12114337,1.8665355,-1.2595936,0.07057866,1.6290817,2.813503,2.9176593,2.4297364,0.69628894,1.8343805,2.1841505,1.682628,1.8824288,0.8409409,0.9194443,1.7420601,surprise,7,c:\Users\Kacpiro Recenzje\Desktop\Studia\XAI_2026\data\raw\Actor_12\03-01-08-01-01-02-12.wav
-369.84457,72.32412,-9.332257,10.051929,-1.3298571,8.894529,-11.045758,1.0437884,-9.996375,-9.88016,-3.2484093,-2.9889584,-7.5904975,-2.5119264,-4.1082144,-7.2283916,-3.5670452,-0.17494029,-5.439125,-7.8635755,-2.1813197,-2.319524,-3.799293,-3.6456351,-4.0201697,-2.320123,-5.081639,-4.278665,-3.5642986,-3.3336546,-2.448798,-2.3245673,-2.120143,0.29571784,1.0944037,2.4450433,3.6716828,3.1508791,2.881008,1.672943,surprise,7,c:\Users\Kacpiro Recenzje\Desktop\Studia\XAI_2026\data\raw\Actor_12\03-01-08-01-02-01-12.wav
-373.1555,75.13999,-8.178821,11.603417,-5.17709,8.803059,-13.895588,-0.6679151,-13.098435,-14.2530575,-5.821173,-3.8507495,-10.626667,-1.2148347,-5.846261,-10.020185,-6.1959696,-2.29291,-9.051487,-8.884177,-3.4014454,-6.9342694,-5.113794,-4.4924436,-5.065697,0.79738504,-1.7994412,-2.016106,-2.506658,-1.3431169,-0.51518923,1.1462086,1.0441313,1.7774483,0.7753679,1.8558244,1.9601748,2.4027925,4.0823245,5.432117,surprise,7,c:\Users\Kacpiro Recenzje\Desktop\Studia\XAI_2026\data\raw\Actor_12\03-01-08-01-02-02-12.wav
-342.3701,81.484215,-12.785391,6.222968,-4.6887217,8.93521,-14.1081915,-1.6708279,-13.196195,-9.654626,-1.962927,0.9906285,-7.045939,-0.2348445,-5.9087186,-7.138529,-3.6301448,-1.589585,-4.4308786,-2.6869628,-0.7477204,-0.9518227,-0.70467687,-0.6305149,1.5815822,3.9175117,0.35190627,2.8204334,2.2561646,0.7689564,0.8275486,3.0402818,0.59925574,1.6414062,1.6692935,4.044211,3.8459463,3.4097402,3.0997913,1.6111678,surprise,7,c:\Users\Kacpiro Recenzje\Desktop\Studia\XAI_2026\data\raw\Actor_12\03-01-08-02-01-01-12.wav
-348.03284,77.62233,-21.686382,5.822975,-5.3249936,5.499762,-18.025356,-2.7804258,-12.743943,-10.95325,-2.6119385,-0.7294684,-6.9341445,-3.2947695,-7.471342,-9.618232,-3.4016924,-1.1317413,-3.4553971,-1.8253728,0.6098897,-0.24399626,-0.08955567,1.0088371,-0.081277184,4.9038377,0.6112574,1.6395493,1.8776929,0.2624924,0.90737236,3.5882099,3.7602592,4.873246,5.8750944,8.83833,7.29587,5.4197183,3.5497005,3.1744184,surprise,7,c:\Users\Kacpiro Recenzje\Desktop\Studia\XAI_2026\data\raw\Actor_12\03-01-08-02-01-02-12.wav
-346.4059,74.76843,-6.114298,7.1896873,-4.3702316,5.325822,-13.834735,-5.232659,-10.498627,-11.544756,-3.4459648,0.8202699,-10.162744,-5.3691115,-2.4346087,-6.14729,-3.9734056,0.95227927,-4.117864,-5.6396074,-1.6815442,-2.794053,-4.503904,-3.9147222,-3.0739958,-0.7625978,-4.59325,-2.7670958,-1.0545933,0.7883238,1.4167345,3.1798458,0.9721301,2.8010008,3.167926,1.9083035,2.732621,2.528908,1.7319992,1.6395913,surprise,7,c:\Users\Kacpiro Recenzje\Desktop\Studia\XAI_2026\data\raw\Actor_12\03-01-08-02-02-01-12.wav
-369.54614,67.85671,-9.744733,3.8462052,-12.14817,5.8801622,-16.02925,-5.989612,-13.204034,-12.379588,-6.102451,-0.23028365,-11.7364855,-5.604692,-6.147379,-11.052636,-8.10964,-3.5729506,-10.160056,-9.436378,-2.792175,-3.596364,-3.8565652,-3.2764373,-2.0860417,2.2443461,-3.127667,-2.525399,-1.8676323,0.24813259,0.83339006,1.8596903,-0.57253724,0.24105132,0.3678734,1.2548326,1.9980246,1.2045072,0.107566185,0.58304536,surprise,7,c:\Users\Kacpiro Recenzje\Desktop\Studia\XAI_2026\data\raw\Actor_12\03-01-08-02-02-02-12.wav
-436.2183,78.20572,8.054894,9.74257,5.6867886,12.416931,-1.045078,1.3897182,-1.3424252,-2.4023452,-2.9008596,-0.3895572,2.5579925,-1.5628271,-0.19778767,4.490771,-0.72311056,-2.1214674,1.7225357,-0.8816927,-2.8304346,-1.4258746,1.6185447,0.4153374,-1.2239597,-0.5666278,-1.0266843,-0.5423059,-2.079256,-1.0465734,-0.88691574,-0.35806945,0.5579532,-0.85972863,0.76385975,-0.537079,-0.66420645,0.40908563,-2.2393792,-0.83266443,neutral,5,c:\Users\Kacpiro Recenzje\Desktop\Studia\XAI_2026\data\raw\Actor_13\03-01-01-01-01-01-13.wav
-446.42712,80.55704,10.174676,11.064362,4.9026384,11.71734,0.5841805,1.6808809,-2.7116976,-1.8942914,-2.6501257,1.4725151,2.1504097,-1.1689848,-0.50110275,5.3919396,-0.039481305,-1.901562,2.1129506,-2.0944219,-2.4676557,0.19539918,1.3791355,0.52369744,-0.85680497,-0.5019903,-1.5652124,0.10424972,-1.1457695,-0.7358701,-0.38220617,0.5792591,0.23795146,-0.9043523,0.93206227,0.11755631,-0.17859198,-0.077308685,-1.0396658,-0.14129354,neutral,5,c:\Users\Kacpiro Recenzje\Desktop\Studia\XAI_2026\data\raw\Actor_13\03-01-01-01-01-02-13.wav
-433.73572,73.38239,5.5316467,10.535496,4.1299696,13.165304,1.3687797,1.5948361,-3.3273373,-4.2423925,-2.4698873,0.88104045,3.7584567,-0.9445858,-0.78151536,5.4143887,0.06490989,-2.1927598,4.0751386,-0.55833745,-3.1441717,0.09371567,2.8144646,0.6041671,-2.4823728,-0.0335728,-0.8022512,-0.62199295,-1.3618296,-0.31107748,-0.73561734,0.019415917,0.62008655,-0.27475107,0.26018888,-0.36060518,-0.15515147,-0.07099208,-1.5802019,-0.24021105,neutral,5,c:\Users\Kacpiro Recenzje\Desktop\Studia\XAI_2026\data\raw\Actor_13\03-01-01-01-02-01-13.wav
-432.19687,75.4337,-1.458098,11.845279,4.184805,11.084784,0.23653017,0.76365703,-2.8778076,-4.288313,-5.331865,1.4836673,3.6573968,-2.8008645,-1.255138,5.116793,-1.5215396,-3.5164747,3.8015413,-1.7671905,-4.000311,0.40172893,2.811283,-1.4078256,-2.7348926,0.4658096,-1.6093596,-0.44594124,-1.65028,-0.7649098,-0.8377508,-0.42316616,0.51613295,-0.19917808,0.86967814,-0.45927092,-0.95710605,-0.11159565,-1.51829,-0.7504805,neutral,5,c:\Users\Kacpiro Recenzje\Desktop\Studia\XAI_2026\data\raw\Actor_13\03-01-01-01-02-02-13.wav
-383.1784,103.75943,11.7045555,15.957197,8.709339,17.014711,1.0476899,3.0466092,-3.2174695,-4.4468484,-2.0025406,-0.17656346,1.8762268,-4.526748,0.8935523,7.905393,-1.2929081,-2.0522513,3.1053016,-0.10687491,-3.493022,-1.4420322,1.9389341,-0.74673754,-0.8376369,1.1151898,-1.1714082,-0.3941256,-0.9642585,-0.5073515,-0.26887956,-0.05005121,0.60549426,-0.5559221,0.19934975,0.7994134,-0.5877398,0.5550692,-1.0046598,-0.46067804,calm,1,c:\Users\Kacpiro Recenzje\Desktop\Studia\XAI_2026\data\raw\Actor_13\03-01-02-01-01-01-13.wav
-438.34177,90.36976,7.238221,12.437965,5.9521646,14.678354,0.018460862,3.4445562,-2.2944863,-2.0249143,-1.9615715,-1.6356838,1.6058776,-4.517847,0.67053896,7.545339,0.042957984,-3.1799667,1.9241151,0.4849214,-3.5573604,-1.2867602,2.4156828,-1.2830198,-1.0759037,0.6477709,-2.1903932,0.51122236,-0.51821285,-1.2160366,-0.30531847,0.45088956,-0.0009088178,-0.9926603,0.31611887,0.0057787253,-0.73567116,-0.2086165,-1.3086925,-0.98450965,calm,1,c:\Users\Kacpiro Recenzje\Desktop\Studia\XAI_2026\data\raw\Actor_13\03-01-02-01-01-02-13.wav
-402.42728,82.44354,13.464719,18.973446,5.3316774,16.016718,1.7503378,4.8014035,-0.8759394,-4.4483695,-1.3188316,1.5104516,2.5431778,-2.683543,-0.64368904,6.747103,0.62413275,-2.6463544,4.1094747,-0.19554338,-2.5663066,-0.030815152,2.3048718,-0.40444058,-1.1202567,0.5511501,-1.0959404,1.3669373,-1.149346,0.11245971,0.20940556,-0.072966315,0.64017034,-0.97597617,0.9998985,1.4685864,-0.050304387,0.21971723,-0.9712003,-0.61242396,calm,1,c:\Users\Kacpiro Recenzje\Desktop\Studia\XAI_2026\data\raw\Actor_13\03-01-02-01-02-01-13.wav
-436.63394,77.272285,6.9681077,16.805765,4.600541,13.101715,0.35165924,3.6578262,-1.5614834,-5.7131367,-1.387706,1.256745,1.8572955,-1.0181797,0.19082636,6.3825207,0.8481684,-3.5626662,4.391663,1.3780138,-3.21242,0.43589613,3.1360612,-0.8612371,-2.0758185,-0.16233143,-1.3818951,0.92521375,-1.1153747,-0.6358009,0.004016389,0.08394931,0.4913223,-0.9115428,0.7535476,1.2456548,0.43747312,0.21453865,-0.9661928,-0.13296644,calm,1,c:\Users\Kacpiro Recenzje\Desktop\Studia\XAI_2026\data\raw\Actor_13\03-01-02-01-02-02-13.wav
-426.31094,86.64772,8.735583,15.464264,6.126432,16.85619,1.585186,3.0154653,-2.263479,-4.380697,-2.4499629,1.891035,3.8792925,-0.65407157,-0.44189513,4.8148184,-0.1575898,-2.6414425,1.2436378,-0.23052889,-2.2090564,-1.1619067,1.8724002,-0.51374906,-2.1221771,-0.29011762,-1.4536258,-1.0679255,-1.0469862,-0.08069224,-0.3279319,-0.67132425,0.62269974,-0.7178995,-0.71291924,0.94250035,-0.33346835,0.48651224,-1.1520944,-1.6711615,calm,1,c:\Users\Kacpiro Recenzje\Desktop\Studia\XAI_2026\data\raw\Actor_13\03-01-02-02-01-01-13.wav
-425.085,88.858185,7.0059347,9.768557,3.8474605,14.778703,2.0639367,1.8096147,-0.6946954,-4.768488,-3.5594254,-0.8015398,4.01574,-1.2547017,-0.5658527,4.8534904,-1.2790055,-3.1730819,2.261764,-0.95618314,-3.1327658,-1.9063452,-0.00010388963,0.15513578,-2.4622421,-1.1728183,-0.7725311,-1.8494114,-2.3529766,-0.5408426,0.7183796,-1.0693119,-0.40687653,-1.1984346,-0.9428501,-0.13331077,-0.94788617,0.12626135,-1.4129468,-1.411824,calm,1,c:\Users\Kacpiro Recenzje\Desktop\Studia\XAI_2026\data\raw\Actor_13\03-01-02-02-01-02-13.wav
-438.85803,75.290726,3.7578635,12.933824,6.7500887,12.760319,0.94190884,3.1411495,-0.7823401,-7.01587,-2.4734874,1.2114071,4.044308,-1.306677,0.6407886,5.5063457,-1.2779641,-2.6881013,3.5106578,0.46652588,-3.9530847,-0.5876161,1.8940644,-0.161373,-2.021158,0.615976,0.09803591,-0.36256385,-0.59107447,0.49612162,0.7691934,-0.5249266,0.25991812,-0.4420849,-0.18290637,0.5902705,0.44261733,0.18624501,-1.0100901,-1.0914288,calm,1,c:\Users\Kacpiro Recenzje\Desktop\Studia\XAI_2026\data\raw\Actor_13\03-01-02-02-02-01-13.wav
-436.4305,79.74598,4.194162,11.032777,6.270351,11.8744955,-0.6469972,3.0606844,0.29526943,-6.0490866,-3.0076537,0.9663597,2.442997,-1.7983737,1.6611075,4.369784,-0.94292897,-1.6673687,2.7772563,-0.5718805,-3.150898,-0.6129361,1.710941,0.21951126,-1.718703,-0.34644032,-0.67742866,-0.54947054,-2.1711962,-0.9132237,-0.0946783,-0.5580541,0.061610527,-1.3627589,-0.79620236,0.36232764,0.11194365,-0.27748972,-0.86379623,-0.5824233,calm,1,c:\Users\Kacpiro Recenzje\Desktop\Studia\XAI_2026\data\raw\Actor_13\03-01-02-02-02-02-13.wav
-424.62994,82.489876,-2.30997,8.158613,4.857898,12.923083,-2.2730467,0.068496324,-3.1945841,-4.9005256,-4.744422,0.42384842,3.902316,-3.5980165,-0.63993764,5.730693,-2.8712726,-3.8329165,1.7277445,-0.6320104,-4.678259,-0.6958466,2.3606558,-3.094185,-2.2770061,-0.8617027,-2.0468972,-0.87464535,-0.9048307,0.47368112,-1.3057367,-1.0832995,1.1521167,-0.54510355,-1.8518361,0.97336745,0.015298884,-1.2083926,-0.8489653,-1.0072441,happy,4,c:\Users\Kacpiro Recenzje\Desktop\Studia\XAI_2026\data\raw\Actor_13\03-01-03-01-01-01-13.wav
-429.5779,84.66449,-1.764865,10.073486,3.5969884,13.863317,-0.57894474,-0.8989297,-2.431585,-4.463051,-5.6619353,-0.4869084,3.9801762,-3.1268332,-2.1279545,5.591382,-2.1505172,-5.4691377,1.1522574,-0.5346831,-5.365185,-0.8536086,2.7757638,-2.3921933,-3.1425707,0.033661444,-1.626412,-1.0634813,-0.8213355,0.46360528,-0.41452748,-1.5466932,1.6904241,0.1351633,-1.6815869,0.9548003,0.48815933,-0.68686324,-1.6850523,-0.5868142,happy,4,c:\Users\Kacpiro Recenzje\Desktop\Studia\XAI_2026\data\raw\Actor_13\03-01-03-01-01-02-13.wav
-421.77188,74.349495,-1.8075999,12.600241,2.7200186,9.904757,1.4023119,-0.5696862,-4.2529106,-4.8398395,-5.3870544,-1.1031948,3.4947143,-3.8015826,0.16674805,4.679788,-3.3690705,-2.7315547,2.1194353,-2.8657572,-4.831819,1.2073771,0.7018573,-2.7078087,-0.7554343,0.5649807,-2.0408819,-1.3464643,-0.15213487,-0.3715831,-1.3428206,-0.07828376,-0.23413226,-2.079006,-0.744365,-0.15147911,-0.86231184,-0.70528394,-1.5892929,-0.31611776,happy,4,c:\Users\Kacpiro Recenzje\Desktop\Studia\XAI_2026\data\raw\Actor_13\03-01-03-01-02-01-13.wav
-417.27615,77.67931,-6.3986073,14.501773,0.10605757,10.23368,0.5774532,-1.4476007,-9.799331,-4.279256,-6.2124987,-3.886914,3.7392917,-4.5995884,-3.4771886,4.419728,-4.1190696,-5.213281,1.7414918,-2.9309156,-6.533598,-0.45684707,0.61038035,-2.6392474,-2.7519946,0.6438184,-3.7886512,-1.2434781,-1.9609572,-0.8101825,-1.6548644,-0.4231272,-0.0058065644,-1.3321416,0.117167234,0.6973847,0.24507234,0.68196416,0.11808171,1.5495541,happy,4,c:\Users\Kacpiro Recenzje\Desktop\Studia\XAI_2026\data\raw\Actor_13\03-01-03-01-02-02-13.wav
-383.6327,86.271675,-6.2231045,7.9256573,6.9617424,14.391378,-0.88709,-3.9140842,-6.579163,-2.3623703,-6.767031,0.41595048,3.2802951,-5.1450195,-4.6839685,6.82401,-3.6314814,-3.6789217,2.1330414,0.81604534,-5.9325304,-1.5479479,2.217937,-1.4676888,-3.5939684,0.41082948,-0.43529034,-1.5227969,-3.0542145,0.49369466,0.080909915,0.12620036,0.5472233,-0.3141907,-1.194763,0.2846743,0.31620038,0.8117161,-1.8718219,-0.7504754,happy,4,c:\Users\Kacpiro Recenzje\Desktop\Studia\XAI_2026\data\raw\Actor_13\03-01-03-02-01-01-13.wav
-353.7811,91.25931,-9.571013,13.692316,-5.7107854,11.037659,-3.8796892,-6.852705,-13.218476,-2.2082176,-10.045148,-5.885415,0.5136079,-6.8345685,-8.268472,0.5487615,-6.653828,-6.749148,-2.450379,-3.9328666,-8.2544775,-4.0953264,-1.0652975,-1.1207799,-5.133579,-2.6362798,-2.7834218,-1.6540045,-5.1118407,-2.694259,-1.0954043,-0.23235564,-0.8487602,1.7857578,2.0176685,2.8737788,1.8317285,2.093607,1.0473592,2.5354555,happy,4,c:\Users\Kacpiro Recenzje\Desktop\Studia\XAI_2026\data\raw\Actor_13\03-01-03-02-01-02-13.wav
-363.75137,62.680122,-14.441702,11.916975,-11.824125,2.4985316,-3.3524287,-6.501333,-13.720543,-3.3964822,-8.519093,-5.678664,-0.75721943,-4.9663434,-7.440674,-0.24134445,-6.5558953,-6.588983,-1.5391506,-5.0925198,-6.2885294,-1.4747753,1.0194422,-2.8359015,-2.823941,-1.57932,-3.2915604,-1.8610795,-2.1749043,-2.0241058,-0.124817595,3.0623164,2.3112042,4.173394,5.3647075,5.314122,4.279889,2.5819888,0.17980811,0.77810633,happy,4,c:\Users\Kacpiro Recenzje\Desktop\Studia\XAI_2026\data\raw\Actor_13\03-01-03-02-02-01-13.wav
-385.95605,67.77269,-12.974816,11.116565,-9.305136,2.146242,-3.082105,-5.5297117,-11.424713,-3.458098,-7.276808,-5.1722383,-0.1565435,-4.2024055,-6.772725,0.22744581,-4.2466135,-5.898407,-2.0068254,-2.8788962,-7.5069695,-1.5304985,0.22993301,-4.312413,-5.299417,-2.4814794,-2.9041853,-2.1149144,-2.7680974,-2.2740436,-1.0968264,0.8381878,0.36453652,1.5744065,4.2431746,4.5870304,5.033614,5.5111656,3.2624607,2.3689008,happy,4,c:\Users\Kacpiro Recenzje\Desktop\Studia\XAI_2026\data\raw\Actor_13\03-01-03-02-02-02-13.wav
-364.7862,99.20898,19.09462,22.637573,5.1210556,17.449528,0.053221576,4.6443977,-3.671374,-1.7326268,-0.3956931,0.58863395,2.9809122,0.16354565,-1.8603616,4.624613,-0.2325684,-0.63521755,4.5106554,-1.0917375,-2.9845946,-0.32312924,0.7669837,0.04009542,-1.8570395,-0.89928526,-3.3623364,-0.86903936,-1.6728098,-1.6020563,-1.0894706,-0.08258078,-0.2955302,-1.0223112,0.065257326,-0.263715,-0.9756832,-0.22754675,-0.69549376,-0.59818935,sad,6,c:\Users\Kacpiro Recenzje\Desktop\Studia\XAI_2026\data\raw\Actor_13\03-01-04-01-01-01-13.wav
-353.01794,100.89412,14.218781,21.513174,4.902709,18.776312,0.5058777,0.85834694,-8.1835575,-2.7179708,-0.780622,-0.1557062,1.9113904,-2.386673,-4.266558,6.267131,0.46859568,-1.1001447,2.0032074,-2.0421834,-3.414078,-1.1149462,1.6217611,-1.0832244,-2.6684592,-0.28667802,-2.820399,-1.7945524,-1.9452119,-1.1147152,-1.3153813,0.5861426,-0.035725344,-1.1062834,0.5266035,-0.053946916,-0.6153352,0.6781766,-1.7926122,-0.59415567,sad,6,c:\Users\Kacpiro Recenzje\Desktop\Studia\XAI_2026\data\raw\Actor_13\03-01-04-01-01-02-13.wav
-389.37103,91.627464,15.688733,17.28161,4.9917297,16.87537,0.10361638,2.4040866,-5.323822,-1.3982025,-0.4384955,-0.68266493,1.3941523,-1.0919982,-1.4248773,3.997676,-1.3636174,-1.0462084,2.9749017,-2.6360762,-2.73681,-0.7485482,1.1494251,-0.2566068,-1.7236634,-1.2037872,-3.2348826,-0.218538,-2.2470958,-1.5775352,0.1785439,-0.15436992,-1.0064354,-0.3406572,0.8642175,0.17681473,-0.10575937,-0.21261716,-0.24976203,-0.16842614,sad,6,c:\Users\Kacpiro Recenzje\Desktop\Studia\XAI_2026\data\raw\Actor_13\03-01-04-01-02-01-13.wav
-413.52774,86.99538,13.962428,17.248362,3.1247878,14.216332,-1.3963675,0.5815497,-6.9846115,-2.9610388,-2.2550092,-0.55940485,1.7801639,-3.0641716,-1.1748642,5.336761,-0.007972717,-1.6841668,2.474264,-1.8467577,-3.4879262,-0.6029966,2.0856142,-0.97349215,-3.076784,0.008819472,-2.7802613,-1.454537,-2.2036145,-2.41615,-0.25637043,0.19679038,-0.7807425,-1.4206209,-0.29674086,-0.08461377,-0.43140483,-0.820843,-0.9590888,-1.5764625,sad,6,c:\Users\Kacpiro Recenzje\Desktop\Studia\XAI_2026\data\raw\Actor_13\03-01-04-01-02-02-13.wav
-399.93677,92.5429,4.342711,13.7196,6.9634333,14.039614,-2.2524135,-0.69857234,-7.10345,-2.702375,-3.3140724,-2.230748,1.2546566,-2.9276054,-1.7850027,5.4937406,-1.2784323,-2.6983147,5.1000977,-0.976767,-4.1395006,-1.1643022,2.0868266,-0.14301509,-1.173364,0.5069092,-2.0582561,-0.17504634,-2.136565,-0.96469605,1.714541,-1.008555,-1.1834906,-0.38137662,0.05844549,-0.34756115,-0.1317886,0.55382043,-0.15928431,-2.100576,sad,6,c:\Users\Kacpiro Recenzje\Desktop\Studia\XAI_2026\data\raw\Actor_13\03-01-04-02-01-01-13.wav
-365.1758,81.14926,11.153005,18.20289,8.662339,13.525781,0.5793465,-0.7015764,-6.741587,-0.2286034,-0.27111393,-1.9238701,1.4440252,-1.0932046,-1.6714157,3.7888339,-1.0775249,-0.35486802,3.3510673,-1.1625135,-3.1648448,0.27309522,0.8837048,-1.0141454,-1.6353276,-0.9109207,-3.1500866,-1.0761682,-1.1080489,-1.8161796,0.77328056,0.72048086,-0.27989483,-0.27799657,-0.26698247,-0.124739654,0.075210325,0.23673773,-0.5955551,-2.0208561,sad,6,c:\Users\Kacpiro Recenzje\Desktop\Studia\XAI_2026\data\raw\Actor_13\03-01-04-02-01-02-13.wav
-381.53647,85.722305,17.605011,17.27226,1.4665923,15.092332,-1.2897232,2.7643993,-4.5877166,-1.4427755,-3.1457388,-2.4837565,2.3313563,-0.50299895,-1.4011936,6.115936,-0.2521055,-1.8942815,2.8911154,-2.453754,-2.91421,-0.5696623,1.1556836,-0.37820548,-3.732675,-1.3852538,-2.1160283,-0.43587464,-2.1162727,-1.2664726,0.27495342,-0.8824589,-1.4461203,-0.08077183,0.21640436,-0.2998641,-0.42242587,-0.03876609,-0.52202547,-1.3244599,sad,6,c:\Users\Kacpiro Recenzje\Desktop\Studia\XAI_2026\data\raw\Actor_13\03-01-04-02-02-01-13.wav
-380.8959,79.36558,17.973242,24.711567,8.588004,19.470354,0.8695975,6.291671,-2.1124704,1.5960056,-0.57892746,-0.12810424,1.2277445,1.04157,-1.9813235,4.6524706,-0.76970714,-0.715562,2.062391,-2.342729,-2.6723511,-0.006858501,1.2059771,0.21574435,-3.750044,-1.5151129,-2.8117027,-1.35968,-2.3700426,-1.1810943,-0.9797544,-1.198156,-1.5617286,-0.41477144,0.18529218,0.29237032,-0.23999462,1.4774909,-0.21426322,-0.55677295,sad,6,c:\Users\Kacpiro Recenzje\Desktop\Studia\XAI_2026\data\raw\Actor_13\03-01-04-02-02-02-13.wav
-387.3361,84.00331,-2.462434,11.97358,5.0442944,10.845506,-6.748716,2.0152395,-3.9076638,-3.2643783,-8.594037,-1.6332662,-0.20732296,-4.387746,-0.55835617,6.2452307,-4.230841,-0.12600522,3.2853591,-3.8524966,-3.2168958,-2.8388474,-0.18675806,0.01354856,-1.7562957,-0.49416536,-1.6538923,-0.13373065,-2.350895,-2.1536083,-0.86200744,-1.1885461,-0.876055,-0.37731105,-0.85043496,-0.4003494,-0.6231857,-0.071019545,-1.5924914,-0.5940549,angry,0,c:\Users\Kacpiro Recenzje\Desktop\Studia\XAI_2026\data\raw\Actor_13\03-01-05-01-01-01-13.wav
-357.77628,81.81336,-6.7662816,12.404235,1.2930392,8.365264,-6.3996296,0.16915677,-4.242567,-4.497202,-8.364169,-1.4114354,0.3323711,-5.0081935,-1.6648716,4.489018,-3.2512338,-2.5953968,3.390497,-3.1284387,-4.652225,-1.2255366,0.24172094,-1.8703947,-2.4722784,-0.04802471,-2.6967783,0.34611836,-1.5883459,-2.8852768,-0.78652394,-1.6371174,-1.6243135,-0.9973335,-0.7869276,0.39689463,-1.6995504,-0.49960545,-1.3986816,-1.3675978,angry,0,c:\Users\Kacpiro Recenzje\Desktop\Studia\XAI_2026\data\raw\Actor_13\03-01-05-01-01-02-13.wav
-365.12527,81.812805,-5.085252,12.7582035,4.049912,11.43989,-5.0828996,-1.3298252,-3.4427867,-6.3043246,-13.085788,-1.7573848,0.6577381,-6.8916802,-2.1452854,5.4293013,-2.9028373,-2.7932785,1.2686822,-3.4883583,-4.8972116,-2.0341806,-0.6334283,-2.8418198,-2.5668998,-1.495728,-2.6483111,0.18339731,-1.5372895,-2.9078827,-1.7334106,-0.7062067,-1.7651298,-2.3289795,-1.1545914,-0.9146919,-1.9900824,-0.18350084,-1.9650587,-1.7074426,angry,0,c:\Users\Kacpiro Recenzje\Desktop\Studia\XAI_2026\data\raw\Actor_13\03-01-05-01-02-01-13.wav
-378.86603,71.549446,-7.199833,10.163921,2.6285214,7.5826035,-5.738159,-2.1356618,-5.659934,-7.324722,-11.715716,-3.344293,-0.033571392,-6.751918,-3.042251,3.3460162,-3.097845,-3.8578682,1.3632382,-3.340616,-5.8843546,-1.7722396,-0.26771557,-2.3741684,-2.8287642,-0.8560092,-3.2035851,-0.89322406,-2.7826192,-4.4358664,-1.666051,-1.6127884,-3.2658749,-3.2153907,-1.8018297,-1.9271187,-3.3318472,-0.8313552,-2.225206,-1.9264615,angry,0,c:\Users\Kacpiro Recenzje\Desktop\Studia\XAI_2026\data\raw\Actor_13\03-01-05-01-02-02-13.wav
-345.66992,47.31,-21.252846,6.8572073,-9.997751,-2.5837698,-8.504709,-6.122325,-8.090644,-3.545797,-8.46324,-3.8977587,-1.2272384,-2.0577958,-8.053716,0.5682012,-3.5756602,-6.423452,-4.842649,-4.2492423,-7.7329984,-4.674373,0.3649962,2.3757124,6.086688,10.825463,9.206524,8.506528,3.143029,2.1003404,3.3137574,4.222311,1.5304923,3.7692223,1.1915638,0.86768556,0.5754433,2.9249914,2.8819098,1.436825,angry,0,c:\Users\Kacpiro Recenzje\Desktop\Studia\XAI_2026\data\raw\Actor_13\03-01-05-02-01-01-13.wav
-322.88705,77.534355,-10.958147,15.09779,-1.4596709,8.810409,-11.916303,-4.661572,-2.9100857,-0.6510043,-9.504361,-0.45241606,0.006307345,-3.9007998,-6.8843594,3.883306,-2.763936,-5.250675,-0.67506105,-2.5327127,-7.0538073,-4.5317016,-0.5729521,-3.1637542,-4.658767,0.75902283,-0.40147367,1.0196203,-0.2540006,2.6187136,3.2518353,3.3495657,1.4364971,2.710193,1.8176196,1.783154,2.7396383,5.5454354,3.0157704,3.1883955,angry,0,c:\Users\Kacpiro Recenzje\Desktop\Studia\XAI_2026\data\raw\Actor_13\03-01-05-02-01-02-13.wav
-364.5068,56.3428,-23.294436,8.926658,-14.084585,-0.477062,-8.737705,-5.6203194,-9.724791,-3.8381226,-11.382587,-4.1622543,-0.48338795,-1.2063173,-6.2165027,2.2016442,-4.5175495,-6.261053,-4.614345,-5.6615014,-8.663885,-4.26981,-2.1694574,-1.8696843,-0.3107631,4.70675,4.892081,6.8263035,5.000298,6.5253716,6.3195896,6.984629,3.0514152,3.1165135,0.65762264,0.92316216,1.4142787,2.6172662,1.9245847,2.2848294,angry,0,c:\Users\Kacpiro Recenzje\Desktop\Studia\XAI_2026\data\raw\Actor_13\03-01-05-02-02-01-13.wav
-292.76932,51.586834,-37.13137,8.738214,-26.798681,-9.860353,-13.249657,-7.385848,-14.081751,-3.7364697,-11.247077,-6.43764,-2.3102856,-2.303472,-11.705843,-4.025597,-10.267427,-9.817431,-11.62428,-8.938234,-3.142957,5.553283,10.719712,11.590416,12.64895,10.190754,2.9119534,3.8358474,0.07943187,1.1167233,3.381711,2.582866,-1.4438055,1.4117913,-0.6379097,2.3572466,0.40399033,-1.7548459,-3.1853878,-0.77305925,angry,0,c:\Users\Kacpiro Recenzje\Desktop\Studia\XAI_2026\data\raw\Actor_13\03-01-05-02-02-02-13.wav
-439.36197,72.15208,6.134116,14.034334,3.5685954,13.024378,-0.93006396,-0.7681623,-4.0668654,1.5025654,-3.5399115,1.0230277,1.1935873,-1.9901309,-3.4974487,4.0105247,-0.26645368,-0.6300214,2.2603824,-1.0003903,-1.8664259,-0.576746,2.3916621,1.0809379,-2.7290537,0.07757046,-0.84640473,-0.034130555,-1.9058249,-0.68519634,-0.42234915,0.026585571,0.1522982,0.15266906,-1.2968831,-0.48611265,-0.24571736,0.14952138,-0.9465795,-0.9775981,fear,3,c:\Users\Kacpiro Recenzje\Desktop\Studia\XAI_2026\data\raw\Actor_13\03-01-06-01-01-01-13.wav
-404.64337,68.18121,7.755874,19.527458,4.376258,14.642393,0.7216993,3.2989779,-2.19192,3.6381783,-0.035080604,1.7961949,2.671771,-0.014274705,-1.8232745,3.577341,-0.9913756,0.9230799,2.7444208,-0.090591215,-0.8578862,0.35153538,1.7266098,1.45541,-1.2377449,0.08353613,-1.0983887,0.37846458,-1.9166234,-1.4091825,-0.7653255,0.53731185,-0.58651936,0.21177693,0.38449934,-0.080422856,0.31980062,0.3359643,-1.578499,-0.18356107,fear,3,c:\Users\Kacpiro Recenzje\Desktop\Studia\XAI_2026\data\raw\Actor_13\03-01-06-01-01-02-13.wav
-385.37286,66.26813,4.19741,14.579067,2.0580544,12.895245,-2.244441,0.26554698,-3.9926982,0.22059962,-5.3299856,-0.43369582,1.5380119,-2.9962485,-1.9020622,4.6413713,-1.9733484,-2.691343,0.6210561,-3.1326694,-3.2857208,-0.79274756,1.0367081,0.08590247,-3.033494,0.048390273,-1.7770592,-0.40529272,-1.5698409,-1.1783646,-0.9050562,-0.11812237,-0.6247025,-1.0686538,-0.64305574,-0.18382339,-0.31459662,-0.8377257,-2.386214,-1.4336753,fear,3,c:\Users\Kacpiro Recenzje\Desktop\Studia\XAI_2026\data\raw\Actor_13\03-01-06-01-02-01-13.wav
-391.79102,75.88939,4.7770348,15.982823,3.3380394,12.805317,-0.51523983,1.3545245,-2.8708491,0.73081666,-5.1707926,2.540426,4.327863,-1.0287871,0.2815106,6.036886,-0.43401754,-1.8948574,1.8610898,-1.6762289,-2.9971218,0.980872,2.1595123,-0.104294255,-2.730034,-0.124474816,-0.4132999,-0.42153606,-0.925487,-1.2868721,-0.7103832,1.0248235,-0.39295402,0.5252443,0.0005849202,0.35266638,0.1120945,-0.52738583,-1.326561,0.043736883,fear,3,c:\Users\Kacpiro Recenzje\Desktop\Studia\XAI_2026\data\raw\Actor_13\03-01-06-01-02-02-13.wav
-409.30182,72.5735,5.717508,18.729313,1.3059764,12.920999,-1.9625602,1.7101512,-3.9110527,2.152624,-3.8690996,0.09100234,1.1171372,-0.8379989,-3.8165226,3.5564504,0.48422274,-0.14672185,0.41487017,-1.2148206,-1.5108932,-0.36908364,0.64897406,0.48100778,-2.2304146,0.253266,-1.37506,-0.20497997,-1.5286705,-1.4184984,-0.42104298,0.62181425,-1.0318086,-0.65879464,-0.5002292,-0.26700807,-0.6680164,0.39190954,-0.6003245,-0.0013221038,fear,3,c:\Users\Kacpiro Recenzje\Desktop\Studia\XAI_2026\data\raw\Actor_13\03-01-06-02-01-01-13.wav
-400.34613,51.536827,-8.544139,9.194644,-4.5362473,4.9054794,-7.719827,-4.7074795,-8.570101,0.6740992,-5.8865986,-4.4428844,-2.7598152,-1.9488859,-7.0424967,0.37213236,-3.0735295,-2.9996939,-2.1481943,0.29817936,-1.72805,0.5333196,2.7795646,2.3585203,0.77997744,3.0532343,1.6092834,4.9567895,3.023267,1.709401,3.8069177,4.773539,1.9227126,2.9654546,2.5027008,2.3014393,0.7245454,1.6317375,1.6433954,2.2047105,fear,3,c:\Users\Kacpiro Recenzje\Desktop\Studia\XAI_2026\data\raw\Actor_13\03-01-06-02-01-02-13.wav
-355.88846,59.667816,-4.787511,10.419485,-6.6409755,4.703373,-8.060091,-4.878715,-6.6405144,-2.1534212,-9.26732,-3.8149276,-1.5831819,-3.8778162,-7.507927,1.4073335,-4.3552947,-6.6872687,-3.1006715,-1.8409934,-5.9369555,-2.4187047,-0.5884501,-3.5520737,-4.402136,-2.1845808,-3.2909641,-2.105678,-3.1465394,-0.7068016,1.3499756,2.6350076,1.5105184,3.4776974,4.078305,2.5279186,1.4756399,2.4722333,1.1672204,2.549,fear,3,c:\Users\Kacpiro Recenzje\Desktop\Studia\XAI_2026\data\raw\Actor_13\03-01-06-02-02-01-13.wav
-380.06183,70.66711,4.143641,16.059473,3.8859382,13.975738,-0.7134145,1.2028809,-2.5828831,0.3034175,-5.1260023,0.3174896,0.82048905,-3.3718996,-2.1326427,3.4278352,-1.7153381,-0.46072784,2.4104133,-2.6164517,-2.8549619,-0.049495127,2.3068993,0.65531856,-1.9745383,-0.91210616,-2.4846363,0.16454093,-2.2532742,-1.5051932,-0.6494504,0.15456355,-1.0502577,-0.7923887,0.12369597,-0.27774662,-0.5321065,-0.069728985,-1.9004586,-0.2223314,fear,3,c:\Users\Kacpiro Recenzje\Desktop\Studia\XAI_2026\data\raw\Actor_13\03-01-06-02-02-02-13.wav
-416.6081,85.134514,7.111325,14.230926,7.5919538,14.064217,-1.248528,4.686412,-1.5525626,-2.138452,-1.0049781,1.7656895,2.376703,-1.2744138,2.2984972,5.853393,-0.9652593,-0.50228715,3.628307,-1.8013653,-1.8916888,0.8376526,1.6777506,-0.9155678,-0.011826428,-1.2339892,-2.8502069,0.0033674848,-1.0242201,-0.13063543,-0.90472823,0.7576266,0.5245538,-1.2100718,0.17190647,0.43898597,-0.7018522,0.4715167,-1.107082,-0.040572956,disgust,2,c:\Users\Kacpiro Recenzje\Desktop\Studia\XAI_2026\data\raw\Actor_13\03-01-07-01-01-01-13.wav
-423.69858,85.764626,6.086675,15.580959,6.7854357,11.622945,-2.9693673,5.6322966,-3.3294032,-1.0036054,-0.9581365,2.4261835,3.0471983,-0.49445388,1.6262261,5.4995193,-1.1393347,-0.2806752,4.045182,-2.3583667,-2.0286674,0.46294993,0.60229707,-0.6239345,0.0879333,-2.3369002,-3.200905,0.8977054,-0.9503995,-1.2823553,-0.097847685,-0.13280582,-0.6179781,-1.423674,0.60196894,0.15706193,-0.90237015,0.5097602,-0.72088975,0.34523776,disgust,2,c:\Users\Kacpiro Recenzje\Desktop\Studia\XAI_2026\data\raw\Actor_13\03-01-07-01-01-02-13.wav
-401.52576,83.94326,11.505829,16.944986,4.9255786,16.48902,-1.33844,4.582334,-4.0748477,-0.100774996,-0.88903534,2.0381875,2.473644,0.24252422,-0.09824136,5.525376,-1.3188641,0.21329154,2.5370197,-3.3275416,-1.0930746,0.40637895,1.2960986,0.017447695,-0.27483174,-1.7176566,-3.530319,0.38674274,-2.0407023,-1.2956915,-1.0597341,-0.1321714,-0.0011018794,-0.97847915,0.2226195,0.55114543,-0.94425154,-0.017009985,-0.8506612,-0.5878305,disgust,2,c:\Users\Kacpiro Recenzje\Desktop\Studia\XAI_2026\data\raw\Actor_13\03-01-07-01-02-01-13.wav
-415.85715,79.104454,8.953536,17.012484,2.2074904,11.419448,-3.1651373,1.9758296,-5.011491,0.32824123,-2.1594076,-0.6628721,2.2387474,-0.5677933,-0.38060918,4.4653416,-2.7376933,-0.55785286,1.4931281,-2.1801062,-2.76422,0.6136846,1.6609765,-0.21848086,-2.4946434,-1.2049474,-2.3271496,-0.59754854,-2.6952143,-0.97197163,-0.4031084,0.5674159,-0.6075887,-1.7038147,-0.6906705,-0.8585038,-0.981067,-0.17009133,-1.746544,0.016652621,disgust,2,c:\Users\Kacpiro Recenzje\Desktop\Studia\XAI_2026\data\raw\Actor_13\03-01-07-01-02-02-13.wav
-418.87863,77.187096,5.5542293,17.940804,2.3014681,12.617074,-5.651055,0.115005605,-4.9042163,0.5906237,-2.4212487,-0.31957224,1.3154057,-1.4898525,-2.5061,2.8465524,-3.3756068,-0.7098066,1.6737418,-2.7146008,-2.4122517,0.69777155,0.53825957,-1.4520047,-2.55229,-2.8765519,-2.9627652,-0.596881,-2.1109827,-3.103824,-0.52817386,1.0012883,-1.4751276,-0.53795314,0.25116333,0.64422005,0.42619517,0.75123364,-0.31731215,0.575716,disgust,2,c:\Users\Kacpiro Recenzje\Desktop\Studia\XAI_2026\data\raw\Actor_13\03-01-07-02-01-01-13.wav
-382.19278,97.26391,6.793057,16.084684,4.6580353,11.42832,-5.399033,1.7562418,-9.090055,-3.495571,-4.7559366,-0.5832201,0.48176855,-2.7838616,-1.3373246,4.600137,-4.9171543,-3.5256534,2.3278537,-2.9883544,-2.5720475,0.5400059,0.18896256,-1.7227343,-1.1089419,-2.0452971,-4.6096478,1.1639904,-1.2811526,-3.1355271,1.1363358,0.75126797,-0.41256377,-0.96661866,0.18236731,1.0119563,-0.4694852,0.45541328,0.5424669,1.2962679,disgust,2,c:\Users\Kacpiro Recenzje\Desktop\Studia\XAI_2026\data\raw\Actor_13\03-01-07-02-01-02-13.wav
-389.37152,84.08472,18.69977,17.249577,2.3990948,13.580766,-3.3400242,7.4352813,-4.6629395,0.6614685,-3.4630113,0.76473296,0.50705117,0.25639406,0.39870185,6.4033284,-1.8333849,0.4091373,2.1018634,-1.385579,-1.3119318,0.79429334,2.0170386,-1.2648689,-1.7155539,-0.93580204,-2.9298978,-0.47275278,-0.97471154,-1.2664083,-1.433713,0.8384207,-0.83516526,-1.4433408,-0.1185211,0.2493025,-1.9111731,0.5086905,-0.7135884,0.6486843,disgust,2,c:\Users\Kacpiro Recenzje\Desktop\Studia\XAI_2026\data\raw\Actor_13\03-01-07-02-02-01-13.wav
-374.23764,88.54893,10.699241,13.194356,3.6277783,10.416303,-3.6363192,2.4962943,-4.9545197,-0.8740444,-4.4977612,-1.7945517,3.3191,-1.5828602,-1.6526644,5.589429,-2.3474424,-0.6679245,1.4810159,-2.7610369,-1.6090823,-1.9774876,2.0658798,-0.8412982,-1.4713637,-1.3079317,-1.348352,-0.68011075,-2.7643113,-0.48784676,-1.0790681,-0.5003864,0.13698027,-0.7869559,0.3419453,-0.293,-1.0367179,0.4431801,-0.55803406,-0.564205,disgust,2,c:\Users\Kacpiro Recenzje\Desktop\Studia\XAI_2026\data\raw\Actor_13\03-01-07-02-02-02-13.wav
-378.4146,79.19895,-1.9227884,10.041165,-4.768629,6.287553,-3.9991255,-2.58279,-11.394032,-3.3243504,-5.2072635,-3.144433,-0.2821264,-3.767946,-3.4800887,0.81410307,-5.293877,-3.9573827,0.36594465,-3.0185828,-5.3306885,-1.4790491,0.5605488,-0.7012323,-1.3128794,-0.7725948,-3.7850714,-1.093611,-1.7383811,-2.1927788,-0.35789776,1.7096136,-1.3476002,-0.4141774,0.57905805,0.48526087,0.035231084,1.9572992,0.57020247,1.7370951,surprise,7,c:\Users\Kacpiro Recenzje\Desktop\Studia\XAI_2026\data\raw\Actor_13\03-01-08-01-01-01-13.wav
-392.60568,71.777725,-0.68213713,11.105775,-4.585625,7.6768713,-0.039608028,-0.749164,-4.476708,-2.7547243,-5.072708,-3.3773892,3.7706342,-2.419225,-3.7280092,1.3031276,-3.3553245,-2.4057531,-1.2261803,-2.5895624,-3.5715766,-3.324758,-0.19537981,0.11615428,-4.499807,-0.93388075,-0.25085032,-0.23737887,0.97060955,1.0718652,2.4202971,3.3607898,0.91159654,0.7205554,0.7053564,-0.22698158,0.31088457,1.1431487,0.7015841,1.884771,surprise,7,c:\Users\Kacpiro Recenzje\Desktop\Studia\XAI_2026\data\raw\Actor_13\03-01-08-01-01-02-13.wav
-414.0025,75.6492,-0.2868436,14.635778,-1.6392448,7.3224726,-1.3775772,-0.8042901,-5.5482607,-4.773849,-4.1267686,-2.8499632,2.519072,-3.7959309,-2.4342153,2.0264623,-1.995407,-2.0094898,0.03190748,-3.11522,-4.503025,-0.739791,0.019972889,-1.0063492,-2.796527,-1.0756336,-1.8754158,-1.6765527,-1.9917918,-1.1058311,-0.35143808,0.33793077,-0.4736555,-0.104378395,0.8692862,-0.0024186803,0.8239665,1.8665146,1.4596615,1.2323773,surprise,7,c:\Users\Kacpiro Recenzje\Desktop\Studia\XAI_2026\data\raw\Actor_13\03-01-08-01-02-01-13.wav
-412.24844,65.415146,-3.1710644,13.486991,-1.7987157,5.767819,-1.5080376,-0.77385914,-5.363384,-4.0950227,-2.3605735,-4.37099,1.4646162,-3.0184677,-2.3625958,1.2506,-1.6025339,-1.1952987,-0.7346885,-2.9257805,-4.2995605,-1.3224787,0.616189,0.52399486,-0.7684099,1.1560478,-0.20497137,-1.0835754,-0.7857008,-1.6106035,-0.87128,0.4674161,-1.504303,-0.4018123,0.030421183,-0.4986697,0.90076107,2.2526653,3.7223835,4.6288652,surprise,7,c:\Users\Kacpiro Recenzje\Desktop\Studia\XAI_2026\data\raw\Actor_13\03-01-08-01-02-02-13.wav
-416.00003,71.5832,-5.2791533,13.743219,-1.7640795,9.107424,-3.948663,-2.5789423,-6.3931384,-1.2305034,-4.3201265,-2.3305929,1.418541,-3.743785,-5.4296346,0.7029219,-3.516455,-3.5821288,-0.71775603,-1.2201849,-2.186635,-0.8672698,1.70544,2.6634114,-1.6905508,0.8237978,0.67133176,-0.32859477,-2.3398662,-1.3533742,0.1562322,-1.1069552,-0.9629449,1.3546915,-0.97144246,0.5887527,1.561916,0.044009283,-0.51636016,-0.018281111,surprise,7,c:\Users\Kacpiro Recenzje\Desktop\Studia\XAI_2026\data\raw\Actor_13\03-01-08-02-01-01-13.wav
-395.32077,71.006744,6.0999236,13.607888,2.806609,13.60231,0.51998514,0.81971705,-5.8385034,0.8838056,-2.1006856,-0.43672982,0.8798167,-0.61337864,-1.3980412,2.8439233,-1.3915331,-2.2670207,0.6906656,-1.3691381,-1.9535607,-0.45948514,1.9090093,0.8586244,0.161238,1.6183965,-0.30813307,1.103486,-1.8021443,-0.6768134,0.781859,0.38023388,0.66377693,1.8677392,1.0337999,1.0663284,0.2503755,1.2201557,0.45806262,0.21935613,surprise,7,c:\Users\Kacpiro Recenzje\Desktop\Studia\XAI_2026\data\raw\Actor_13\03-01-08-02-01-02-13.wav
-356.75586,70.89154,0.5243656,12.588945,-3.3775184,11.007617,-1.7849025,-0.7363357,-8.211132,-1.5974411,-6.312039,-0.6817762,-0.75965136,-3.7037268,-3.6185338,3.0926378,-4.392696,-3.9369953,1.8581127,-2.1350834,-5.5891466,-0.5627487,1.6067059,-1.5898995,-2.0199442,-1.1818014,-2.7845426,-0.35375863,-1.3199002,-1.9682708,-0.5644574,-0.03399396,-1.9774903,-0.92967373,-0.3730037,-0.57541305,-2.1306493,-0.5884645,-1.2179594,-0.5619354,surprise,7,c:\Users\Kacpiro Recenzje\Desktop\Studia\XAI_2026\data\raw\Actor_13\03-01-08-02-02-01-13.wav
-388.9981,67.01468,1.1840465,11.54064,-2.588381,8.885214,-2.255741,-0.045930795,-7.3911114,-1.5533115,-6.95032,-1.4310281,-2.3742595,-3.6058538,-4.219288,0.13641872,-5.066939,-3.185885,0.08914988,-3.5141985,-3.5338075,-0.1323766,0.5453433,-0.8040493,-3.2138808,-2.4499571,-3.156265,-0.23239699,-1.4424192,-1.7810253,-0.09373504,-0.6119473,-2.3077574,1.3220292,-0.9782266,-0.5905659,-0.37889937,-0.9257726,-1.6674415,-0.5628166,surprise,7,c:\Users\Kacpiro Recenzje\Desktop\Studia\XAI_2026\data\raw\Actor_13\03-01-08-02-02-02-13.wav
-374.6271,59.41493,6.368862,16.12842,-0.044512592,2.896446,-13.111048,4.895496,-10.338995,-2.3369036,-3.8650858,-2.4555387,-0.5302104,-3.4214478,-4.380968,-1.7360468,-1.6076853,-3.5631514,-2.5786052,-2.0304835,-2.2507758,-2.5065663,-3.6075594,0.78927493,-1.5320605,2.5128944,-0.37282524,2.718159,0.9122053,1.0874206,-1.4272046,-0.070087835,-0.8087555,0.4539388,0.29261324,-0.12297642,-0.03819697,-0.59762454,-1.1443954,-0.6158622,neutral,5,c:\Users\Kacpiro Recenzje\Desktop\Studia\XAI_2026\data\raw\Actor_14\03-01-01-01-01-01-14.wav
-362.9939,58.513893,5.3066196,15.38795,0.8259774,3.7501676,-10.208835,4.786187,-10.87207,-0.107577115,-2.0702574,-1.4842603,-0.83365494,-4.4265842,-3.8462958,-1.7832514,-1.3843532,-2.1744156,-2.2885656,-2.2051637,-1.0735887,-2.7141194,-3.9756413,-0.014636547,-2.7514865,0.26757374,-2.995906,0.43688896,-0.016112199,-0.59754044,-2.1109443,0.49084553,-1.7374793,-0.64325064,-0.2676016,0.04962883,0.51810485,0.82723725,1.2144089,2.1262717,neutral,5,c:\Users\Kacpiro Recenzje\Desktop\Studia\XAI_2026\data\raw\Actor_14\03-01-01-01-01-02-14.wav
-355.11957,58.84512,3.7535436,14.086499,-1.9849442,4.144695,-9.985405,4.964714,-14.164396,-1.0719055,-3.946096,-1.2969724,-2.858287,-4.9628553,-4.2318707,-2.2544184,-3.264493,-4.427258,-3.4486952,-2.8448997,-2.3571355,-3.918802,-3.803747,0.19845459,-1.708172,2.328316,-1.1544197,3.5870516,0.77531075,0.1734172,-3.3988736,0.2108517,-1.7762716,1.4034142,4.043935,5.0256357,5.0931654,4.306419,1.9432122,1.177097,neutral,5,c:\Users\Kacpiro Recenzje\Desktop\Studia\XAI_2026\data\raw\Actor_14\03-01-01-01-02-01-14.wav
-361.31927,66.12792,3.8232253,14.784156,-4.952026,2.4260392,-12.124713,5.9150805,-15.450932,-1.059552,-3.1419916,-3.7262716,-2.1627326,-5.305557,-3.5948997,-3.35369,-2.416962,-5.748222,-3.5148702,-3.0649755,-2.5118797,-3.1375542,-4.117624,1.7976702,-1.7483165,2.056445,-1.4619089,1.9799865,-0.17655398,-1.0457013,-2.766801,2.1609428,1.4565172,2.2984498,2.033104,2.0463808,0.66165936,1.2533575,2.5242875,3.3187175,neutral,5,c:\Users\Kacpiro Recenzje\Desktop\Studia\XAI_2026\data\raw\Actor_14\03-01-01-01-02-02-14.wav
-349.49442,64.548065,1.6645733,14.258399,-3.2753558,2.5204651,-16.449472,-0.33867705,-13.097363,-4.4080896,-4.50929,-7.7255054,-2.9973345,-7.2452335,-6.331583,-4.8100276,-3.4975343,-4.3708525,-6.498643,-3.383877,-0.34846434,-2.7371461,-2.448896,2.7948084,-0.9461434,-1.2813704,-3.215903,-2.2416737,-2.6362584,-3.9227092,-4.310004,-2.62676,-3.7693517,-2.9408135,-2.8997376,-4.438181,-4.012602,-3.898466,-0.7813815,1.181249,calm,1,c:\Users\Kacpiro Recenzje\Desktop\Studia\XAI_2026\data\raw\Actor_14\03-01-02-01-01-01-14.wav
-344.13116,59.1049,2.9989974,17.751392,-0.3201731,5.3015466,-12.150198,3.9059505,-11.637728,-1.3683114,-5.631567,-6.4518538,-1.9520175,-6.253095,-6.3270006,-3.5863998,-3.2450554,-5.0954666,-6.2015452,-3.4341023,-4.055501,-3.0414386,-6.129708,-2.0636404,-3.2463932,-2.2808406,-3.4175818,-1.4205602,-0.043957327,-0.5246045,-1.3095927,-0.8187557,-1.8007765,-1.3772929,-1.0011657,-1.4900886,-0.33633855,-0.12605166,0.8608852,1.1821033,calm,1,c:\Users\Kacpiro Recenzje\Desktop\Studia\XAI_2026\data\raw\Actor_14\03-01-02-01-01-02-14.wav
-351.5699,42.81232,0.2453319,17.532022,-5.1832533,3.4163947,-12.156788,2.0983982,-14.156433,-2.427799,-5.5506663,-6.4608283,-4.195057,-6.9575005,-6.9963126,-3.2562954,-5.862821,-2.512213,-6.6176705,-3.162757,-4.2992115,-5.842541,-5.76943,-2.437441,-4.351021,-1.5213772,-2.7810128,1.8942677,3.019851,2.728893,2.3190742,5.3010745,2.5103095,2.1457934,0.8517698,0.56907994,0.11778665,-1.043467,0.2353103,0.031539783,calm,1,c:\Users\Kacpiro Recenzje\Desktop\Studia\XAI_2026\data\raw\Actor_14\03-01-02-01-02-01-14.wav
-385.71094,52.422493,1.0377322,18.202572,-3.612234,4.7328053,-14.160809,4.3259573,-14.458015,-4.657489,-4.197879,-7.363612,-3.737532,-8.42825,-8.519688,-3.0822551,-7.4775305,-3.7357593,-6.3643255,-2.5126858,-3.5286255,-6.2024937,-5.3552074,-1.6517764,-5.322578,-3.0226371,-4.7007184,-2.0047333,-1.3132014,0.1944197,0.6350459,2.9247994,2.6602678,3.0234852,2.2588086,1.5363787,1.4041884,2.3938515,3.8064516,3.8706203,calm,1,c:\Users\Kacpiro Recenzje\Desktop\Studia\XAI_2026\data\raw\Actor_14\03-01-02-01-02-02-14.wav
-365.68826,61.029976,7.5916853,16.584625,-3.0268414,4.2444196,-12.031826,4.244578,-10.342674,-2.452905,-3.1578152,-1.7719296,-1.2593571,-4.936164,-6.17539,-1.6434661,-3.5572786,-5.73327,-3.4574463,-3.7847779,-3.1294026,-4.8177366,-4.692569,-2.5879295,-4.608608,-3.3792787,-3.0859072,-1.9133989,-2.7961268,-3.23859,-3.0475228,-1.4708805,-3.2444112,-2.3008783,-1.5514157,-2.8153713,-2.2251222,-2.2001464,-1.1124703,-1.6320007,calm,1,c:\Users\Kacpiro Recenzje\Desktop\Studia\XAI_2026\data\raw\Actor_14\03-01-02-02-01-01-14.wav
-321.3048,58.11013,0.48835182,19.881428,-3.2430148,7.135533,-15.4906225,2.8153336,-12.398195,-4.0365334,-5.48129,-8.145073,-2.024774,-8.854046,-7.607044,-3.9751222,-3.4965549,-4.971425,-4.707821,-4.2087955,-4.185053,-3.713932,-6.968369,-1.9327459,-1.0796198,-0.40260714,0.092474975,3.2797246,2.2982051,-0.4436481,-1.9776253,-1.7076291,-2.1054523,-0.81148577,1.3811584,0.3299729,0.6355076,0.23976812,1.9361423,3.42733,calm,1,c:\Users\Kacpiro Recenzje\Desktop\Studia\XAI_2026\data\raw\Actor_14\03-01-02-02-01-02-14.wav
-371.09088,60.064503,6.8851438,15.693383,-7.1015315,5.109695,-10.205208,3.5927112,-14.317461,-2.6547039,-4.5977006,-2.7593973,-1.7386053,-4.8356075,-4.454921,-3.5488315,-2.690899,-4.1281714,-5.0571065,-2.5592716,-3.0119495,-4.6653943,-5.676067,-1.5866296,-5.724152,-2.738966,-2.3624122,0.2909903,1.3187631,2.2411592,2.1226356,3.5647588,0.8350289,-0.79254603,-2.4143085,-2.3807724,-0.9725082,-1.0319041,0.88466287,-1.4755563,calm,1,c:\Users\Kacpiro Recenzje\Desktop\Studia\XAI_2026\data\raw\Actor_14\03-01-02-02-02-01-14.wav
-326.3954,60.40334,4.524453,19.282173,-6.277173,4.6623273,-15.06227,4.33665,-17.179943,-1.1788778,-2.7179341,-6.672464,-3.1484907,-4.9370213,-6.052883,-3.9747064,-3.9859784,-6.338621,-6.239725,-4.949342,-4.56428,-5.9196906,-7.7426257,-1.581189,-5.771988,-1.8652004,-5.6327024,-0.9917166,-3.6473804,-3.050815,-2.5339859,2.3534825,1.0329566,2.6231444,2.4131725,2.25236,1.3507476,1.7613944,2.7758753,2.7459786,calm,1,c:\Users\Kacpiro Recenzje\Desktop\Studia\XAI_2026\data\raw\Actor_14\03-01-02-02-02-02-14.wav
-364.45984,61.308205,-26.67919,8.245542,-0.2562988,-2.6094272,-24.04273,-1.1317269,-12.527562,-12.661225,-0.05416069,-8.4106045,-10.771708,0.12659438,-5.6474133,-5.918877,-4.4908824,-2.2989175,-5.046977,0.7388096,3.4184372,8.143905,6.319779,5.8760056,5.356704,1.9486554,-0.4780952,4.042684,2.212405,2.6020644,1.4314187,3.138416,0.8173627,0.73638946,-0.68348193,0.5282904,-0.9441666,0.04927447,0.7102083,1.3448114,happy,4,c:\Users\Kacpiro Recenzje\Desktop\Studia\XAI_2026\data\raw\Actor_14\03-01-03-01-01-01-14.wav
-347.84012,53.657948,-12.588718,2.7519093,-6.113451,0.8823796,-19.830503,-0.44908866,-11.275839,-7.7638884,-1.1344221,-6.013299,-8.820374,-2.4807184,-9.78186,-6.989348,-3.925899,-2.4697883,-3.8016229,5.094508,4.655121,7.5845237,3.5360692,4.031686,2.2403522,2.8739932,1.2002739,6.724362,2.8559475,1.2219138,-1.333046,0.8407649,-1.5275275,0.19715191,-0.7100252,1.145492,0.2027863,1.4984347,1.840808,2.9215014,happy,4,c:\Users\Kacpiro Recenzje\Desktop\Studia\XAI_2026\data\raw\Actor_14\03-01-03-01-01-02-14.wav
-368.44763,48.850716,-13.656051,6.2451396,-2.9198713,0.70790553,-17.992926,-5.008115,-17.642174,-6.411654,-1.5730593,-9.135063,-7.089898,-3.4906166,-6.0522623,-3.5118897,-6.6307817,-6.485964,-7.9675603,-5.159569,-4.9152527,-1.0803924,-4.3969517,2.002992,1.2870114,2.377851,1.0779521,3.3245234,3.3842175,0.49197766,0.6329615,1.911509,-0.42184004,-0.17351402,0.62641555,-0.96684533,-1.55812,-0.28595117,-0.90414286,0.9872756,happy,4,c:\Users\Kacpiro Recenzje\Desktop\Studia\XAI_2026\data\raw\Actor_14\03-01-03-01-02-01-14.wav
-366.6841,45.89681,-10.263308,4.7392354,-4.846546,2.144238,-18.553703,-1.3370004,-14.318663,-8.694488,-4.2802525,-8.136142,-9.207165,-3.5224915,-7.5589333,-5.7753153,-6.483651,-6.35517,-9.554025,-3.880276,-3.1533172,0.42118523,-2.0642579,4.9918547,4.3512015,3.945822,2.5010436,4.5667143,1.4405458,0.9256795,-1.8127412,1.4790521,-0.6512871,-0.082943864,-1.457566,-0.52385426,-1.7852619,-1.4936962,-2.0681798,0.06605949,happy,4,c:\Users\Kacpiro Recenzje\Desktop\Studia\XAI_2026\data\raw\Actor_14\03-01-03-01-02-02-14.wav
-381.70572,55.16623,-41.05308,-5.9914956,-9.460917,-7.300051,-28.155031,-4.1488886,-8.66916,-16.57336,-1.8045712,-3.7956283,-13.407833,1.9288168,3.3953135,0.5657193,8.637175,9.962624,4.109039,7.8983836,4.978055,1.4327953,0.34628808,1.1048506,1.5212383,-0.17451522,-3.8734026,0.32148755,-1.6112716,-0.10415225,-1.255007,1.7623096,0.24044979,0.36964086,0.56528944,0.29036435,0.72440106,0.44557726,-0.42192402,-0.4205207,happy,4,c:\Users\Kacpiro Recenzje\Desktop\Studia\XAI_2026\data\raw\Actor_14\03-01-03-02-01-01-14.wav
-365.0436,54.526375,-39.814453,-2.8793468,-8.201275,-6.7492614,-25.398996,-1.2231798,-13.327076,-14.831524,1.2011724,-9.326291,-11.124855,0.33942452,-5.2782497,-6.2575006,1.510217,3.3582494,0.5080681,7.775379,8.204717,7.227482,5.067445,5.141996,5.067978,2.5972495,-0.8196306,2.4393487,-1.7253925,0.68483937,-0.8623023,0.57509327,-1.1047493,-0.11404094,-0.23848705,1.4130803,0.9435519,-0.92871475,-0.82979304,-0.9929433,happy,4,c:\Users\Kacpiro Recenzje\Desktop\Studia\XAI_2026\data\raw\Actor_14\03-01-03-02-01-02-14.wav
-362.26978,45.853786,-47.893845,-10.197876,-8.145527,-5.9641876,-31.213078,-5.416223,-14.175175,-18.827875,1.4129946,-6.754728,-12.308668,2.5051477,-0.8050692,2.0604627,7.716194,6.9093776,-0.20663853,9.791678,6.2356553,3.3264613,1.8352767,1.3927096,-0.24704483,0.71454316,-1.8750902,2.5268931,-1.8261219,-1.211813,-4.141799,-0.003012258,-1.2778995,-1.1750677,-0.5501509,-0.53677016,0.49043798,0.40803397,0.98046786,-0.12897518,happy,4,c:\Users\Kacpiro Recenzje\Desktop\Studia\XAI_2026\data\raw\Actor_14\03-01-03-02-02-01-14.wav
-358.048,40.298843,-34.861156,-6.433515,-7.923345,-2.6279635,-29.136013,-3.559668,-13.551348,-17.850163,-3.3398426,-7.606126,-11.481928,3.2204568,2.1871755,9.844169,9.231538,7.0633316,-2.567896,1.8808507,1.3964969,1.7961388,-2.1483333,0.039539527,1.3810216,-0.8903986,-2.2820828,2.6586423,-0.27146208,0.52330154,-1.1347646,1.8019991,-1.826131,0.05076415,-1.4289526,-1.0349092,-0.81525534,1.0207405,-1.0748239,-1.3924401,happy,4,c:\Users\Kacpiro Recenzje\Desktop\Studia\XAI_2026\data\raw\Actor_14\03-01-03-02-02-02-14.wav
-359.07297,72.24751,4.1467357,22.775757,3.3569126,4.880384,-13.321602,1.7695129,-14.502358,-2.1357105,-5.6620884,-5.451446,-2.5694408,-2.5347986,-4.7018533,-0.85393673,-2.937074,0.3878394,-2.913191,-2.6790962,-3.2001884,0.95496535,-4.0862374,1.0181826,-0.63921946,1.0205584,-0.5729472,2.9800298,-0.56753004,-0.6222013,-0.9699534,1.254982,-0.6226593,1.5105708,-0.36416972,0.5724109,0.64903206,0.872058,2.750481,2.609115,sad,6,c:\Users\Kacpiro Recenzje\Desktop\Studia\XAI_2026\data\raw\Actor_14\03-01-04-01-01-01-14.wav
-346.4564,66.22648,5.194913,14.7202635,-2.9798105,3.22916,-13.240143,2.309015,-14.19603,-1.7178447,-3.9269795,-7.207019,-4.4418373,-5.521545,-6.1547923,-5.0491896,-3.2609813,-1.6338811,-3.7823184,-3.5583487,-4.6853633,-1.1527753,-4.9624267,-0.39752182,-2.6280153,-2.2253864,-2.8989718,-0.07487088,0.055106413,1.04022,0.88774985,0.746421,-0.15642996,-0.69707686,-2.156498,0.038709953,1.7535406,3.2528508,5.106611,4.462223,sad,6,c:\Users\Kacpiro Recenzje\Desktop\Studia\XAI_2026\data\raw\Actor_14\03-01-04-01-01-02-14.wav
-317.96985,57.52119,-1.5275342,20.217657,-1.685022,3.6549795,-13.773683,3.7108068,-16.844227,-2.5766358,-1.3328751,-4.560597,-3.0212352,-2.7451346,-5.2750096,-0.6022643,-2.6923025,-4.0019674,-2.5728235,-1.5319555,-3.1586442,-0.40317112,-5.2486405,1.3653767,-3.0433552,-0.23841685,-3.6540363,2.9830668,2.8894267,3.0807683,1.6839749,4.275135,1.348961,2.6545634,2.245819,0.89183336,1.9982966,2.8488355,2.855316,2.6922216,sad,6,c:\Users\Kacpiro Recenzje\Desktop\Studia\XAI_2026\data\raw\Actor_14\03-01-04-01-02-01-14.wav
-359.27148,61.629417,3.8873456,20.819748,-2.116906,5.942318,-11.956287,2.7040224,-16.206598,-2.3087842,-2.6403856,-6.213365,-2.337578,-3.8573306,-3.4164052,-2.0928712,-2.365968,-3.3519464,-2.8569882,-2.2920473,-3.451664,0.4034119,-5.5170736,0.7666062,-4.0615826,-1.2760614,-2.7178288,1.3661286,2.6089547,1.8748779,1.4791236,3.832225,1.4533585,1.786696,2.1778677,0.32476258,1.8289214,1.7445954,3.3872888,4.009175,sad,6,c:\Users\Kacpiro Recenzje\Desktop\Studia\XAI_2026\data\raw\Actor_14\03-01-04-01-02-02-14.wav
-318.37875,61.64797,-10.938767,12.278781,-5.601158,-1.7719351,-14.853131,-0.22216213,-19.271072,-6.3036757,-3.446768,-5.28274,-3.3586593,-2.4801562,-5.3029623,-4.8731337,-4.1190405,-1.6567175,-7.680615,-2.962559,-3.3177257,0.078927115,-2.0438068,0.7429641,0.3811747,-0.5604726,-1.4784607,1.5908843,2.2347772,2.322325,3.6920643,4.742789,2.9592156,1.5295887,-0.36515418,-0.4022606,-1.586,-1.3037632,-0.38309053,-0.6599121,sad,6,c:\Users\Kacpiro Recenzje\Desktop\Studia\XAI_2026\data\raw\Actor_14\03-01-04-02-01-01-14.wav
-313.42746,71.60182,-11.296333,12.914383,-1.4078971,1.0761373,-13.3568535,-1.2105309,-14.276552,-6.805414,-2.9635234,-1.8160504,-4.2978964,-2.903219,-2.5444965,-3.9261696,-1.6497259,0.7533719,-5.9142118,-4.3873844,-1.8099564,0.107450105,-2.6657817,-0.56232303,1.5050411,1.4880495,-0.033058763,2.952764,1.1600162,1.2545369,1.0563896,0.95844233,0.12837474,1.0254121,-0.0229037,-0.29367483,1.4075388,1.0832074,2.395223,2.4561503,sad,6,c:\Users\Kacpiro Recenzje\Desktop\Studia\XAI_2026\data\raw\Actor_14\03-01-04-02-01-02-14.wav
-340.2987,62.427803,-9.084128,8.401726,-4.265749,-4.4181066,-15.980843,-3.078286,-18.971561,-9.024053,-4.792075,-6.9841275,-6.937896,-4.1284966,-3.616946,-6.993589,-4.330629,-3.0488026,-5.5113096,-4.0171156,-5.6190815,-1.1556828,-4.845475,-0.9727489,-0.15496999,1.2603314,2.119357,4.354889,4.2260113,4.678751,5.923275,5.437671,3.5932863,3.0515585,-0.072329774,0.27225828,0.25488448,0.5697177,1.3289132,0.33972785,sad,6,c:\Users\Kacpiro Recenzje\Desktop\Studia\XAI_2026\data\raw\Actor_14\03-01-04-02-02-01-14.wav
-335.64154,68.05414,-21.507448,8.12536,-2.5146122,-4.8620734,-26.652628,-1.704418,-20.578218,-17.294462,-2.1551003,-7.435476,-13.9741745,-3.1957228,-2.4071636,-10.634797,-6.1851916,-3.349026,-11.068752,-3.5326576,-5.124238,-1.39135,-2.2538414,0.87715137,4.8970037,5.2268143,3.9127436,8.766361,6.213344,4.0016785,2.6243598,-0.92643005,0.14346834,0.46041825,-2.068556,-0.40223283,-0.6175897,-1.0350114,-0.973272,-1.145115,sad,6,c:\Users\Kacpiro Recenzje\Desktop\Studia\XAI_2026\data\raw\Actor_14\03-01-04-02-02-02-14.wav
-390.2926,54.098553,-11.345353,9.197882,-6.348058,-3.006482,-14.667971,2.439837,-12.956662,-3.7957945,-3.7204547,-7.3851223,-5.6884036,-6.249824,-6.3988132,-3.297949,-1.6961135,-1.2430366,-1.046159,-0.15697658,-1.5470622,0.23492843,-2.1634326,2.4578018,0.6098096,3.1678016,0.5206113,2.0998821,-0.98922664,-1.5699728,-2.009609,0.8067182,-0.2870598,-0.3150796,-1.5646727,0.21070819,2.871788,1.5358791,-0.5279406,-0.45456648,angry,0,c:\Users\Kacpiro Recenzje\Desktop\Studia\XAI_2026\data\raw\Actor_14\03-01-05-01-01-01-14.wav
-361.94696,58.59527,-11.888165,8.304008,-6.2484493,-3.039031,-17.562607,3.9646022,-11.094565,-5.723932,-4.9455705,-3.930893,-2.540223,-3.1919634,-5.731923,-1.5881573,-3.1780336,-1.9671583,-2.8909216,-1.1176652,0.87541515,1.1250826,-0.26659268,2.85966,1.0553612,3.5842774,0.12293909,1.9510074,0.31391892,1.9858346,2.0472088,3.2401679,3.2960446,1.7754908,0.32623583,0.4978692,1.0505823,0.74977773,-1.5283988,-0.19092706,angry,0,c:\Users\Kacpiro Recenzje\Desktop\Studia\XAI_2026\data\raw\Actor_14\03-01-05-01-01-02-14.wav
-355.94836,53.274414,-15.282535,8.959041,-4.763248,-6.4922776,-20.638107,2.5287206,-15.925463,-9.710195,-5.9111743,-7.3681192,-5.2914004,-3.9743593,-7.5529776,-4.714539,-5.496112,-6.186859,-5.3577285,-2.934498,-0.0050310716,0.73817974,-1.5154129,1.4753965,-3.0446727,0.07833484,-2.9199717,2.0557044,0.99295586,2.8669322,0.4205622,1.8201352,2.194733,0.9016005,1.6232294,-0.3804641,-1.697879,-1.0010304,0.16545627,2.0087109,angry,0,c:\Users\Kacpiro Recenzje\Desktop\Studia\XAI_2026\data\raw\Actor_14\03-01-05-01-02-01-14.wav
-355.43085,53.959286,-14.669062,2.4375775,-10.999445,-6.4768248,-23.34168,2.6528435,-18.97346,-9.963553,-8.872593,-6.0763817,-6.567615,-7.1205673,-8.380619,-3.1327937,-3.3091812,0.018317148,1.4900753,1.3897083,-0.098754235,2.0307589,-0.5670031,3.315229,1.0620146,3.6710498,-0.5500837,1.7697523,0.3375055,1.4955553,-1.5527577,0.62247545,-1.2293041,-0.34717867,-1.414593,0.27632964,-1.3883399,-0.6990135,-1.075524,0.08326475,angry,0,c:\Users\Kacpiro Recenzje\Desktop\Studia\XAI_2026\data\raw\Actor_14\03-01-05-01-02-02-14.wav
-342.91678,74.296036,-40.548244,-7.927261,-14.022656,-15.060967,-28.858845,1.6653991,-14.29513,-13.922602,-5.7009087,-5.6144366,-9.874722,0.9536202,-2.6626763,-0.4772678,5.8259363,6.5586553,-0.627831,4.5475674,-0.9235551,-3.0484104,-4.5729012,-1.6790988,0.57737297,-0.7025298,-5.521178,-1.4182965,-4.5865817,-1.5048527,-2.931838,-0.41715425,0.452716,-1.1882288,0.24772468,1.6298354,-0.5241777,-1.3078537,-1.4084295,-0.18420205,angry,0,c:\Users\Kacpiro Recenzje\Desktop\Studia\XAI_2026\data\raw\Actor_14\03-01-05-02-01-01-14.wav
-319.35492,66.75034,-41.704796,-8.634215,-16.059341,-17.343782,-30.791473,1.7913933,-15.55404,-14.878554,-2.0945797,-2.9149246,-8.151425,5.0695357,-1.431398,-0.28490898,5.1389422,3.2155213,-1.0484222,3.2064629,-1.6091477,0.30367857,-0.8790407,-0.26251003,0.43932077,-1.6269252,-3.1297152,-0.83225626,-2.1773205,0.18363065,-2.806833,1.0653887,0.64563686,-2.7118967,-1.098908,1.1092218,0.45452395,-1.4839679,-2.2865825,-1.3611013,angry,0,c:\Users\Kacpiro Recenzje\Desktop\Studia\XAI_2026\data\raw\Actor_14\03-01-05-02-01-02-14.wav
-338.0587,50.575165,-36.300636,-13.912095,-20.777538,-15.181706,-28.331196,2.09742,-16.228228,-16.923561,-0.3587075,-4.9071174,-2.3544307,5.4870214,-1.0255828,-0.24398933,2.662531,-0.58516383,-3.3127346,5.4127216,1.0739508,3.4382358,0.18148372,-0.65742373,1.9443142,0.6834385,-0.7981867,1.5315323,-1.133238,-1.0461044,-3.9357667,0.4329929,1.0517133,-1.3590629,-2.2827249,0.13471352,2.3935447,1.3471729,-0.58376664,-2.4932415,angry,0,c:\Users\Kacpiro Recenzje\Desktop\Studia\XAI_2026\data\raw\Actor_14\03-01-05-02-02-01-14.wav
-342.06638,61.163246,-31.222338,-2.2443874,-17.100224,-15.111647,-26.675772,5.3044176,-19.54345,-17.226526,-4.822671,-9.041797,-10.89592,-1.1683637,-8.326829,-2.9789097,0.2527286,3.0377014,-0.8509131,7.0264683,2.6010609,1.6459378,-5.2313857,-1.8402699,-0.16709451,1.8247819,-0.8492789,2.5190725,-2.3659053,-2.4458108,-4.281647,0.08635119,-0.12142712,-1.9837859,-3.2701092,-0.5198213,0.51318264,2.9124808,0.1959536,-1.1214405,angry,0,c:\Users\Kacpiro Recenzje\Desktop\Studia\XAI_2026\data\raw\Actor_14\03-01-05-02-02-02-14.wav
-382.1926,59.151352,-1.2305449,21.144653,3.4498007,6.32304,-10.875731,1.6139343,-14.111545,-2.6825328,-4.735884,-4.6993165,-4.699529,-5.385376,-4.532979,0.6312719,-4.782148,-1.5438037,-3.2264946,-3.5025551,-3.9277875,-0.50445515,-5.5245957,-1.0128609,-3.876192,-1.1530404,-2.9004927,-0.58876044,-0.38973987,-0.5741011,0.55513823,1.6107448,1.3085399,2.3507614,1.4593357,1.7384542,0.5370717,0.9413225,0.4421309,0.85121745,fear,3,c:\Users\Kacpiro Recenzje\Desktop\Studia\XAI_2026\data\raw\Actor_14\03-01-06-01-01-01-14.wav
-322.0356,63.421543,-11.291555,17.020248,-4.94339,4.4070673,-11.777475,4.4381127,-15.452573,-2.0063848,-2.106997,-3.7569442,-4.4739637,-4.427047,-4.3698707,-0.16827333,-4.4834666,-1.5672437,-5.2166677,-4.296979,-2.7931294,-2.0950785,-5.178539,-0.40074694,-3.5556972,-0.23079479,-1.0570778,3.178476,2.4196615,2.0391045,0.29087815,3.2444713,-0.12153095,2.4470851,0.95871997,0.53516334,-1.1670913,1.0820166,1.1457447,0.27047795,fear,3,c:\Users\Kacpiro Recenzje\Desktop\Studia\XAI_2026\data\raw\Actor_14\03-01-06-01-01-02-14.wav
-384.33496,51.24788,2.893492,14.923991,-2.291988,5.4285874,-11.054834,0.9736478,-16.636654,-1.1238154,-3.8362522,-7.458974,-5.806567,-3.842845,-3.903089,-2.5311174,-5.627941,-3.8992357,-4.6489,-4.3649106,-4.0873337,-1.7206848,-7.1015515,-0.1396965,-3.4502776,-1.4564753,-3.5248842,-0.30598018,-1.1393179,-1.119464,-0.48966855,1.1227986,3.2918293,3.3607824,2.218403,1.3926171,0.8101522,0.5601968,1.2256777,2.3336787,fear,3,c:\Users\Kacpiro Recenzje\Desktop\Studia\XAI_2026\data\raw\Actor_14\03-01-06-01-02-01-14.wav
-339.81848,51.783916,-6.6168084,9.763131,0.29986,3.9943037,-14.054772,-2.8844824,-19.89825,-3.655392,-1.342536,-6.4058456,-6.535662,-5.2316546,-3.9094584,-0.80387497,-5.1307936,-4.3592687,-4.9063354,-5.2276173,-5.0293975,-0.8851447,-6.253678,-0.46785796,-2.1872547,-0.09676139,-0.74549,2.675007,3.8287444,3.9020991,2.9542384,3.9211123,3.3348448,1.0488031,-0.0020734097,0.5452967,0.76207376,2.266086,3.0918362,1.6280587,fear,3,c:\Users\Kacpiro Recenzje\Desktop\Studia\XAI_2026\data\raw\Actor_14\03-01-06-01-02-02-14.wav
-393.779,37.694294,-40.398457,-5.7251234,-12.626032,-7.483453,-21.25616,-2.1334877,-12.016313,-16.134275,-0.7613446,-3.5163825,-5.608321,8.379599,7.428666,10.097797,9.737294,2.581813,-5.970646,-4.6681905,-3.7370393,0.15032788,-0.9419479,-3.3770993,-3.0456553,-4.023999,-0.054817688,6.436512,2.0515308,0.059024025,-3.0131269,0.8892841,0.7203329,-3.5342653,-3.8397226,-1.4284421,0.6851387,0.4109432,-0.7523012,-1.5155786,fear,3,c:\Users\Kacpiro Recenzje\Desktop\Studia\XAI_2026\data\raw\Actor_14\03-01-06-02-01-01-14.wav
-368.5504,36.296696,-37.326725,-4.8746257,-8.856267,-3.4820802,-22.634687,-2.5647783,-9.225234,-15.147274,-0.6731916,-2.268709,-8.793907,6.456548,6.4188647,8.6935005,8.521293,4.426307,-2.342437,-1.45626,0.1675371,0.97937965,0.8166341,-2.9256835,-1.7674127,-0.57130104,-2.1169577,2.9403267,0.31285924,1.1605014,-1.6033696,0.4551795,0.9987018,-0.8423134,-0.91898257,-0.4428953,-1.903964,-0.40431967,0.8369349,0.28525257,fear,3,c:\Users\Kacpiro Recenzje\Desktop\Studia\XAI_2026\data\raw\Actor_14\03-01-06-02-01-02-14.wav
-385.68896,39.036617,-31.567528,-2.9968846,-12.676407,-6.3726573,-23.240051,-2.3684218,-16.017519,-16.408918,-1.8773199,-7.8729787,-15.456136,-4.0754676,-3.362628,1.4788425,5.4073954,7.298821,3.05017,7.299812,5.5495677,2.1507163,-0.9103878,-0.8477376,1.469404,-0.6912841,-4.59177,-1.6764227,-2.692207,-1.0643007,-1.3967181,-0.31914037,-0.06275144,-0.6872099,-0.02656957,1.0290958,-2.334211,-0.83681315,1.1995553,-1.4721249,fear,3,c:\Users\Kacpiro Recenzje\Desktop\Studia\XAI_2026\data\raw\Actor_14\03-01-06-02-02-01-14.wav
-378.01703,39.95534,-36.591244,-5.485679,-12.91599,-7.371978,-25.103086,-5.2287903,-15.3246155,-17.233498,-0.67321736,-3.7951295,-12.109155,-2.9559996,0.028281787,2.9717336,8.259513,9.534963,5.092401,4.5453706,2.865817,-0.05759381,-2.0214298,0.12804894,1.4710912,0.47382566,-3.6649196,0.32016182,-0.8730646,-0.8489484,-2.7673705,-0.6880214,0.028566103,-0.61876595,-1.2977321,-0.37353292,-1.5212293,-0.23425555,1.2925897,-1.4016201,fear,3,c:\Users\Kacpiro Recenzje\Desktop\Studia\XAI_2026\data\raw\Actor_14\03-01-06-02-02-02-14.wav
-294.9391,57.74675,-11.447139,13.079633,-7.8185368,3.659771,-15.730999,-1.5685196,-19.844563,-5.964569,-7.789003,-5.665613,-4.120946,-6.187351,-6.294934,-1.2225152,-3.768906,-5.480658,-8.301988,-7.268243,-6.1647644,-2.9290662,-5.3278975,-0.9945355,-3.5257814,-0.21467125,-2.4749725,1.939244,2.557917,3.5532296,3.9251273,4.7190485,1.9300044,3.6533267,1.8017594,3.1522245,2.886168,1.0210845,0.45122096,-0.40931368,disgust,2,c:\Users\Kacpiro Recenzje\Desktop\Studia\XAI_2026\data\raw\Actor_14\03-01-07-01-01-01-14.wav
-351.02448,64.09369,-1.1476012,6.1620407,-8.202171,0.82228434,-17.587807,-0.4845568,-17.259682,-5.30577,-5.539154,-7.161663,-4.2702203,-0.45156038,-6.3742495,-4.5116477,-0.7353798,-3.2912264,-5.296407,-4.7514973,-4.3003325,-1.6679698,-4.5096326,-1.4753609,-5.098716,-1.3546025,-4.2926188,-3.4401436,-1.3457308,0.030104563,-3.7314405,-0.0057423366,-1.8719515,2.5950716,2.601969,4.2045803,5.0227623,2.3090413,3.0528054,1.4799232,disgust,2,c:\Users\Kacpiro Recenzje\Desktop\Studia\XAI_2026\data\raw\Actor_14\03-01-07-01-01-02-14.wav
-346.6284,51.00453,1.3603845,15.7715,-10.722811,7.0453997,-13.186783,3.4901156,-13.932069,-1.620121,-6.462968,-6.9525666,-4.1601806,-2.4423976,-5.1066556,-4.3806624,-5.5731792,-4.1551533,-6.0002184,-4.317457,-4.7125826,-1.5824813,-7.5962224,-2.7536087,-6.3177786,-2.0092103,-4.9683814,-0.23473969,-1.2950721,1.5129557,-0.49352843,1.4815271,-0.047893766,1.766243,-0.4704368,1.8618413,0.7922752,1.3270968,0.76880336,1.5788617,disgust,2,c:\Users\Kacpiro Recenzje\Desktop\Studia\XAI_2026\data\raw\Actor_14\03-01-07-01-02-01-14.wav
-314.64166,65.60868,-3.6535969,11.9300585,-9.307262,-4.8314633,-18.440025,-0.6785828,-20.390234,-9.703181,-7.7576065,-9.133097,-8.834823,-4.760258,-4.765242,-5.55939,-5.062293,-4.125668,-8.467383,-5.9400783,-5.159202,-3.0016336,-5.9936404,0.060264643,-1.8585669,0.5147648,1.8946421,3.695192,3.3077226,5.321269,2.620555,2.8839896,2.356253,3.6451118,1.3362007,1.1745498,-1.1404692,-0.6727258,-1.3526312,-1.8516498,disgust,2,c:\Users\Kacpiro Recenzje\Desktop\Studia\XAI_2026\data\raw\Actor_14\03-01-07-01-02-02-14.wav
-293.70428,68.19051,-23.877367,9.810742,-6.8987436,-9.560067,-24.923666,-2.902367,-24.02183,-14.139024,-5.33916,-3.2178514,-5.8988214,-1.9590061,-2.821798,-7.1132526,-3.5904036,-3.7248833,-8.018557,-6.5832276,-5.7565074,-1.2713923,-6.5279264,-3.045959,-0.7609609,-1.8580784,-2.1243467,1.9524435,-1.7416949,1.1329467,-0.4195615,-0.8299776,0.410559,2.961316,3.7589052,5.6834693,4.725847,4.0636444,2.5710933,0.8887532,disgust,2,c:\Users\Kacpiro Recenzje\Desktop\Studia\XAI_2026\data\raw\Actor_14\03-01-07-02-01-01-14.wav
-349.47336,64.42943,-15.585689,13.594074,-9.225773,-0.7265272,-17.150955,0.5387702,-25.915833,-8.8125515,-4.31661,-8.713996,-1.7582177,-1.3218325,-8.072824,-2.1014655,-1.0046756,-2.9398577,-6.0499983,-6.55052,-5.8850965,-2.4957283,-7.23788,-2.5527425,-4.1203337,-1.5170193,-3.6268072,-0.83938545,-1.9342043,0.97598827,-2.0422196,1.4417179,-1.0339831,1.1548437,2.8588738,2.1748314,3.3832572,2.6221063,2.293385,1.8672409,disgust,2,c:\Users\Kacpiro Recenzje\Desktop\Studia\XAI_2026\data\raw\Actor_14\03-01-07-02-01-02-14.wav
-330.4449,56.582184,-3.3591676,16.661106,-8.384995,1.6708068,-17.159845,-2.0956345,-17.968138,-4.498862,-5.0605645,-7.5479302,-4.5189652,-5.750021,-4.0964823,-5.215842,-3.521323,-3.6908777,-5.7727814,-3.8163006,-3.0782762,-4.397787,-7.8659167,-1.7573436,-5.3779044,-3.0383487,-3.8600905,-2.1421273,-0.4832818,0.053184435,-0.59699196,0.83535594,0.36927938,0.92329353,-0.4203328,-0.24193318,-0.315435,-0.39337867,0.5657817,1.7209355,disgust,2,c:\Users\Kacpiro Recenzje\Desktop\Studia\XAI_2026\data\raw\Actor_14\03-01-07-02-02-01-14.wav
-339.88687,59.237366,-5.8190956,4.8000073,-9.910695,-3.897618,-21.374598,-0.045351718,-25.894165,-10.435505,-5.737016,-8.5069,-8.472533,-2.6941876,-6.7859945,-8.174951,-3.2339036,-5.2363634,-9.195807,-5.3592286,-6.9680514,-5.386322,-9.73749,-3.9665623,-6.356372,0.46338075,-1.6346843,3.0568225,0.85227764,3.2512248,1.8494748,4.0601807,4.441127,3.1048408,4.916158,2.805621,2.5204835,0.5021636,0.16889423,0.7788377,disgust,2,c:\Users\Kacpiro Recenzje\Desktop\Studia\XAI_2026\data\raw\Actor_14\03-01-07-02-02-02-14.wav
-329.52133,58.73462,-3.5203354,7.112155,-1.018534,-2.434947,-14.475878,3.9164624,-14.569585,-0.647509,-6.606315,-4.154166,-4.7456927,-6.638284,-5.6929555,-3.064462,-4.1283903,-5.1820655,-3.5271683,-2.3737311,-1.1452702,0.3299961,-0.7013039,3.9498403,1.4402225,2.6451802,0.20065917,1.7938697,0.18180403,-0.273423,-1.0997931,-0.12933642,-0.46833456,-0.065005906,-1.0658057,-1.6337047,-1.1709497,-0.9188836,0.22548768,-0.68621784,surprise,7,c:\Users\Kacpiro Recenzje\Desktop\Studia\XAI_2026\data\raw\Actor_14\03-01-08-01-01-01-14.wav
-330.10416,58.010372,-4.514525,4.3712325,-3.833461,-0.11546595,-15.841255,3.402323,-12.625942,-1.0398352,-5.5085325,-3.5709608,-4.0948496,-6.03869,-4.705917,-2.9633913,-2.4463797,-3.4751215,-2.2794125,-0.7954366,-0.38639128,1.5064182,-0.5163505,3.5528774,0.46858448,1.3017919,-1.8594224,-0.1964654,-0.61586756,0.08873221,-0.5640866,1.2579058,-0.36937305,0.6123278,-0.539182,-1.3348001,-0.8156601,-1.6539536,-0.80209273,0.19869938,surprise,7,c:\Users\Kacpiro Recenzje\Desktop\Studia\XAI_2026\data\raw\Actor_14\03-01-08-01-01-02-14.wav
-376.82724,44.168884,-2.4877865,7.205031,-3.0777974,0.020740373,-13.21292,-0.06870751,-14.575764,-2.4897919,-4.1217794,-6.132279,-5.1062217,-4.1233826,-4.6686215,-2.7097397,-3.9145088,-3.1550527,-3.5330787,-2.7152743,-2.0023165,-1.3274757,-2.047082,1.6465905,-0.066426836,0.66977257,-1.4516203,1.7973764,-0.06674468,-1.3258086,-1.4660083,0.3247712,-0.97046787,-0.034490816,-0.3079346,-1.7969112,-0.47176805,-0.3175722,-0.06236155,0.34617192,surprise,7,c:\Users\Kacpiro Recenzje\Desktop\Studia\XAI_2026\data\raw\Actor_14\03-01-08-01-02-01-14.wav
-347.31845,48.434055,-3.8921902,3.889657,-4.382098,-1.3343108,-13.307791,-0.8334631,-13.423364,-1.6617966,-4.95168,-5.2792883,-5.1825023,-6.127883,-5.3056345,-4.3506684,-2.7788167,-4.3378425,-3.3785543,-3.2757266,-1.8932196,-2.472202,-5.307907,-0.22802778,-1.6360781,1.4375694,-0.37083694,2.2189643,0.8776521,-0.6052463,-0.56165653,1.1847016,-0.36509365,0.84518677,1.1855097,1.0465506,1.4056609,0.28132293,1.264964,0.65311694,surprise,7,c:\Users\Kacpiro Recenzje\Desktop\Studia\XAI_2026\data\raw\Actor_14\03-01-08-01-02-02-14.wav
-317.38477,70.37744,-2.7329366,4.494055,-9.23835,-1.7547175,-18.13073,6.853423,-12.311086,-5.807477,-7.7437353,-2.8078322,-7.134428,-6.5214367,-8.1859865,-0.8683752,-1.3942696,-2.2197845,-3.8161223,0.95159024,-0.15350589,2.0863545,-1.3100702,-0.25568298,-2.058607,1.3953847,-1.5857258,2.1419396,0.4971673,1.0708233,-2.2899244,0.73063844,0.20375986,0.6233214,-1.3666775,-0.97809184,-0.7870283,0.9083471,-0.5696663,2.59842,surprise,7,c:\Users\Kacpiro Recenzje\Desktop\Studia\XAI_2026\data\raw\Actor_14\03-01-08-02-01-01-14.wav
-381.01114,66.45774,-12.411983,0.5316166,-9.735341,-3.268813,-20.237453,1.0487278,-16.139244,-7.7632875,-4.4876637,-6.665367,-9.203679,-4.1934643,-4.5792027,-3.0961988,0.0006497431,-1.1308795,-5.4923334,-0.5253352,-2.069563,0.28922722,-2.3869953,-0.06696114,-0.000894046,0.9126209,-2.0231535,2.1311312,-0.63579285,2.0976582,-2.4459605,0.71421665,-0.6747276,0.7072437,-0.63990194,0.012709597,0.9632977,1.7121494,0.44414917,0.008101714,surprise,7,c:\Users\Kacpiro Recenzje\Desktop\Studia\XAI_2026\data\raw\Actor_14\03-01-08-02-01-02-14.wav
-307.86707,51.379013,-7.9365807,3.0124876,-9.790825,-0.6198278,-20.743998,1.4192543,-18.10828,-5.1028886,-6.089931,-6.776878,-7.386397,-6.721549,-6.6556983,-1.3142297,-2.6155868,-2.6538706,-4.24346,-2.2644649,-2.3267004,-0.6120734,-4.501714,0.76183486,-1.7657211,1.1664121,-1.1880915,1.1891056,0.55294615,-0.05698257,-0.85067135,2.7876894,2.2456012,2.862067,1.4478035,0.14833209,0.18295822,1.1297336,0.49313897,1.9789286,surprise,7,c:\Users\Kacpiro Recenzje\Desktop\Studia\XAI_2026\data\raw\Actor_14\03-01-08-02-02-01-14.wav
-347.39618,46.683723,-4.654935,11.0004015,-7.063103,2.364763,-17.554653,1.914913,-16.618528,-3.5061975,-5.494073,-6.9840302,-6.822417,-6.9082513,-6.771397,-1.9240537,-3.1112883,-0.6978315,-1.8264649,0.6657757,-1.4710006,0.50730723,-3.334305,0.73605907,-1.0501026,0.04165552,-1.1606401,-0.1011405,-0.6068505,-0.41204828,-2.6813788,1.889864,0.20778702,0.83247083,0.96525323,1.1047862,0.96603036,2.3588538,0.83510125,0.6486041,surprise,7,c:\Users\Kacpiro Recenzje\Desktop\Studia\XAI_2026\data\raw\Actor_14\03-01-08-02-02-02-14.wav
-434.57275,97.29351,3.3810632,11.200867,7.454712,16.554247,-5.989489,3.8383896,-0.0008251109,-1.9137788,-2.283772,-1.5050163,-1.496517,-0.27054146,-0.4706634,0.024513083,0.07311687,0.5412477,0.22804001,0.10089236,0.9162448,-3.3028321,2.3637302,3.1066673,-2.5723395,0.06831814,-0.40605602,-1.1382781,-0.82621515,-2.082622,-1.3600568,-0.45565498,-1.291231,-1.2136328,-0.4283051,-0.79374385,0.2774649,-0.19883198,-1.2470556,-0.2683077,neutral,5,c:\Users\Kacpiro Recenzje\Desktop\Studia\XAI_2026\data\raw\Actor_15\03-01-01-01-01-01-15.wav
-441.2726,96.029724,3.2442377,12.496547,9.182246,15.076802,-6.290561,4.5951376,2.8214438,-0.30229673,-0.68678457,-1.1235893,0.3970536,0.55857456,0.77246636,0.5218335,0.66063035,2.0364735,0.6999631,0.16945405,0.5407829,-2.2387457,1.8785703,2.7318873,-2.8444333,1.0701238,0.1669824,-0.83152264,-0.19139136,-1.3410876,-1.1968137,-1.2647834,-0.7590605,-0.8900786,0.65268755,-0.702736,0.6427135,1.260434,-1.1058136,0.2860082,neutral,5,c:\Users\Kacpiro Recenzje\Desktop\Studia\XAI_2026\data\raw\Actor_15\03-01-01-01-01-02-15.wav
-391.0824,96.12386,6.122883,11.199762,6.606275,17.302742,-4.344541,4.8249826,0.7880371,-0.36648983,-0.90446776,-1.7490379,-0.11431485,1.297794,1.342377,1.2625878,-0.27897862,3.091471,-0.19505851,-0.85063607,-0.09373463,-2.3482325,2.3032594,0.2913305,-2.6317058,0.18887886,-0.7781545,-1.7246351,-1.6297648,-1.8523929,-2.194094,-0.5837219,-1.8451331,-0.80087656,0.04280772,-1.5237021,-0.37903756,-0.5923592,-1.5987421,0.11331626,neutral,5,c:\Users\Kacpiro Recenzje\Desktop\Studia\XAI_2026\data\raw\Actor_15\03-01-01-01-02-01-15.wav
-419.89447,95.71651,6.687453,14.836517,7.611426,16.916456,-5.5641203,6.041266,0.99813086,-3.1084042,-0.9969134,-0.7040732,-0.27101997,-0.5629616,1.4699538,0.58093894,-0.7798514,3.0151873,0.75056124,-0.52010125,1.2642778,-1.4968642,2.6780922,1.8175476,-3.7928455,0.3823634,-0.55446756,-1.6148975,-0.88935244,-1.9687587,-0.9914251,-0.06068093,-0.9279798,-0.74814934,-0.05567383,-0.6092542,-0.08620642,0.30802846,-1.4490919,-0.6100587,neutral,5,c:\Users\Kacpiro Recenzje\Desktop\Studia\XAI_2026\data\raw\Actor_15\03-01-01-01-02-02-15.wav
-403.98996,110.36994,9.78677,15.668669,7.182717,16.47685,-5.1134458,4.0386524,0.9293568,2.1944163,0.39558572,-0.9415169,-0.18809433,3.487975,0.023983678,-1.3691669,0.24918577,2.301595,0.68008834,0.99811757,0.9347513,-2.7668228,3.1253035,1.9333961,-2.457882,1.3257734,-1.4480752,-1.806906,0.091560364,-0.6834783,-1.8353202,-1.5128644,-0.6126681,-0.5150986,0.60458636,-0.28226572,0.9932526,0.72552055,-1.1263777,-0.030391814,calm,1,c:\Users\Kacpiro Recenzje\Desktop\Studia\XAI_2026\data\raw\Actor_15\03-01-02-01-01-01-15.wav
-378.66196,101.77173,3.9406893,17.28474,6.7314568,16.023102,-4.8767724,5.5196652,-1.6160574,-1.2474892,1.5907626,-2.1924703,-1.255358,2.777312,0.6928934,-2.4323282,-0.39790073,3.3345923,-0.097922735,-1.6055646,0.0105671715,-2.8810382,2.1559002,1.9958003,-3.6477556,1.4648178,-0.8743315,-1.6623371,-0.17460965,-1.0111612,-1.808894,-2.1747057,-2.0885944,-0.8225031,-0.40504044,-2.296295,0.62291104,-0.024986185,-1.9288033,0.18512408,calm,1,c:\Users\Kacpiro Recenzje\Desktop\Studia\XAI_2026\data\raw\Actor_15\03-01-02-01-01-02-15.wav
-340.9686,111.47029,-1.0025808,18.694883,7.2437487,17.165915,-4.173463,7.225051,-1.9252243,-2.1402748,-0.6944608,-0.50320995,-2.4510608,4.5521812,0.6602872,-3.539379,-1.4469072,3.8830838,-0.32311088,-2.3088622,0.09083849,-2.0156815,4.0230937,1.5129201,-4.5425854,2.5198996,-1.1228542,-1.7911059,0.11822125,-1.6617309,-1.8162837,-0.7914181,-2.614696,-1.712843,1.413497,-1.5216471,0.29345423,0.6267227,-1.5472804,0.68614477,calm,1,c:\Users\Kacpiro Recenzje\Desktop\Studia\XAI_2026\data\raw\Actor_15\03-01-02-01-02-01-15.wav
-374.0296,99.53578,4.9511676,19.723059,3.5793905,18.09624,-4.6130404,3.9979265,0.8631354,-0.077437975,-1.72839,-2.5135438,-3.3126347,3.015037,0.020970067,-1.2717708,-1.0997885,3.2098339,-0.62960154,-2.6910267,1.4393207,-1.9687747,1.7839643,0.5101203,-3.317189,0.36688924,-1.4788061,-1.270333,-0.67225397,-0.6350576,-0.8159628,-1.0397456,-1.1462501,-1.1535867,0.038574312,-1.2141604,-0.6320909,1.2249607,-1.8031112,0.3232063,calm,1,c:\Users\Kacpiro Recenzje\Desktop\Studia\XAI_2026\data\raw\Actor_15\03-01-02-01-02-02-15.wav
-390.64285,108.89391,5.3217206,18.701876,4.142697,16.759542,-6.1449986,4.080651,-1.0143366,1.3632239,-0.55525273,-2.346587,-0.70289963,4.411166,-0.5155263,-2.0240743,0.44249007,1.8938735,0.30921963,-1.1770444,0.7984992,-2.370553,2.592354,1.5249958,-4.0158067,1.1225646,-2.0489662,-3.2506013,-0.6912496,-0.99726933,-1.9353495,-2.015544,-2.3730397,-1.3192135,0.6248053,-1.3420486,0.09029599,1.2043648,-1.8898032,0.9640864,calm,1,c:\Users\Kacpiro Recenzje\Desktop\Studia\XAI_2026\data\raw\Actor_15\03-01-02-02-01-01-15.wav
-380.8425,110.01836,12.175871,17.140049,8.291388,15.862689,-5.8236256,5.5982327,-0.28914052,0.583171,0.10261265,-2.9753149,1.2304907,0.94337344,1.2702318,-1.9717072,-0.22456565,2.9851546,-1.7549657,-1.1705726,-1.3215082,-2.7347758,2.6477156,0.815226,-3.321004,1.1127095,-1.3672526,-1.8636063,-1.2132598,-0.64860517,-0.28943446,-1.3840231,-1.7327569,-1.3276267,0.79840314,-1.1538718,1.2629592,0.6229175,-0.64098275,0.9070584,calm,1,c:\Users\Kacpiro Recenzje\Desktop\Studia\XAI_2026\data\raw\Actor_15\03-01-02-02-01-02-15.wav
-347.5534,121.75537,15.743237,20.29915,11.762235,17.611574,-4.9299107,5.5500193,0.64443123,-1.2201482,-1.2578666,-3.5951672,-3.3108838,0.20252205,-0.7552617,-3.0148969,-2.1722794,2.538506,-1.406165,-3.1833725,-0.05873642,-4.191781,0.9648041,0.58338696,-5.3109245,0.9368813,-2.0999453,-3.2388465,-0.9190107,-2.1691544,-2.069138,-1.5851448,-2.0625694,-1.6595128,-1.5675703,-1.6735853,-0.47335166,-0.8210152,-1.4373103,-0.18010955,calm,1,c:\Users\Kacpiro Recenzje\Desktop\Studia\XAI_2026\data\raw\Actor_15\03-01-02-02-02-01-15.wav
-325.8565,109.606255,1.0401664,26.435244,4.1712065,19.738995,-3.7180002,9.524473,-4.237231,0.30121693,1.328795,-0.3251438,-2.8260338,3.6676953,0.37272698,-3.253265,-1.2364496,3.095184,-2.6805599,-1.05682,-1.9187418,-2.2268581,2.5830555,0.13340673,-4.9204264,3.167282,-2.6939821,-2.3353877,-1.0364392,-1.5787418,-1.751833,-1.500908,-2.221702,-1.3563063,1.402387,-2.893408,-0.24150205,-0.45059916,-1.5546529,0.61281,calm,1,c:\Users\Kacpiro Recenzje\Desktop\Studia\XAI_2026\data\raw\Actor_15\03-01-02-02-02-02-15.wav
-432.90433,95.998665,-0.51266915,3.865511,12.355514,15.257174,-6.7208276,0.732273,0.116976365,-0.9112679,-5.276851,0.53266734,1.4224946,0.3455053,-0.05354769,0.1519869,0.66750085,0.98174983,-0.5201035,-0.177896,-0.31215295,-3.473829,1.7057261,1.7202765,-2.7744513,0.026205076,-1.0397772,-0.14787222,-0.9464567,-1.627059,-0.60209745,-0.26199266,-0.5810691,-0.10427871,-1.3914715,-1.0991685,0.22789446,-0.38247514,-0.9639688,-0.20545803,happy,4,c:\Users\Kacpiro Recenzje\Desktop\Studia\XAI_2026\data\raw\Actor_15\03-01-03-01-01-01-15.wav
-433.232,92.93476,1.2361771,7.1989503,10.978023,15.0360775,-5.479302,3.5661042,2.4848819,-1.0282456,-3.2725983,1.0458664,0.14512976,1.3220698,1.8258585,-0.21521504,-0.23047432,1.6327336,1.0101787,-0.29668826,1.2084873,-4.339402,2.5639665,3.5568955,-3.4044223,0.34693536,-0.9471021,-0.4596221,-0.002723261,-1.375155,-0.49096328,-0.5536584,-1.4664931,-1.0738146,-0.6961139,-0.5872159,-0.099797785,-0.99633527,-1.0534499,0.07906804,happy,4,c:\Users\Kacpiro Recenzje\Desktop\Studia\XAI_2026\data\raw\Actor_15\03-01-03-01-01-02-15.wav
-406.2751,93.62205,1.7829887,5.3458505,12.71901,18.206615,-3.4568775,2.2719152,-2.1457956,-0.5667029,-2.5164921,-1.3401604,0.37405667,0.34739143,0.5034509,-0.8211875,-0.42444962,1.2056671,-1.0063264,-0.8801121,-0.5049196,-2.7622616,1.0068978,-0.73036444,-4.2338176,0.10650013,-3.2303112,-1.4890167,-0.48106217,-2.5558443,-1.6675208,-0.39671284,-0.9755775,-0.44586107,-0.39950052,-0.823373,1.7512126,1.2821218,0.4895778,1.9353733,happy,4,c:\Users\Kacpiro Recenzje\Desktop\Studia\XAI_2026\data\raw\Actor_15\03-01-03-01-02-01-15.wav
-402.63165,96.70698,-0.6318013,7.6370797,10.309978,19.512466,-6.1545324,0.77581114,-1.13972,-0.1390092,-4.623151,-1.4030539,-1.2385142,1.2154887,1.6475027,-0.37572074,0.03380931,2.8966122,0.47907728,0.40057796,3.1995792,-1.6343998,1.853056,1.5188832,-3.4918058,1.4817953,-2.25309,-0.00714858,-0.10120196,-1.3357215,-0.5353428,-0.70796245,-0.40117237,-0.6294765,-0.7536629,-0.06467068,0.39047855,1.2318333,-0.7912468,0.5194417,happy,4,c:\Users\Kacpiro Recenzje\Desktop\Studia\XAI_2026\data\raw\Actor_15\03-01-03-01-02-02-15.wav
-390.30746,82.70918,-6.8570747,16.196995,11.367542,17.901585,-4.097709,5.186399,5.1050954,2.4446657,-1.470602,6.071804,1.8090076,1.5148647,3.419977,2.9579396,1.9725162,4.2767,3.7683659,2.7425983,2.110159,0.32983068,3.4158394,4.337039,-2.61447,1.3719699,2.309456,2.1702201,-0.5355096,0.18538655,0.38068065,-0.3143403,-0.0840104,0.8230247,-0.37702546,0.112916335,2.5759788,1.4127492,2.9129236,5.271343,happy,4,c:\Users\Kacpiro Recenzje\Desktop\Studia\XAI_2026\data\raw\Actor_15\03-01-03-02-01-01-15.wav
-416.69748,95.73184,-7.6936674,5.813756,14.157459,18.815132,-6.107916,0.622726,3.801304,-0.49163267,-5.462768,2.3582122,2.933122,1.2952783,-0.37765524,0.5065944,0.568794,3.22347,-0.14946704,0.39838284,1.4005648,-2.4776278,1.1064107,2.2345781,-2.1405337,0.91708344,-1.0556688,-0.54373384,0.7300654,-1.2654172,-0.39676604,0.114638686,-0.5208857,0.3292009,-1.4834073,-0.5152854,0.41880754,-0.7245949,-2.4318178,0.13055539,happy,4,c:\Users\Kacpiro Recenzje\Desktop\Studia\XAI_2026\data\raw\Actor_15\03-01-03-02-01-02-15.wav
-343.77084,92.99668,-8.395344,8.455109,9.831125,17.823395,-9.613791,-0.7656235,1.112823,-3.157946,-6.2275505,0.8124499,-0.36117214,-1.1748364,0.7267846,-0.5207305,-2.290623,2.5383527,-0.31388,-1.7077926,-1.0351117,-4.64168,-1.1791005,1.410104,-4.971268,0.4684098,-0.3930077,-0.8239478,-2.6078002,-2.7224507,-2.1887052,-1.8581612,-2.5206091,-0.9828084,-2.1969292,-1.9871292,-0.42055592,-0.9268171,-1.1531192,1.749152,happy,4,c:\Users\Kacpiro Recenzje\Desktop\Studia\XAI_2026\data\raw\Actor_15\03-01-03-02-02-01-15.wav
-430.32574,86.17998,-11.254624,7.68964,11.550016,16.209475,-7.9854217,0.89475787,0.024330843,-1.540278,-4.476533,1.6485015,2.3434641,1.0672389,0.41023546,-0.7962335,-0.6593116,2.604693,-0.5360652,-0.31509918,0.4056673,-3.2737556,-0.1909177,2.0442116,-4.2062244,0.36401963,-0.47373897,-0.17726244,-0.13049008,-2.201745,-1.8233565,-0.1380438,-1.1187773,0.33072072,-1.7436696,-0.9561904,-0.22339594,0.0020732745,-2.098444,0.05671209,happy,4,c:\Users\Kacpiro Recenzje\Desktop\Studia\XAI_2026\data\raw\Actor_15\03-01-03-02-02-02-15.wav
-406.5235,93.96385,1.7272577,13.36085,9.035449,18.790932,-8.361872,4.588507,1.1210585,-2.9312682,-0.89972895,0.51165444,-0.68745035,-1.3260769,-0.20747711,-0.622797,-2.1714158,-0.09394415,0.12620704,-1.8956944,-0.22571862,-4.2068152,0.16377492,1.6804141,-3.4735718,-0.24494854,-1.7985071,-0.62972057,0.29283187,-0.8953527,1.7223389,1.1817528,1.0628871,2.010001,2.1794941,-0.38022077,0.6265187,0.93498415,-1.457683,0.45178548,sad,6,c:\Users\Kacpiro Recenzje\Desktop\Studia\XAI_2026\data\raw\Actor_15\03-01-04-01-01-01-15.wav
-419.34518,93.585,4.144068,17.77441,9.358708,22.17185,-4.190474,8.483335,4.7270722,-2.3532214,2.4879608,3.6996083,1.5859545,3.573256,4.696359,1.9710534,-0.24166827,3.184048,0.084230356,-0.35698745,1.5035418,-2.5688522,1.8612628,2.7943854,-2.4740655,2.245595,-1.0314885,0.20704657,1.1322523,-2.1925647,1.8809762,-0.49960485,-0.5266071,0.7542872,1.4230994,-0.48433977,1.5059191,1.3609279,-1.0627197,1.3533052,sad,6,c:\Users\Kacpiro Recenzje\Desktop\Studia\XAI_2026\data\raw\Actor_15\03-01-04-01-01-02-15.wav
-409.12012,85.06054,0.74629354,12.093069,9.122996,19.667807,-2.4917464,4.1152973,1.8573086,0.06891821,1.1624914,1.4049641,1.0852968,2.1373422,2.8471243,2.9270313,-0.045489263,2.8255486,1.953591,-0.5615692,0.70373476,-2.476369,1.020505,1.7094947,-2.4983456,1.7950624,-1.4416482,0.3490423,0.5280187,-2.0807173,-0.0012347716,-0.49901938,-1.2716322,-0.6297653,0.43341202,-0.9819205,1.2553513,0.51177895,-1.1086737,1.16284,sad,6,c:\Users\Kacpiro Recenzje\Desktop\Studia\XAI_2026\data\raw\Actor_15\03-01-04-01-02-01-15.wav
-389.81094,102.07766,4.3530717,15.069464,9.426017,23.581472,-5.7371635,7.074046,-1.081373,-2.646633,-0.9097298,0.19079484,0.20751455,-2.733653,-1.812223,-1.4303067,-1.9635793,0.38886333,-1.4291147,0.18408947,0.1231374,-4.731829,0.8213352,0.864183,-5.195102,-0.13576731,-2.7482195,0.60969275,1.9344292,0.84461236,2.9359994,1.8591425,0.97484183,1.6312248,1.3971876,-0.48048097,1.1085813,1.6674863,0.2773616,1.306402,sad,6,c:\Users\Kacpiro Recenzje\Desktop\Studia\XAI_2026\data\raw\Actor_15\03-01-04-01-02-02-15.wav
-368.21198,72.49909,4.856124,9.60974,11.168811,13.924589,-0.032493755,1.897936,3.9942336,-1.134055,0.89574975,1.7744206,0.4112188,2.5786943,3.6268814,1.7534422,0.11830799,2.729412,2.1712132,-0.5893612,1.8077607,-1.0912235,3.035509,3.9318063,-2.204383,0.86334926,1.6792583,-0.058204055,0.57012445,0.20640163,0.3994385,-0.2328954,-0.6824042,1.0018529,-0.18164802,-0.6161022,1.486808,0.45201004,-0.28138506,1.0065807,sad,6,c:\Users\Kacpiro Recenzje\Desktop\Studia\XAI_2026\data\raw\Actor_15\03-01-04-02-01-01-15.wav
-369.81467,75.20176,6.2559023,9.378893,9.022931,15.984143,0.519462,3.0865703,3.1140616,-0.31328696,-0.15290952,3.073349,1.2255747,1.0032182,3.1090617,1.4267493,0.23293245,2.6744545,3.2544584,0.13822877,1.977309,-1.6647373,1.2251464,3.2575047,-1.2847226,0.021555312,0.92138,0.015118429,-0.21198955,0.31502056,0.18972948,-0.46316203,-0.91431314,0.52551764,-0.4861026,-0.81820416,0.42264003,0.27940276,0.17139544,0.28729475,sad,6,c:\Users\Kacpiro Recenzje\Desktop\Studia\XAI_2026\data\raw\Actor_15\03-01-04-02-01-02-15.wav
-428.4921,89.55733,-8.388555,10.782679,6.7515993,19.384565,-8.695766,2.6303287,1.4398674,-4.1439304,-2.3512795,1.7643238,-1.1616024,-3.73814,-0.3006369,0.10322319,-3.0179694,1.491161,1.508628,-0.90226054,-1.3734217,-4.9613624,-1.3408636,0.8272795,-4.6731086,-2.0187786,-2.6349359,-0.7578614,-0.92562133,-2.4510303,-0.21649021,-0.5371446,-1.5009961,0.193927,-0.39960295,-0.48806742,-0.4512816,0.12873943,-0.7358923,-0.09141216,sad,6,c:\Users\Kacpiro Recenzje\Desktop\Studia\XAI_2026\data\raw\Actor_15\03-01-04-02-02-01-15.wav
-389.77576,92.102066,0.7786774,15.024701,9.49964,22.710234,-0.4768428,5.0119762,2.3264565,0.25618207,0.33998984,4.3393517,0.42354038,0.7478579,0.67254204,1.9480461,0.23508534,3.6278942,3.83515,0.9597278,2.32173,-2.3246732,0.5456052,2.2438946,-2.758958,-1.257558,-1.1331673,0.87698704,-0.904238,-1.3086048,0.13645735,-0.083387606,-1.6951487,0.971785,-0.086897776,0.39753196,0.7079067,0.63233644,0.09858909,0.26213917,sad,6,c:\Users\Kacpiro Recenzje\Desktop\Studia\XAI_2026\data\raw\Actor_15\03-01-04-02-02-02-15.wav
-407.13342,87.21394,-4.027575,9.731437,6.754765,14.8776245,-9.48334,3.9224274,4.2524405,-2.0293515,-4.2205734,1.1287981,0.2751494,-0.40902278,0.07203236,-0.86691034,-1.0201077,1.7297294,1.6955949,-0.7987487,-0.49094522,-1.7871459,-0.057807274,0.30797473,-2.0998695,-0.22449619,-0.047389254,-0.81295866,-1.8948176,-1.3362566,-0.3189657,-1.042567,-1.3793061,0.13109489,-0.22722633,-0.8259662,-0.32880577,1.219498,1.9036953,2.4183533,angry,0,c:\Users\Kacpiro Recenzje\Desktop\Studia\XAI_2026\data\raw\Actor_15\03-01-05-01-01-01-15.wav
-391.91705,82.218895,-7.2221203,7.3554115,1.6449089,11.02755,-12.87428,2.2141793,2.718676,-3.492166,-4.224866,1.2997748,-2.8805861,-2.399767,-0.027009897,-0.017008653,-3.0740635,0.32055232,-0.539889,-4.0770884,-2.3776371,-2.0570612,-1.0317973,-0.9430587,-4.213584,-1.2445658,-0.32806498,-2.1537073,-2.7359822,-0.81868947,0.101784565,-0.6569667,-2.5047698,0.40479857,-0.49951887,-0.039882902,0.59918463,1.792501,1.8982608,1.918176,angry,0,c:\Users\Kacpiro Recenzje\Desktop\Studia\XAI_2026\data\raw\Actor_15\03-01-05-01-01-02-15.wav
-386.44635,94.125694,-4.3345118,10.186418,6.3697796,21.667334,-12.066131,5.5794334,2.890382,-0.66391647,-3.22299,0.24990325,-2.2288637,-0.32677573,0.11276256,1.2509818,-2.9294033,4.171604,0.2379151,-4.3584914,-0.3612499,-2.159357,-1.7565014,-0.29301533,-4.1910877,1.0326344,-0.42902982,-2.489618,-2.1243777,-0.3954411,-1.0559696,-0.6291571,0.5443843,-0.487428,-0.052966285,-0.5419399,0.19815183,0.273911,-1.7756822,1.1626348,angry,0,c:\Users\Kacpiro Recenzje\Desktop\Studia\XAI_2026\data\raw\Actor_15\03-01-05-01-02-01-15.wav
-414.94907,71.03818,-10.767881,9.692744,0.057871502,11.310731,-12.326487,0.6173732,2.2790887,-4.132937,-6.112346,2.1410089,-3.0386572,-3.9590466,0.30920225,-0.2620922,-3.6928833,0.77106047,-0.4248404,-4.6064854,-3.4345903,-1.793541,-2.971623,-1.0133507,-4.260427,-1.8031653,-1.8071083,-3.212259,-4.175655,-2.6096394,-2.5255015,-0.6938166,-2.2958698,1.1103384,0.82345563,0.68245167,1.4799862,0.55107516,-0.5251646,0.46867177,angry,0,c:\Users\Kacpiro Recenzje\Desktop\Studia\XAI_2026\data\raw\Actor_15\03-01-05-01-02-02-15.wav
-394.9079,68.99724,-15.688546,4.9951215,0.112089336,5.1351633,-10.29558,1.1418178,-0.11008886,-3.7773268,-7.007104,0.04061392,-3.4753487,-4.3193264,-2.2940192,-0.85594356,-4.8728514,-1.5589093,-0.93921536,-4.6046214,-2.9991512,-1.505996,-1.090502,-1.0921233,-3.7378907,-1.5957942,-0.9607414,0.13758233,0.360252,3.2951193,1.8702635,1.2372739,-0.20870215,0.7703198,1.6775632,2.5839624,5.137653,4.7524877,3.2482378,3.2212875,angry,0,c:\Users\Kacpiro Recenzje\Desktop\Studia\XAI_2026\data\raw\Actor_15\03-01-05-02-01-01-15.wav
-383.5169,77.462585,-10.674679,6.1082816,-0.9392621,7.2646313,-13.923336,0.7707019,3.3576677,-5.923261,-6.387978,0.07630368,-3.8032045,-2.3298295,-1.5491261,-1.9623764,-5.4846835,-0.5453985,-1.8760633,-6.1175785,-2.5408347,-2.6459835,-1.6495819,-0.2528904,-3.883063,-1.5157244,-0.06820316,-0.91632134,-2.6603405,0.24968918,0.24421702,0.409617,1.5266464,3.7502844,6.022467,5.4258137,5.2873354,5.4701605,3.2740276,2.878648,angry,0,c:\Users\Kacpiro Recenzje\Desktop\Studia\XAI_2026\data\raw\Actor_15\03-01-05-02-01-02-15.wav
-389.58383,72.11723,-7.0340834,10.381545,5.3056717,17.609055,-7.606956,0.99024117,-2.2763228,-0.58235776,-4.356942,-0.2917757,0.064591214,1.3196366,0.19819684,2.0564146,-2.381433,2.8843668,0.6858658,-2.830339,-3.0870867,-1.2788192,0.48348156,-0.07128376,-3.7696755,-0.461453,-2.5277815,-1.9927998,-2.5340407,-2.2385962,-0.9063161,-0.65325516,-2.3044941,-1.0815482,-2.4550066,-1.2989199,0.3219992,1.9660627,0.9623969,2.3723001,angry,0,c:\Users\Kacpiro Recenzje\Desktop\Studia\XAI_2026\data\raw\Actor_15\03-01-05-02-02-01-15.wav
-414.5915,59.111122,-12.708531,7.5439887,0.6259272,8.48553,-13.205844,-0.086495906,-0.18582694,-5.836217,-6.2133527,-2.7312927,-4.852114,-2.460869,-1.4706638,-2.5415425,-7.250426,-2.6208837,-2.3583338,-5.334542,-3.4197724,-1.8760594,-0.7766052,0.4413228,-0.119281285,2.0288718,0.9716888,0.7111205,-0.703307,1.6358826,1.3102841,2.858729,1.5186445,1.3735805,1.3658885,1.2182902,2.3653085,3.7087057,3.968434,3.112664,angry,0,c:\Users\Kacpiro Recenzje\Desktop\Studia\XAI_2026\data\raw\Actor_15\03-01-05-02-02-02-15.wav
-355.03497,78.218216,8.26989,15.968366,8.806702,21.780611,2.5682957,6.336443,3.9306014,-0.63755774,3.7343395,3.5562947,2.5447583,3.574438,4.670589,2.9818034,0.69804823,5.290259,4.086474,0.6816733,2.3059242,0.16038026,3.134364,3.924585,-0.9840064,1.6147705,1.2985835,0.7552537,1.9227972,0.57326823,2.059326,-0.35042122,0.45253295,1.6258289,1.0064836,0.39846054,1.2980653,2.0780518,-0.225492,1.8349434,fear,3,c:\Users\Kacpiro Recenzje\Desktop\Studia\XAI_2026\data\raw\Actor_15\03-01-06-01-01-01-15.wav
-388.46182,79.16631,1.8816074,17.359552,5.199268,20.558691,-2.641506,3.892499,-4.573085,-2.4654765,3.4356558,6.002885,0.30063742,2.243378,2.4839888,4.5675716,0.70505494,2.4018278,1.4639018,-0.0026584382,2.7680712,1.2356026,1.2391255,2.710848,-1.6093781,1.6709433,0.27003604,0.3021446,-0.19341813,0.1309425,0.41512406,-0.21246079,-0.11151919,1.5356567,-0.99472415,-0.21643819,0.4229462,1.5537328,1.4267366,2.7021909,fear,3,c:\Users\Kacpiro Recenzje\Desktop\Studia\XAI_2026\data\raw\Actor_15\03-01-06-01-01-02-15.wav
-376.95917,75.18623,5.8844533,20.73923,4.007532,21.79612,-0.29544133,6.6788297,-3.299483,-0.15174206,2.7322624,6.4870586,0.53305423,1.2048299,1.4936352,4.509646,1.4169391,2.8713388,1.210688,-0.48269567,1.162586,0.4564105,-0.51272804,0.6287342,-4.1401157,1.739287,-0.335057,-0.5927131,-1.68468,-0.46758536,-0.271915,-0.8933005,-1.2857358,1.007449,-2.6801496,-1.5775731,0.33811373,0.32654983,-1.0115094,0.54711354,fear,3,c:\Users\Kacpiro Recenzje\Desktop\Studia\XAI_2026\data\raw\Actor_15\03-01-06-01-02-01-15.wav
-353.39105,86.18488,-16.087658,22.26972,-3.4453065,19.318613,-9.060076,0.7155486,-9.549465,-8.188984,-2.2701657,0.29952636,-2.359458,-3.892592,-3.9027126,-1.0405209,-3.4735107,1.8983613,0.27195892,-2.0200427,1.5836416,-1.832168,-0.56318575,-0.9885534,-5.196948,0.6384875,-1.0075171,-1.2399768,0.3157723,-1.3417512,-2.290166,-0.17175893,-1.1014186,1.0928255,-1.0836909,-1.2979575,2.6624868,2.30077,1.3884032,3.1028528,fear,3,c:\Users\Kacpiro Recenzje\Desktop\Studia\XAI_2026\data\raw\Actor_15\03-01-06-01-02-02-15.wav
-395.70325,73.445274,-5.4437227,15.809923,5.733459,18.25078,-5.8586903,4.2466264,1.9083661,0.43410757,-2.1600165,3.049775,0.6401274,-0.78796107,1.6402483,3.1363232,-0.2517908,2.4310243,3.2112257,-1.0735385,0.93170446,0.52619034,0.3916092,1.4563267,-1.7782589,0.52279586,-0.32424608,0.73147833,-0.6888088,-0.23738499,0.10884009,-0.23028651,-1.224331,1.261564,-1.5365577,-2.5220215,0.4848208,0.37767634,-0.35200232,1.1000252,fear,3,c:\Users\Kacpiro Recenzje\Desktop\Studia\XAI_2026\data\raw\Actor_15\03-01-06-02-01-01-15.wav
-358.0329,65.415794,-9.991308,15.454825,5.88696,15.564502,-6.737188,0.7388066,-1.7740731,-1.3287277,-4.3128004,2.1507638,-1.2245871,-1.6161369,0.5049919,0.06418593,-2.8187807,1.1908143,0.83766633,-0.94202113,0.70832485,-1.0889343,-0.090774536,2.0496552,-1.5616384,1.1024923,1.2507712,0.5944182,-0.92574185,0.8165355,1.2447066,1.694833,1.0118512,1.9544449,1.2737976,0.7547511,5.5165944,5.484877,6.1712213,8.637209,fear,3,c:\Users\Kacpiro Recenzje\Desktop\Studia\XAI_2026\data\raw\Actor_15\03-01-06-02-01-02-15.wav
-389.73193,73.92295,-4.8789144,16.068802,7.815193,21.185938,-7.1406126,3.111067,-0.22610712,-0.30964565,-2.0883071,4.0132365,-1.381789,-1.0246327,1.2953898,2.9626002,0.2982247,2.7765334,1.924439,-0.33466735,2.4628417,0.057631038,-0.11747899,1.5279331,-2.6926587,0.13765262,-0.7504543,0.28969312,0.4042075,-0.5245742,-0.3526064,0.78033394,-1.0483671,1.1767228,-2.1831346,-1.7501096,0.40825373,1.1350018,1.28241,2.1034746,fear,3,c:\Users\Kacpiro Recenzje\Desktop\Studia\XAI_2026\data\raw\Actor_15\03-01-06-02-02-01-15.wav
-381.91138,72.5865,-12.548508,9.525406,2.1135347,17.392227,-10.162705,0.90516347,-2.1821582,-6.138895,-5.4856095,3.1875505,-1.7917063,-2.6368866,1.6935695,1.2126987,-2.9529638,0.8831596,1.6140609,-3.6163912,-2.5904307,-1.1795965,-0.66986465,-0.27608067,-4.1513157,-1.4546329,-0.87722784,-0.7956445,-2.9934735,-3.8131692,-1.9238297,-1.4777681,-3.5054896,-0.3731821,-3.123955,-2.9689162,0.21240981,-1.6457005,-1.7620834,1.6927541,fear,3,c:\Users\Kacpiro Recenzje\Desktop\Studia\XAI_2026\data\raw\Actor_15\03-01-06-02-02-02-15.wav
-327.42444,108.23811,1.7018473,14.192016,2.4498851,22.69565,-7.7224283,0.93960786,-5.4124546,-4.134346,-4.42726,0.4916307,-1.6326863,-3.0080893,-1.7125735,0.46724933,-3.2300081,0.91626364,1.711713,-3.745839,-1.9781561,-4.038262,-2.0739157,-2.6977575,-4.3900757,-0.6536056,-1.920934,-1.9726334,-3.0404534,-1.4556222,-2.5584815,-2.5707128,-0.00706509,-1.2295723,-1.5126592,-1.1440151,-0.17134446,-0.3688691,-0.8593508,0.031034619,disgust,2,c:\Users\Kacpiro Recenzje\Desktop\Studia\XAI_2026\data\raw\Actor_15\03-01-07-01-01-01-15.wav
-380.3711,117.63057,-10.129635,3.9918854,5.6651697,17.423277,-8.025111,3.2105021,-3.3934188,-5.040315,-1.3919318,0.5610347,1.4418389,-1.1215369,-1.9878631,-1.1982169,-2.1219306,4.739348,1.8072476,-1.9280263,-1.8436186,-2.5839057,0.18031333,-4.9094033,-3.519973,2.1654496,-2.6565006,0.6330261,-1.9295683,-0.70942354,0.15605764,-0.95523095,-1.0877087,0.059263296,0.48772675,-2.202862,1.4864335,0.03525132,-0.8197267,0.7313828,disgust,2,c:\Users\Kacpiro Recenzje\Desktop\Studia\XAI_2026\data\raw\Actor_15\03-01-07-01-01-02-15.wav
-346.43884,109.52099,0.56883746,11.272582,4.1019654,23.862436,-5.7758045,2.2282887,-9.514221,-7.2850246,-1.211867,1.4494134,0.77355945,-1.1496911,-3.1707172,-0.57445693,-1.6833845,4.7111506,0.49836126,-3.0592945,-2.0342734,-2.1778061,0.816153,-3.4638498,-5.737709,0.20586182,-2.0689573,-1.392372,-1.1351151,-0.6052455,-1.8197361,-1.0841441,-0.08703231,0.9311372,-0.80171233,-1.0210541,0.73051924,0.17115957,-0.06688709,1.6922778,disgust,2,c:\Users\Kacpiro Recenzje\Desktop\Studia\XAI_2026\data\raw\Actor_15\03-01-07-01-02-01-15.wav
-328.84634,109.02765,-0.5104056,13.327707,3.2451546,21.977257,-8.118882,0.751556,-3.261142,-6.7465897,-6.5484557,-1.0548828,-2.6688933,-4.8189616,-1.8979474,-2.0972195,-4.1815443,2.2755854,0.61928016,-4.7464223,-3.2707102,-2.001781,-2.1641366,-1.3909912,-6.199295,-3.643056,-0.9955488,-2.1540704,-3.7796242,-2.3875558,-1.4022563,-3.845002,-2.5333931,0.9321816,-0.59182835,0.8057718,1.5401605,1.7381244,1.4036857,2.4832056,disgust,2,c:\Users\Kacpiro Recenzje\Desktop\Studia\XAI_2026\data\raw\Actor_15\03-01-07-01-02-02-15.wav
-345.01984,91.15565,-6.8019204,9.870044,8.578612,17.002024,-5.019946,1.3586705,-0.8226593,-4.0127587,-1.6344458,0.7236209,-1.923769,0.4706804,0.36838722,0.27369705,0.15752394,3.8284285,0.6658755,-0.9271686,0.22493489,-1.8294446,-0.4549741,-0.47502503,-1.9473331,-0.910387,-1.9124295,-0.011195622,-1.4318808,-0.6222807,-0.28759474,0.6895649,1.0671211,0.37089494,1.6077359,2.0855799,1.1997412,1.7143536,1.5666311,1.4816325,disgust,2,c:\Users\Kacpiro Recenzje\Desktop\Studia\XAI_2026\data\raw\Actor_15\03-01-07-02-01-01-15.wav
-359.58167,116.23191,0.3417659,13.667716,5.9914727,21.304096,-4.4494085,4.4487147,-1.6320373,-4.427261,-0.91679066,2.945832,3.302948,3.6592238,1.5594549,3.3520405,0.35787877,2.970016,2.6777163,1.8969947,2.4198003,-1.5298932,4.0905366,3.5732002,-1.7654036,2.6333401,1.2744924,3.2503872,2.7346113,2.3940196,0.6242364,0.85363615,2.0648022,1.9398929,1.6205121,0.08550073,2.0028822,2.7005053,0.95160574,3.935578,disgust,2,c:\Users\Kacpiro Recenzje\Desktop\Studia\XAI_2026\data\raw\Actor_15\03-01-07-02-01-02-15.wav
-366.27927,91.248314,-0.22453168,6.609544,5.5686526,19.396294,-3.8793633,3.1047585,-1.9387363,-4.311817,1.8239499,0.64062786,0.98747635,1.14452,2.7035909,2.4726012,-1.830008,4.4691324,2.7168276,-1.3447447,-0.085927114,-1.3725535,1.9308219,0.46907076,-2.176942,0.84026116,-0.5746956,-0.24033935,0.4619384,0.46060818,-0.7563724,-1.3666354,-0.2780146,1.0325018,-0.6652597,-0.95504934,0.87076735,-0.12512521,-0.08341461,1.439298,disgust,2,c:\Users\Kacpiro Recenzje\Desktop\Studia\XAI_2026\data\raw\Actor_15\03-01-07-02-02-01-15.wav
-398.2729,84.94275,-2.1155791,13.072088,1.6446534,22.5232,-7.896016,4.87766,-5.0490446,-4.454828,-0.5271431,3.3675685,-4.69476,-0.6052864,-0.36926642,0.29142734,-4.6813264,3.5898492,1.6408559,-5.4291096,-2.8622096,-0.7516497,-1.1862158,-2.203557,-5.092092,-1.0765256,-2.040143,-0.53270465,-2.8139234,-1.3009081,-2.1689284,-0.004521904,0.22002898,1.7693536,-0.21061511,0.041305866,1.9737568,4.087021,2.0681744,4.7666383,disgust,2,c:\Users\Kacpiro Recenzje\Desktop\Studia\XAI_2026\data\raw\Actor_15\03-01-07-02-02-02-15.wav
-390.96548,120.8071,-0.9769168,6.187808,12.846224,20.38224,-6.791544,3.2366805,-0.111395545,-2.0430691,-3.0806012,1.8663901,-0.09782524,1.0499395,-0.042728506,-1.0328777,1.930071,1.4534665,0.19145711,0.33927143,0.17049186,-5.2252126,0.7760558,0.5617592,-5.457996,0.38931426,-2.4887128,-1.2281864,-1.2024871,-1.7577769,-1.004112,-1.4943142,-0.64218616,0.54116637,-1.1286545,-1.8273108,0.53535765,0.32248384,-1.057388,0.084219016,surprise,7,c:\Users\Kacpiro Recenzje\Desktop\Studia\XAI_2026\data\raw\Actor_15\03-01-08-01-01-01-15.wav
-418.5982,85.2166,0.44935748,6.2549996,8.317508,13.021393,-4.801831,3.6066513,0.14123459,-3.1038997,-3.240612,1.5201184,-0.34181884,-1.1516316,-2.5199127,-1.6099589,-1.3766919,1.954959,1.1168576,-0.22870365,-1.2750214,-3.8683705,0.79134804,0.542261,-4.0197372,-0.059469346,0.8910905,1.1683646,0.5305643,-0.02461708,1.683884,1.1196219,0.18835574,1.3810687,-0.4193459,-0.64074767,0.5933555,0.09938444,-0.43963087,-0.43043688,surprise,7,c:\Users\Kacpiro Recenzje\Desktop\Studia\XAI_2026\data\raw\Actor_15\03-01-08-01-01-02-15.wav
-365.61066,102.01955,-5.3382483,7.27163,5.996733,18.70644,-8.965067,1.7250303,-2.316366,-4.000978,-6.267933,0.48743033,0.539701,-0.114046246,-2.0857637,-3.093218,-1.1934832,2.637825,-0.26113567,-1.3106942,-0.3135445,-5.113404,-1.1068003,-0.6496757,-6.2152596,-1.6722174,-2.3050673,-0.7193953,-1.909937,-3.1881938,-0.54240054,-0.40614977,-1.0682397,0.71716636,-1.5050431,-0.7426221,1.5624677,1.1236423,-0.44546872,1.0274673,surprise,7,c:\Users\Kacpiro Recenzje\Desktop\Studia\XAI_2026\data\raw\Actor_15\03-01-08-01-02-01-15.wav
-403.34335,92.10536,6.6221128,12.602309,8.266595,16.200415,-3.4847236,4.3252587,-2.789616,-4.7059793,-3.1282136,1.6947161,-1.2219337,-2.1469514,0.092019156,-0.5058423,-2.524257,-0.109524935,-0.87396795,-2.6342711,-1.6718847,-4.425499,0.34565973,1.2752093,-4.177237,-1.8509928,-0.9899357,-1.1534684,-2.1638908,-0.9385363,-0.8253213,0.17283203,-0.52800465,2.0207493,1.5927376,1.8804717,2.9232552,2.5122607,1.7236414,1.7228911,surprise,7,c:\Users\Kacpiro Recenzje\Desktop\Studia\XAI_2026\data\raw\Actor_15\03-01-08-01-02-02-15.wav
-425.0374,73.9668,0.671626,12.129559,8.48458,16.864231,-5.155054,5.5627036,0.25293547,0.5719455,-2.8957696,4.756252,1.7371298,0.16665877,0.87757665,2.1085594,0.33071622,2.0068705,2.4119394,0.4088146,0.84390974,-0.74366957,0.26815155,2.7795289,-2.0358064,0.85328823,0.2005971,0.82463634,0.122124776,-0.93848413,0.0652511,0.55864394,-0.4895828,0.73634416,-0.39943114,-0.042366084,1.1103595,1.1068045,0.7939434,1.5271535,surprise,7,c:\Users\Kacpiro Recenzje\Desktop\Studia\XAI_2026\data\raw\Actor_15\03-01-08-02-01-01-15.wav
-417.9072,84.81522,-2.621845,11.501709,13.544948,20.256788,-5.5968156,4.679819,2.916309,0.66985196,-0.9947803,5.7380147,3.6684003,1.22227,0.15788671,2.0876637,2.358148,4.0995536,1.7769935,1.7974993,2.0249274,-2.8868635,0.87279284,3.9144504,-2.4595692,1.6603825,0.8225517,0.987272,1.7514794,0.20824616,0.74858636,0.49445835,-0.281598,1.187037,-0.21497001,-0.31170553,1.6519555,1.5821517,-0.020322042,1.4503065,surprise,7,c:\Users\Kacpiro Recenzje\Desktop\Studia\XAI_2026\data\raw\Actor_15\03-01-08-02-01-02-15.wav
-439.20602,91.60058,3.207184,13.084672,11.810289,20.48544,-3.0403168,6.331629,-0.47631094,-1.4690908,-2.1322997,1.9005958,1.081348,0.71224976,1.6067923,2.0867128,1.2971786,2.0557473,-1.1545055,0.08170335,1.1844306,-2.1374512,2.0646148,1.6766393,-3.3812027,0.5559337,-1.504465,0.14445257,1.5142564,-1.3627797,1.0081269,0.5498156,0.652725,1.3655136,-0.46456033,0.15122412,0.41817236,0.37526405,0.5731015,1.1988192,surprise,7,c:\Users\Kacpiro Recenzje\Desktop\Studia\XAI_2026\data\raw\Actor_15\03-01-08-02-02-01-15.wav
-393.47342,90.77323,-1.3569509,13.083368,11.139948,21.398556,-5.807011,2.297912,-1.6552943,-2.799809,-4.80484,1.1578645,-1.3555617,-0.7151726,-0.29828513,0.7287072,-0.89403534,2.3764255,-0.5139421,-1.8006054,-1.7002579,-5.102701,0.05614984,1.3498265,-5.012059,0.32010844,-1.7764863,-1.571913,-0.05408597,-2.305763,-1.2413869,0.4793248,-1.0880815,0.8451339,-0.9473389,-0.89761555,0.40165356,0.14675328,-1.2175937,0.948079,surprise,7,c:\Users\Kacpiro Recenzje\Desktop\Studia\XAI_2026\data\raw\Actor_15\03-01-08-02-02-02-15.wav
-357.44217,85.02501,9.127828,14.621346,1.6197835,6.5282617,-12.243011,-3.5297432,-8.526724,-4.8691287,-5.3835955,-2.179187,-6.0463505,-7.132092,-0.9106858,-4.3245883,-5.6942105,-1.5780605,-6.0736327,-4.838449,-1.8054223,-4.0390034,-4.624138,-3.3523617,-5.1782427,-3.9322462,-4.503642,-4.3438416,-4.2689557,-3.7402647,-4.271686,-4.0888066,-4.016296,-2.8992674,-2.7681284,-1.994307,0.120681114,0.12044747,-1.4320312,-0.13466412,neutral,5,c:\Users\Kacpiro Recenzje\Desktop\Studia\XAI_2026\data\raw\Actor_16\03-01-01-01-01-01-16.wav
-381.21216,87.86054,4.7944226,16.15272,0.14594544,7.3768044,-14.900055,-3.106234,-9.456936,-3.4016376,-4.3108377,-1.9653612,-5.6354203,-6.3675427,-1.2419944,-3.1655667,-6.012819,-1.720293,-5.7276487,-4.857701,-0.66105306,-4.5678234,-4.868646,-2.2503147,-4.0234704,-3.533829,-5.495956,-3.4020984,-4.4062023,-4.057084,-4.840982,-4.0642924,-2.389868,-1.497997,-1.7668703,-0.57571197,-0.041665584,0.2617705,-0.9515592,-1.1516719,neutral,5,c:\Users\Kacpiro Recenzje\Desktop\Studia\XAI_2026\data\raw\Actor_16\03-01-01-01-01-02-16.wav
-361.69193,81.01927,3.6823115,16.434502,-0.78983456,9.309307,-15.557167,-8.063262,-11.300752,-3.859394,-5.052897,0.1546791,-5.533448,-7.018127,-0.8659631,-4.120516,-7.846948,-0.52842015,-5.5627155,-5.6193957,-2.9619532,-4.918827,-6.995028,-4.771147,-3.0620484,-5.0693135,-4.515667,-2.9124408,-3.4496043,-3.3701735,-4.043457,-0.453932,-1.3535961,0.17163216,0.29569748,1.1015248,-0.36476448,0.6937874,1.7966106,1.2617141,neutral,5,c:\Users\Kacpiro Recenzje\Desktop\Studia\XAI_2026\data\raw\Actor_16\03-01-01-01-02-01-16.wav
-378.61652,68.07267,5.573437,15.147807,0.40221086,7.5429287,-14.047902,-5.493386,-10.747941,-4.4816055,-3.70444,-3.8636777,-5.197927,-3.7589922,-2.7875662,-4.966091,-5.903078,-2.1220248,-6.5301986,-4.308386,-1.8487203,-4.27894,-6.070594,-3.8367765,-3.0785336,-5.594198,-4.5807376,-2.9335709,-1.8602942,-2.0516016,-3.747027,-1.055149,-1.8942561,-1.9959935,-2.6574366,-1.2806964,0.04652924,1.1195333,3.2415915,3.3520055,neutral,5,c:\Users\Kacpiro Recenzje\Desktop\Studia\XAI_2026\data\raw\Actor_16\03-01-01-01-02-02-16.wav
-358.0232,84.84917,4.1237164,14.349469,-1.2265538,8.027563,-11.877283,-4.475383,-10.472031,-0.43765324,-3.0487044,-1.7374749,-6.5992618,-6.4292693,-2.3568535,-3.0270233,-6.1244736,-2.0540493,-4.9725995,-6.2441506,-4.6282864,-3.5565627,-4.6818304,-4.0172567,-3.2850618,-3.4344525,-4.459442,-3.102511,-4.936413,-4.682236,-4.3839865,-4.3183756,-4.5340643,-3.2900748,-4.6471,-3.0992002,-2.1796222,-0.24016187,0.44925144,1.2602651,calm,1,c:\Users\Kacpiro Recenzje\Desktop\Studia\XAI_2026\data\raw\Actor_16\03-01-02-01-01-01-16.wav
-338.42758,87.10416,6.792932,18.293613,1.9452488,10.666554,-16.920137,-5.6407876,-7.2592835,-3.327091,-3.178532,-5.6100817,-6.941202,-7.1054735,-1.6286855,-3.0473151,-5.188101,-0.9964511,-6.5817847,-6.5158997,-2.8396654,-5.8646007,-6.0240784,-4.5828753,-4.7270107,-5.1240764,-5.230389,-4.834509,-3.9830072,-3.3892922,-2.3802009,-0.07968767,-0.54327697,-0.38848272,-1.393616,-0.982793,-1.331791,-0.28914702,0.613786,1.9674985,calm,1,c:\Users\Kacpiro Recenzje\Desktop\Studia\XAI_2026\data\raw\Actor_16\03-01-02-01-01-02-16.wav
-363.01727,71.87248,9.5704565,20.815632,0.1865375,10.979645,-16.651537,-5.6519785,-10.284171,-3.5801842,-5.5545444,-2.6043282,-7.9548635,-7.5531344,-1.1812409,-3.0443316,-9.32942,-2.189206,-5.3845153,-4.9976487,-3.3855278,-3.2196634,-5.433361,-5.9562063,-4.7459435,-6.488108,-3.896364,-4.038065,-5.145795,-4.481161,-4.7160516,-2.496291,-4.1442084,-3.3680513,-3.9388247,-2.0726466,-2.3428266,-1.2423358,0.05072714,0.1892934,calm,1,c:\Users\Kacpiro Recenzje\Desktop\Studia\XAI_2026\data\raw\Actor_16\03-01-02-01-02-01-16.wav
-393.76047,70.1852,4.563325,19.192509,-0.17346364,9.099983,-14.100789,-4.6142755,-11.683777,-4.2184606,-1.8173836,-3.7193174,-6.479267,-7.0609756,-2.3995767,-3.1529377,-7.317864,-2.8194358,-6.154985,-3.3002236,-2.7950726,-4.394759,-5.8675146,-4.6654115,-3.651993,-5.5719852,-6.0726275,-3.1170878,-3.9227095,-5.3999043,-4.8273077,-3.9264488,-5.2943487,-3.8165483,-4.608098,-4.061585,-2.927856,-2.2645059,-0.66853946,0.3366554,calm,1,c:\Users\Kacpiro Recenzje\Desktop\Studia\XAI_2026\data\raw\Actor_16\03-01-02-01-02-02-16.wav
-373.84845,80.41672,4.395958,12.289056,-0.17034176,5.557212,-12.738723,-4.9142056,-11.128735,-1.9104474,-3.1101906,-3.4351902,-7.094696,-6.974047,-3.004128,-3.7560892,-5.323055,-1.6049558,-5.3566585,-5.5812774,-2.803204,-3.85246,-5.26759,-4.88014,-4.893186,-6.0325046,-3.934788,-2.0250409,-3.7129946,-2.589104,-3.3361378,-3.6839297,-2.3798892,-2.0430615,-1.1226542,1.353357,-0.9114735,-0.5758959,-1.2135758,-2.3958874,calm,1,c:\Users\Kacpiro Recenzje\Desktop\Studia\XAI_2026\data\raw\Actor_16\03-01-02-02-01-01-16.wav
-351.07108,94.06111,-0.079357825,14.26748,0.5060912,13.872729,-16.09775,-4.114157,-10.447918,-5.0703177,-2.777119,-2.578092,-8.6410885,-10.278762,-3.1681519,-1.3317417,-8.703764,-2.4655693,-5.8548794,-5.4150105,-3.4483042,-3.5115383,-5.1624928,-5.6558447,-3.8351686,-3.8329973,-5.1353984,-3.8025942,-4.478642,-6.091745,-4.4747376,-2.3795054,-4.572483,-1.8864709,-3.2041967,-1.2650042,1.5997419,3.0794523,4.2948813,1.6129599,calm,1,c:\Users\Kacpiro Recenzje\Desktop\Studia\XAI_2026\data\raw\Actor_16\03-01-02-02-01-02-16.wav
-353.2438,80.17208,4.611278,18.442654,-4.312638,8.665606,-16.55865,-7.8871145,-11.142585,-3.8808959,-6.2401686,-0.6683933,-7.809529,-9.67388,-1.5931965,-1.37419,-9.01616,-2.2173316,-5.242901,-5.7972083,-4.70994,-4.3628936,-5.879561,-5.600368,-2.8133805,-4.7804275,-4.0439477,-3.6027727,-5.986448,-6.0748706,-5.1811075,-3.0567515,-2.9834747,-1.7445458,-4.5843186,-1.355395,-1.6204119,-1.7303668,0.17444454,-0.70266235,calm,1,c:\Users\Kacpiro Recenzje\Desktop\Studia\XAI_2026\data\raw\Actor_16\03-01-02-02-02-01-16.wav
-344.4227,82.94967,8.2779875,17.181519,-4.683787,11.157607,-15.43442,-8.885857,-10.567275,-3.3249388,-6.731545,-1.6810855,-6.0886807,-7.6885924,-0.9932909,-2.0317352,-7.8724947,-1.3345387,-4.721692,-4.768572,-4.455151,-4.2707047,-5.3585463,-4.81773,-4.2889056,-5.993995,-4.248563,-4.070541,-5.6607842,-5.564706,-5.8991985,-3.3239837,-3.981999,-3.645166,-6.164731,-3.9117818,-6.668288,-4.6031823,-4.194787,-3.1920655,calm,1,c:\Users\Kacpiro Recenzje\Desktop\Studia\XAI_2026\data\raw\Actor_16\03-01-02-02-02-02-16.wav
-387.0758,74.11461,-12.874941,4.988592,2.374064,3.22134,-13.249189,-4.6434393,-10.9001045,-7.0564885,-4.170735,-0.00854757,-7.545943,-8.483719,-0.64715827,-1.673831,-6.699477,-1.829269,-6.6197724,-6.82216,-3.9709132,-4.359398,-4.6544266,-4.223518,-3.9126246,-4.090185,-6.1390343,-3.0410001,-2.8467214,-3.9258487,-1.6290092,1.5405035,0.5278753,1.2594085,-0.3597806,-1.6657746,-3.583564,-2.6286051,-1.7097439,-0.18217804,happy,4,c:\Users\Kacpiro Recenzje\Desktop\Studia\XAI_2026\data\raw\Actor_16\03-01-03-01-01-01-16.wav
-358.8725,69.028145,-8.678707,8.8893,2.3278167,4.7865424,-11.511901,-3.7114863,-10.089289,-4.3138213,-2.22,-1.0722462,-6.7514267,-7.778556,-0.6104377,-1.1791984,-6.1768394,-1.42033,-5.274143,-5.2272363,-3.526378,-3.8057675,-3.6468601,-1.5983603,1.6005255,3.5212374,0.12904,0.62401456,-1.4335446,-2.4893553,-1.2739351,-0.053673763,1.5262551,2.1965842,0.60609245,0.07181977,1.2579489,1.9969071,1.9369767,1.9345229,happy,4,c:\Users\Kacpiro Recenzje\Desktop\Studia\XAI_2026\data\raw\Actor_16\03-01-03-01-01-02-16.wav
-363.45584,69.01601,-2.067369,9.030763,2.1516232,6.6895185,-12.893578,-7.0856805,-10.812014,-5.959534,-5.259365,-1.529775,-7.087564,-7.834599,-3.3631787,-1.8578786,-6.512849,-3.8091054,-5.291743,-4.966268,-4.9999003,-6.003631,-4.304696,-4.9070034,-5.2735004,-4.7217684,-6.7111583,-4.364941,-5.2713027,-6.100858,-4.3336987,-1.6331476,-1.2839924,0.946009,0.1192891,0.06653222,-1.0733136,-2.614496,-2.5536628,-2.2396922,happy,4,c:\Users\Kacpiro Recenzje\Desktop\Studia\XAI_2026\data\raw\Actor_16\03-01-03-01-02-01-16.wav
-383.6451,64.51698,-7.333475,7.8479133,0.23916799,6.0595975,-13.287261,-6.710683,-11.699264,-8.483816,-6.232841,0.2816882,-5.599687,-8.908766,-3.842499,-2.1749558,-6.807037,-4.0736256,-5.357642,-3.5555341,-5.831352,-5.829985,-3.7678468,-6.4678855,-4.581414,-3.8887005,-6.1699896,-3.794864,-3.068511,-4.8367367,-4.008811,1.0397484,1.3845137,3.4191709,3.931758,3.3023787,1.8623147,-0.10712189,-0.14450896,0.4587017,happy,4,c:\Users\Kacpiro Recenzje\Desktop\Studia\XAI_2026\data\raw\Actor_16\03-01-03-01-02-02-16.wav
-355.11917,72.228264,-14.612056,3.054267,-0.83070797,3.0830338,-13.466132,-5.6448274,-13.122313,-8.909644,-5.7587347,0.5296011,-7.980674,-9.90447,-3.5021188,-2.1795442,-7.375213,-3.4801817,-7.8327413,-6.4418764,-5.9215956,-6.22091,-6.3015347,-5.920539,-1.9485421,1.9581829,0.41679308,3.1998942,2.08761,-1.429118,-2.8679464,2.2284346,2.3774946,3.8427246,4.1126738,3.0583334,-0.3748881,-0.13407925,-1.2487499,-1.3300829,happy,4,c:\Users\Kacpiro Recenzje\Desktop\Studia\XAI_2026\data\raw\Actor_16\03-01-03-02-01-01-16.wav
-371.32672,59.31588,-18.851686,3.293844,0.15151696,1.8425821,-16.261404,-5.5665727,-7.7056217,-7.4400563,-4.431779,-0.037551068,-6.417337,-9.546212,-1.0570146,-1.1442198,-6.498293,-3.3899853,-6.8413877,-4.423126,-0.45190775,-1.7388548,1.0555375,1.6225878,2.143407,4.5301433,-0.3078986,1.5335816,3.6432793,2.555722,1.9494928,4.978143,2.3480332,-0.23030761,-0.13397585,0.088065356,0.318166,0.10611962,-1.2325276,-1.2543517,happy,4,c:\Users\Kacpiro Recenzje\Desktop\Studia\XAI_2026\data\raw\Actor_16\03-01-03-02-01-02-16.wav
-357.92764,62.254635,-14.40091,9.833683,-2.6853688,1.8196135,-19.958797,-9.00048,-14.068203,-8.614582,-7.1649923,-1.7547472,-10.714979,-10.878055,-4.6431217,-4.93164,-9.292898,-2.3466744,-7.0352144,-6.4882855,-6.234518,-7.4116116,-7.620318,-6.4570994,-5.1359053,-2.1125853,-3.6443264,1.7938081,2.066267,0.14553292,0.7023411,2.6817358,1.8752446,2.3637898,3.1812036,2.61106,1.743046,1.4308374,-0.2428842,-0.90199447,happy,4,c:\Users\Kacpiro Recenzje\Desktop\Studia\XAI_2026\data\raw\Actor_16\03-01-03-02-02-01-16.wav
-365.18668,66.46357,-10.183331,7.042054,-1.0648111,4.317434,-17.12787,-6.1278286,-10.567366,-8.566214,-4.5700684,1.3176978,-4.983394,-9.751096,-2.6933062,-1.6438076,-10.949637,-5.141068,-4.7936015,-3.9126885,-5.1714325,-4.639039,-4.913653,-6.190079,-3.314047,-2.9242,-7.121296,-4.772647,-2.9912035,-4.0628138,-3.6328645,1.2890108,1.1820673,1.6024779,1.8029928,2.358759,1.744425,0.9717922,1.2136977,0.44293258,happy,4,c:\Users\Kacpiro Recenzje\Desktop\Studia\XAI_2026\data\raw\Actor_16\03-01-03-02-02-02-16.wav
-395.55264,69.4712,0.11259558,14.172242,3.1447864,4.342869,-10.01039,-2.212926,-14.793164,-1.7929884,-3.9622347,-3.077619,-7.6871943,-5.9673243,-1.6835773,-0.9907718,-6.3325133,-2.145532,-3.3443313,-5.6941457,-2.805558,-2.0583308,-4.785907,-4.0855107,-2.957326,-3.45606,-3.9413798,-2.4626625,-5.301726,-4.3059444,-2.1849818,-0.6673347,1.3782845,2.3802633,1.6273954,2.870382,-0.360435,-0.3655757,0.93469065,-0.0938501,sad,6,c:\Users\Kacpiro Recenzje\Desktop\Studia\XAI_2026\data\raw\Actor_16\03-01-04-01-01-01-16.wav
-368.03824,86.048416,8.293419,12.6319685,4.361547,2.552917,-11.937389,-7.3467984,-13.432243,-5.5101438,-4.664905,-2.0697224,-7.605545,-8.470308,-1.2283603,-1.2523434,-6.4313016,-3.0745604,-3.573338,-7.1757846,-4.781526,-3.151273,-5.59669,-3.92777,-2.3538456,-0.5762256,-1.2567251,-0.08646604,-2.543867,-1.5720843,-1.4549216,-1.4682895,-0.83343357,-0.67658013,0.6053493,0.04307264,-2.6355762,-1.805945,-2.0882697,-3.3900917,sad,6,c:\Users\Kacpiro Recenzje\Desktop\Studia\XAI_2026\data\raw\Actor_16\03-01-04-01-01-02-16.wav
-393.0231,64.251305,5.4983873,12.281078,1.6632532,8.809468,-10.589499,-3.930317,-13.217209,-3.3016863,-5.005307,-0.026936796,-7.288486,-7.5346236,-2.3992484,-1.2387711,-6.290799,-2.0590825,-4.112779,-3.0481403,-3.7404344,-3.3335493,-4.611297,-5.250361,-3.8352146,-3.9144223,-5.12426,-3.2452054,-3.8745537,-4.6606827,-3.9036272,-1.5393589,-2.966833,0.1120876,-0.2648088,1.4100624,0.49827304,0.30288523,0.4587964,0.2327225,sad,6,c:\Users\Kacpiro Recenzje\Desktop\Studia\XAI_2026\data\raw\Actor_16\03-01-04-01-02-01-16.wav
-362.79575,65.37109,5.959424,14.817954,3.0951045,7.158469,-9.550762,-7.32277,-12.679653,-3.6095512,-5.7150073,-1.679348,-7.8779416,-8.387677,-2.9964812,-3.5523071,-6.086334,-1.4634935,-4.81302,-5.6699314,-4.177403,-3.8854115,-6.6887937,-5.496326,-3.3573852,-4.1153636,-4.8881264,-3.9476612,-5.9645925,-4.4639664,-4.9509397,-3.9278617,-2.7811277,-0.36002365,0.03790543,2.0306668,1.2132268,1.1508973,0.8462282,-0.4200202,sad,6,c:\Users\Kacpiro Recenzje\Desktop\Studia\XAI_2026\data\raw\Actor_16\03-01-04-01-02-02-16.wav
-351.70932,91.52503,-11.159128,6.3050494,5.311979,6.2186956,-15.557475,-12.256765,-21.10974,-11.535414,-3.9647365,-0.40031394,-9.992634,-11.248994,1.2309624,0.59321326,-10.214504,-5.5339336,-2.7533216,-5.8721657,-6.047234,-3.5066285,-7.012328,-7.461392,-4.3987813,-4.394754,-6.4250293,-3.349129,-3.1648583,-4.6896086,-2.7044413,-0.633047,-1.6330112,-1.0644311,-0.82801497,1.3640525,1.2025841,2.7548091,3.1952353,2.43336,sad,6,c:\Users\Kacpiro Recenzje\Desktop\Studia\XAI_2026\data\raw\Actor_16\03-01-04-02-01-01-16.wav
-338.01666,83.1348,-9.805556,10.9645195,-1.0291082,6.915736,-13.181526,-8.675011,-16.30129,-8.502286,-5.415138,1.9498999,-7.7510476,-12.210623,-0.57391757,2.3900204,-7.1193967,-4.872279,-3.393098,-4.0180974,-6.0954647,-3.0517933,-3.6834612,-6.3105083,-5.91346,-2.0031595,-1.8757627,-0.7967601,-0.21336679,0.41292512,2.7198238,1.9470894,1.7351898,2.5301783,1.1552013,4.0235486,2.9282062,2.0683687,0.3934417,-0.23458825,sad,6,c:\Users\Kacpiro Recenzje\Desktop\Studia\XAI_2026\data\raw\Actor_16\03-01-04-02-01-02-16.wav
-388.28372,74.31889,-2.5816522,10.566985,-1.8698969,6.347365,-17.934107,-10.50373,-15.217077,-9.258462,-9.8827915,-1.3472782,-9.262389,-11.499425,-4.0870934,-1.5068632,-11.28335,-4.9602895,-5.042417,-9.250198,-7.6195016,-5.8230257,-8.188153,-7.640418,-5.436617,-1.3015796,-2.8463287,0.5720756,1.372363,2.6008534,2.2812145,2.6333418,2.6338334,1.669802,1.7311248,4.258188,3.6111195,3.2233143,2.2959719,2.0107074,sad,6,c:\Users\Kacpiro Recenzje\Desktop\Studia\XAI_2026\data\raw\Actor_16\03-01-04-02-02-01-16.wav
-342.52167,82.72563,-8.597567,8.66808,-1.9672613,7.9231873,-18.617592,-14.945376,-20.04706,-5.3953686,-5.253213,-2.4704053,-11.098028,-11.180522,-2.6170824,1.3342792,-8.61097,-3.1816046,-6.1882133,-6.4151645,-5.153257,-6.468884,-5.2675514,-5.7772326,-4.936643,-2.1663792,-4.4447055,-1.6157359,-0.9219273,2.157822,2.6365237,5.9650803,6.7582107,5.6378508,5.1182346,5.696361,-0.00752284,-1.1250138,-1.3220706,-0.35172266,sad,6,c:\Users\Kacpiro Recenzje\Desktop\Studia\XAI_2026\data\raw\Actor_16\03-01-04-02-02-02-16.wav
-338.70996,74.48871,-7.0974526,14.376339,-1.6460147,1.6164291,-14.545922,-0.2827236,-10.707008,-8.930008,-6.408202,1.6572589,-5.5658264,-7.402318,-0.9317067,-2.6396358,-6.745237,-1.486896,-5.026864,-5.323162,-3.5967062,-4.583131,-6.4551234,-3.5493145,-2.3658376,0.3715077,-4.1752157,0.14280236,-0.6560037,-3.4964144,-2.6957674,1.5261381,-1.7959836,0.7003596,1.0521117,1.6682577,3.0583358,4.028888,1.9458847,1.909803,angry,0,c:\Users\Kacpiro Recenzje\Desktop\Studia\XAI_2026\data\raw\Actor_16\03-01-05-01-01-01-16.wav
-360.00046,69.25794,-5.764736,10.3942,-2.9617906,0.9958507,-14.668653,-0.5269938,-7.0670285,-10.560725,-10.512202,0.76117605,-5.151909,-10.200104,-1.9652728,-1.0676885,-6.783027,-2.100318,-5.633145,-4.314087,-1.974343,-5.3703585,-5.708308,-4.967401,-4.627507,-3.5622709,-5.2244916,-2.0521696,0.54655814,-0.6466652,0.08019663,3.0803125,0.6378088,1.6347356,1.7136941,3.0440216,2.9816718,4.4450927,3.1090634,1.8883669,angry,0,c:\Users\Kacpiro Recenzje\Desktop\Studia\XAI_2026\data\raw\Actor_16\03-01-05-01-01-02-16.wav
-402.2697,64.401184,-7.9552927,13.547916,-7.021919,-0.456338,-12.926857,-1.12801,-13.102616,-9.854475,-11.509486,-1.6832398,-5.738737,-8.461284,-5.180413,-2.6205351,-8.24173,-4.3003683,-8.91261,-3.6045268,-3.9886518,-7.920083,-7.136467,-2.4679446,-5.200752,-2.4761708,-2.4261086,-1.6709576,-1.7815461,-2.2138917,-4.56936,-1.1749331,-2.2486405,-2.953144,-0.038124517,3.2283654,2.755004,4.3885546,2.7274988,0.50216144,angry,0,c:\Users\Kacpiro Recenzje\Desktop\Studia\XAI_2026\data\raw\Actor_16\03-01-05-01-02-01-16.wav
-368.81436,66.83443,-10.1679535,16.400726,-1.701645,3.1451707,-15.402375,-1.8436978,-11.242641,-11.6518,-9.181658,-1.0746055,-5.997894,-10.168321,-4.219938,0.09077075,-8.481641,-3.5739172,-7.737547,-2.6723568,-3.3762383,-5.1783113,-5.9075313,-2.7132015,-5.551735,-2.5557306,-3.0568485,-0.59562594,-0.94880545,-2.2451112,-3.779307,2.4466913,-0.8757697,0.81048715,0.7892467,0.771726,0.13902867,2.0483325,0.5909867,2.5822468,angry,0,c:\Users\Kacpiro Recenzje\Desktop\Studia\XAI_2026\data\raw\Actor_16\03-01-05-01-02-02-16.wav
-361.9394,64.12666,-11.153575,7.438488,-3.9304593,-3.4542766,-19.001104,0.17160651,-8.782902,-11.744004,-8.236266,1.1968871,-6.788105,-9.126261,-1.1000334,-2.092215,-8.594377,-2.9920607,-8.262924,-6.38246,-5.238016,-3.3742077,-3.219775,-0.41871935,1.7276278,2.516254,-0.8949371,2.4278233,2.2390656,1.8063328,2.9218974,5.1702952,1.317803,1.4977473,-0.8812113,-1.2258279,-0.28724974,1.1611682,0.901325,0.5470941,angry,0,c:\Users\Kacpiro Recenzje\Desktop\Studia\XAI_2026\data\raw\Actor_16\03-01-05-02-01-01-16.wav
-406.4504,54.02656,-20.042866,0.04422852,-5.266402,-4.152691,-18.513803,-0.7862026,-9.245947,-15.017393,-9.229078,1.3223991,-4.6537166,-9.962865,-2.059878,-3.6256566,-8.647607,-2.5372937,-5.8106966,-0.3386371,2.9595459,-1.3978298,-1.7483641,0.6130493,1.4701637,2.4437516,1.2928207,5.1558723,2.339332,0.18918172,0.8822839,2.405849,1.0470923,1.3500696,-1.5723262,-1.6734629,0.6881271,2.1227362,0.4880371,0.093130894,angry,0,c:\Users\Kacpiro Recenzje\Desktop\Studia\XAI_2026\data\raw\Actor_16\03-01-05-02-01-02-16.wav
-396.28024,49.062786,-20.79022,4.568313,-6.1844378,-1.2258579,-21.506899,2.4909751,-8.4314375,-17.186125,-9.234602,3.5353267,-8.522652,-9.24755,-4.9576054,-4.662536,-10.302112,-3.605786,-9.019827,-0.7356148,1.521896,-2.7124667,0.39461327,2.2008116,2.333676,2.8120966,1.3401034,7.035487,1.8472614,1.7585305,0.51047415,0.60951287,0.040924545,0.057796154,-3.6430058,-1.0842946,-0.48640475,0.63770527,0.14421622,-1.6928492,angry,0,c:\Users\Kacpiro Recenzje\Desktop\Studia\XAI_2026\data\raw\Actor_16\03-01-05-02-02-01-16.wav
-364.61197,55.95851,-16.560692,5.0803614,-6.071259,-2.6197782,-20.831959,0.4870246,-8.068226,-15.271665,-9.167247,3.805245,-7.296563,-10.048951,-1.1300524,-2.7683427,-10.569858,-2.7571352,-6.9429064,-3.2149622,-1.8652129,-4.541418,-6.582939,-5.350309,-3.9910188,-0.27729636,-0.7307296,7.1849566,8.219181,7.780268,4.8729343,6.5777926,1.3183514,0.04379018,-0.23147811,-0.8081628,-0.034631282,0.87521577,-2.4977741,-2.1098676,angry,0,c:\Users\Kacpiro Recenzje\Desktop\Studia\XAI_2026\data\raw\Actor_16\03-01-05-02-02-02-16.wav
-390.5759,73.15905,-6.529562,5.399321,1.7879468,2.7591612,-14.025337,-4.7369432,-13.33635,-10.815726,-7.235623,-0.2513482,-8.028462,-14.421478,-3.3826628,3.805648,-5.043108,-5.6150293,-7.490054,-5.8530602,-4.5222116,-5.2837954,-3.7199256,-2.2654498,0.40251625,4.0944705,1.8975092,3.024513,2.8114948,2.3709133,0.9692733,5.2744565,4.055218,0.7034422,0.21277787,-0.31632346,-2.8128629,-1.1621577,1.0909281,-0.5663305,fear,3,c:\Users\Kacpiro Recenzje\Desktop\Studia\XAI_2026\data\raw\Actor_16\03-01-06-01-01-01-16.wav
-404.51846,64.92326,-2.723355,11.020856,1.3972559,5.175677,-9.342961,-0.34401938,-13.0324745,-6.501068,-5.8297176,0.9610682,-6.5940824,-9.586181,-3.479934,3.0973406,-4.3000746,-5.0367284,-4.786035,-3.874025,-4.301249,-4.120233,-4.7354226,-5.1855164,-5.563982,-2.9062574,-5.322958,-1.1578372,0.98265606,-0.039183054,0.8353849,3.8812127,-0.2325196,0.85549104,-0.09151018,0.18711518,0.4507178,0.7721478,0.39526507,0.26531,fear,3,c:\Users\Kacpiro Recenzje\Desktop\Studia\XAI_2026\data\raw\Actor_16\03-01-06-01-01-02-16.wav
-400.58627,62.478004,-1.9304096,12.719629,1.7556524,4.9786687,-11.336789,-6.384773,-12.865579,-5.9802985,-3.556756,-0.057526987,-7.3365235,-8.100367,-1.1169882,0.5238621,-7.1700172,-2.9480245,-5.6890635,-5.746041,-3.0653136,-3.1832926,-6.823165,-5.0725946,-3.019702,-4.442252,-4.258561,0.631587,-2.518693,-1.5183233,0.42421296,0.5560429,0.23133667,2.4160473,0.39674443,2.026426,1.6480571,1.4091624,0.858456,0.045316495,fear,3,c:\Users\Kacpiro Recenzje\Desktop\Studia\XAI_2026\data\raw\Actor_16\03-01-06-01-02-01-16.wav
-350.00995,63.911167,-7.4075313,9.110311,-1.8564854,5.620369,-13.095388,-8.049259,-15.316298,-11.224628,-6.037318,0.5144636,-8.893212,-13.050663,-3.1402328,0.9042802,-8.354544,-5.9697156,-4.941194,-5.8685794,-4.9634137,-4.656623,-4.027974,-5.5925126,-3.689699,1.0687661,-2.124622,2.5209353,2.5057187,1.4302614,2.782448,4.2963676,0.93337643,0.8635045,0.783995,-0.27774712,-1.120971,0.47004727,-0.40094832,-0.5187154,fear,3,c:\Users\Kacpiro Recenzje\Desktop\Studia\XAI_2026\data\raw\Actor_16\03-01-06-01-02-02-16.wav
-347.99625,58.72224,-31.388626,-1.6528143,-6.886479,-2.3696785,-21.730019,-8.23809,-18.099676,-13.349932,-9.9414625,-1.8460336,-12.568761,-16.596893,-2.0662177,6.285045,-4.5145006,1.3431113,-0.15531759,2.0754628,6.052606,3.7027068,3.2708259,-0.16687396,0.8632916,4.068305,0.18400216,1.0706226,2.072126,0.9321341,-0.62484306,1.3501766,-0.2437848,0.67712325,1.9608226,-0.13349952,-2.7151182,-2.4467869,-2.2141156,-0.10386701,fear,3,c:\Users\Kacpiro Recenzje\Desktop\Studia\XAI_2026\data\raw\Actor_16\03-01-06-02-01-01-16.wav
-344.53702,49.412914,-31.69367,-3.3548765,-7.4355245,-2.6105437,-22.967157,-9.163388,-15.177499,-11.503945,-8.747741,-1.7086556,-11.6859,-11.07348,3.2131214,8.090484,-2.1083512,4.8834352,4.3068767,4.9776835,10.304242,8.0731125,6.5675125,4.074188,2.2487206,0.5674852,-4.0095587,-0.5589171,1.0413346,0.63196164,0.2463887,0.17884614,-2.4579058,-3.0847332,-0.5721497,0.54077506,0.5184429,0.6665018,-2.5246031,-2.219736,fear,3,c:\Users\Kacpiro Recenzje\Desktop\Studia\XAI_2026\data\raw\Actor_16\03-01-06-02-01-02-16.wav
-344.00555,48.952568,-33.889614,-2.2783172,-8.11969,-1.3855591,-23.730503,-8.308131,-15.184976,-17.16771,-10.071776,0.3459612,-11.84265,-14.868829,-0.66910136,6.706357,-1.8832891,1.0521238,-1.3207465,2.8876948,6.1218176,4.9825034,5.253229,4.2825236,2.4384935,3.4439688,-0.5641594,0.054429263,3.6940792,2.9415436,0.18031493,1.8731947,-1.3799627,-2.1457522,-0.65547633,-0.929815,-1.2340226,0.35122162,-1.3826085,-1.8726144,fear,3,c:\Users\Kacpiro Recenzje\Desktop\Studia\XAI_2026\data\raw\Actor_16\03-01-06-02-02-01-16.wav
-368.9902,51.6128,-29.071081,-2.7520633,-9.483018,0.653989,-23.373583,-7.48969,-16.59851,-14.454817,-8.324686,0.8977341,-10.632289,-12.239305,-1.6802304,7.7037725,-2.099634,1.2491256,-1.1013658,4.130755,6.5503817,5.8947916,4.869971,1.9455822,0.9500714,1.6942066,-2.8126743,-1.0942945,1.2045479,2.454969,-1.9163946,0.31475824,-2.2018645,-2.0796509,-0.05664376,0.26742423,-1.2735907,-1.5368564,-1.2683766,-1.3832785,fear,3,c:\Users\Kacpiro Recenzje\Desktop\Studia\XAI_2026\data\raw\Actor_16\03-01-06-02-02-02-16.wav
-371.20007,80.127464,0.13932422,13.843211,-1.071991,4.0981054,-8.600021,0.42847198,-15.516648,-5.3489575,-7.4500947,1.3879554,-4.185084,-8.236384,-2.628264,1.9060159,-6.3173776,-4.133439,-3.8934417,-2.8673394,-5.3197417,-3.2095203,-4.6438975,-4.393517,-3.493328,-1.9784315,-4.1690793,-0.90286803,-3.3128216,-2.7178366,-1.6018891,0.095336266,-1.2537848,-0.2006639,-0.3329919,-1.6448338,-2.8724232,-1.1080946,-0.2337041,0.23327707,disgust,2,c:\Users\Kacpiro Recenzje\Desktop\Studia\XAI_2026\data\raw\Actor_16\03-01-07-01-01-01-16.wav
-366.52148,84.60165,-0.17120838,11.1839,-3.0954595,1.9538877,-8.079663,0.29916513,-16.364946,-7.233322,-5.233593,1.1546185,-5.43992,-9.059668,-2.7262802,-0.029498108,-5.5094485,-2.8682208,-5.4422255,-4.586873,-5.6401763,-3.7077901,-4.9457936,-2.181526,-2.174817,-1.9711814,-4.393309,-1.9589711,-4.889227,-4.0668015,-3.4863153,-1.674642,-2.5762808,-1.1192579,-2.3906605,-1.269705,-2.6541526,-1.289875,-0.6683023,-0.64647937,disgust,2,c:\Users\Kacpiro Recenzje\Desktop\Studia\XAI_2026\data\raw\Actor_16\03-01-07-01-01-02-16.wav
-388.87244,66.76187,1.0135307,13.958825,0.9391031,3.1189706,-14.4305,-5.7187715,-11.238241,-1.3524371,-6.970774,-5.008114,-5.752998,-5.4627004,-4.359477,-4.1116405,-4.5984116,-2.9370365,-7.003576,-5.07721,-0.829472,-5.7391243,-7.4532905,-2.1300578,-3.3146346,-3.7745457,-2.945497,-1.0457225,-2.1513207,-2.4102607,-2.3601592,-1.4074609,-3.182234,-1.5644531,-2.3476353,-1.4853839,-0.2810288,0.59696364,1.0226735,1.011219,disgust,2,c:\Users\Kacpiro Recenzje\Desktop\Studia\XAI_2026\data\raw\Actor_16\03-01-07-01-02-01-16.wav
-368.19043,69.26301,2.8427713,13.066593,0.75692815,5.3066044,-8.998973,-5.2294836,-9.155736,-5.4912543,-5.666794,-1.1661794,-5.671132,-5.5630236,-2.6995738,-2.0432737,-5.4322863,-1.4699005,-3.7683322,-4.4478498,-1.9405831,-4.0630918,-5.7143555,-2.887098,-4.471154,-3.9261189,-4.485071,-2.3147573,-3.9546492,-2.7558265,-2.0824087,-0.24787027,0.43216613,-0.46643138,-0.71244425,-1.2187307,-3.4856837,-0.3365063,-1.2058705,0.53182,disgust,2,c:\Users\Kacpiro Recenzje\Desktop\Studia\XAI_2026\data\raw\Actor_16\03-01-07-01-02-02-16.wav
-301.09088,86.05803,0.5381032,17.212048,-2.7418802,4.2855434,-14.796646,-2.8118134,-16.651623,-9.880105,-5.615391,1.5130233,-6.6068754,-11.591054,-3.491643,-1.5097265,-8.783984,-4.244321,-7.117945,-3.3695762,-4.5291257,-5.8345094,-4.851434,-3.5525227,-4.265827,-4.18944,-7.082738,-2.5246625,-4.337751,-6.275308,-6.5031304,-2.0234969,-4.9109793,-5.0613546,-3.9634223,-2.7487624,-1.5069867,-0.17865574,-0.3086772,1.0405533,disgust,2,c:\Users\Kacpiro Recenzje\Desktop\Studia\XAI_2026\data\raw\Actor_16\03-01-07-02-01-01-16.wav
-334.67566,80.060555,-0.22914675,15.349858,0.040992033,1.9508498,-15.629569,0.5470557,-15.885192,-8.670843,-7.8880286,3.6875744,-5.0426865,-10.571321,-3.1622946,0.65292144,-5.2933965,-4.6851783,-5.827244,-2.9340575,-5.223702,-5.606527,-4.2392135,-4.1256943,-3.5177286,-1.7262142,-6.220365,-1.9294802,-3.3686483,-4.521062,-4.030283,-1.1440622,-2.559321,0.22719173,-0.48360482,1.5863113,1.007382,1.0912926,1.4748015,1.6436714,disgust,2,c:\Users\Kacpiro Recenzje\Desktop\Studia\XAI_2026\data\raw\Actor_16\03-01-07-02-01-02-16.wav
-334.79144,74.551926,4.3609643,22.115425,-5.131496,9.354123,-18.083258,-2.7950294,-13.576439,-8.9161,-10.163955,3.1176183,-8.536122,-13.284078,-1.6880769,-2.8224847,-8.977929,-6.125783,-7.7893653,-2.5271277,-5.7594223,-4.763832,-6.6345854,-4.918237,-4.0234947,-3.8887393,-6.8191047,-3.637572,-5.078303,-4.8258677,-5.8339744,-4.505486,-4.24854,-4.0708327,-5.729954,-2.4730868,-2.4468784,-0.055129465,2.0220466,2.7794704,disgust,2,c:\Users\Kacpiro Recenzje\Desktop\Studia\XAI_2026\data\raw\Actor_16\03-01-07-02-02-01-16.wav
-335.64307,70.13938,0.71189415,14.269019,-2.8700976,5.624225,-19.28143,-4.859997,-12.183354,-6.682918,-10.357262,-0.28602406,-8.874217,-10.138685,-2.7881622,-3.1779232,-8.092022,-4.480809,-8.965994,-6.0940156,-4.234462,-5.6177917,-7.010015,-4.6965046,-5.5897923,-5.491664,-6.1333613,-3.8057332,-3.5691743,-4.0687113,-5.007495,-1.0022483,-0.23191422,2.321593,2.8542209,4.9589033,3.1205528,4.001863,4.04592,1.2095683,disgust,2,c:\Users\Kacpiro Recenzje\Desktop\Studia\XAI_2026\data\raw\Actor_16\03-01-07-02-02-02-16.wav
-377.82745,71.48352,-5.698107,3.3410687,-0.6840568,-0.11493353,-13.391775,-7.431715,-11.597434,-4.7634244,-3.076075,-1.7886672,-8.663588,-5.468527,-2.5582836,-5.421359,-4.4131727,-2.2554057,-7.8607073,-6.0697675,-2.3050795,-3.5692809,-2.6049402,-1.1939374,-1.141792,1.4997705,-0.4200277,-1.6089075,-0.15834364,-0.9797294,-2.1404288,0.8446553,0.5786792,-1.0388906,-0.052025005,-0.8071167,-1.6169052,0.6003269,0.77953756,1.8728553,surprise,7,c:\Users\Kacpiro Recenzje\Desktop\Studia\XAI_2026\data\raw\Actor_16\03-01-08-01-01-01-16.wav
-379.36172,63.7076,-6.373148,4.4091115,-4.1938877,-3.611099,-14.694183,-8.420962,-10.208484,-3.8282168,-6.528121,-5.019979,-5.232443,-5.275377,-6.4444423,-5.675771,-3.0097666,-2.1433911,-4.973912,-0.69774306,1.468806,-0.5061046,-0.3230762,-1.018914,-1.9820195,-1.4893986,-4.5029445,-1.3140682,-0.6232625,-2.190882,-0.90104747,0.5632641,-0.48544297,0.85669595,1.4210984,1.1442215,0.17441738,0.13656059,-0.86241704,-0.6954219,surprise,7,c:\Users\Kacpiro Recenzje\Desktop\Studia\XAI_2026\data\raw\Actor_16\03-01-08-01-01-02-16.wav
-390.69733,60.84014,-6.2748365,5.8719726,-3.1792662,-0.040021747,-13.865919,-6.1049514,-13.792837,-6.7584014,-5.0610657,-1.9121513,-9.642699,-5.729066,-3.2801461,-5.2584934,-6.8759274,-1.9466293,-4.966514,-4.174829,-1.8440472,-3.0510173,-4.7127333,-3.8954287,-1.7852383,-1.3998654,-2.3125024,1.5330302,-0.38620806,0.1987993,0.59018743,1.6131625,0.86651367,2.2659082,0.8611068,3.6512918,1.7566569,0.5493999,0.06394093,-1.2964053,surprise,7,c:\Users\Kacpiro Recenzje\Desktop\Studia\XAI_2026\data\raw\Actor_16\03-01-08-01-02-01-16.wav
-370.0989,54.840443,-7.923428,5.9749722,-4.539027,-1.9958868,-16.53987,-10.043044,-10.717667,-2.8739066,-8.926718,-6.1728554,-7.1542525,-6.9206257,-6.3892007,-5.3737254,-3.1489687,-0.4909003,-3.9776855,0.5375223,1.3702719,-0.5550744,-2.3366456,-1.8060236,-1.1995529,1.4624196,-2.7513232,0.81619763,-1.707965,-1.8806393,-1.1504462,-0.10792448,0.5102373,0.970112,1.6545687,2.4735548,0.81730014,2.1065874,0.5660614,-0.2017825,surprise,7,c:\Users\Kacpiro Recenzje\Desktop\Studia\XAI_2026\data\raw\Actor_16\03-01-08-01-02-02-16.wav
-377.73077,67.47545,-7.316607,-0.9447458,-1.0944763,-2.3716512,-12.177863,-6.869554,-15.919145,-5.807817,-3.5859556,-2.7256308,-8.808198,-7.3239303,-3.3269598,-5.3923807,-6.4712853,-0.6138377,-5.127017,-6.5201683,-0.8189767,-0.46832037,-1.3215505,1.1905531,1.299982,0.2509745,-2.1106083,-1.9555675,-2.806652,-1.6982609,0.6044128,1.6797675,3.6131773,1.2977808,0.94294274,1.9165325,-1.8403251,-0.13292336,-0.50868416,-1.5470735,surprise,7,c:\Users\Kacpiro Recenzje\Desktop\Studia\XAI_2026\data\raw\Actor_16\03-01-08-02-01-01-16.wav
-369.02527,68.96552,-8.591336,3.2617178,-5.1094756,-3.3761773,-16.190044,-5.2714767,-10.364266,-4.9790926,-7.6117973,-4.5168076,-7.8796177,-8.031443,-4.492493,-4.533843,-4.6287074,-1.7055844,-5.4549155,-1.5281059,0.33431834,-3.0924985,-2.3982038,-0.674268,-1.9040053,0.31259376,-2.6886013,-1.8524798,-1.0735735,-1.3147464,-2.852786,1.0157266,1.1850216,0.57956636,2.4144075,2.0024734,1.2860137,1.2829448,-1.5319428,-1.5514913,surprise,7,c:\Users\Kacpiro Recenzje\Desktop\Studia\XAI_2026\data\raw\Actor_16\03-01-08-02-01-02-16.wav
-378.11722,63.084717,-9.6557,1.2860733,-6.105512,1.6276298,-19.181765,-8.880877,-14.207712,-7.3529267,-9.360492,-2.0930505,-10.856658,-6.3199973,-2.4903924,-3.0058222,-7.1451554,-3.0360963,-7.1561236,-3.90985,-0.74524283,-1.3691272,-1.3863343,-2.252263,-2.271521,3.0358377,-0.8324829,1.4796621,2.4485593,3.3806238,1.7353462,2.727246,0.9775357,-0.2934645,-2.3961816,-1.7166488,-1.1957026,1.2453876,0.025267148,-0.2776896,surprise,7,c:\Users\Kacpiro Recenzje\Desktop\Studia\XAI_2026\data\raw\Actor_16\03-01-08-02-02-01-16.wav
-372.0099,60.21839,-8.327955,2.8940325,-5.5529804,0.12071931,-18.315561,-9.689523,-12.886744,-6.693904,-8.623662,-4.2836437,-10.6189575,-6.7147927,-5.133198,-4.970542,-4.158515,-0.7309609,-3.9617608,0.19794892,0.3811107,-3.756187,-3.330153,-1.8087498,-0.029610924,2.16837,-2.6509106,-1.0835769,-0.6673851,-1.2203653,-1.100906,3.5083597,2.7560813,2.5162401,1.305641,1.5455102,-1.1150248,-0.77624005,-1.8577214,-0.5191421,surprise,7,c:\Users\Kacpiro Recenzje\Desktop\Studia\XAI_2026\data\raw\Actor_16\03-01-08-02-02-02-16.wav
-393.5248,108.94908,12.597259,21.232412,10.693297,24.328655,-0.80187166,13.385766,0.28991798,-10.715796,-2.1934686,3.4803367,0.7467369,-5.54696,3.272581,3.422725,0.94531107,0.8979301,1.3973627,-3.1380675,-0.42217693,-2.5314116,-1.5742124,3.8246827,-3.2709,0.27864653,-0.6090059,-2.0889182,-1.3832564,-2.8495493,-0.11091478,0.5320833,-1.1427785,-2.0767386,-2.0570185,-2.8684156,-0.48515186,-1.1164854,-1.7097062,0.76734525,neutral,5,c:\Users\Kacpiro Recenzje\Desktop\Studia\XAI_2026\data\raw\Actor_17\03-01-01-01-01-01-17.wav
-425.24808,93.702866,8.773246,17.237724,10.7647085,19.563091,-1.0101641,11.826021,4.204083,-4.6458755,-0.92040193,1.8652902,3.1846201,-2.9260392,2.311128,4.834439,0.55126566,0.3374096,0.81501234,-1.1109674,-0.31775883,-2.3817146,-0.71408284,2.2954617,-2.0011141,0.1590077,-0.74578846,-1.0022883,0.3167833,-0.48825976,0.20293888,-0.9623901,-0.52490145,0.7932732,-1.757361,-1.8462683,-0.24126713,0.037794344,-0.77204645,0.0651036,neutral,5,c:\Users\Kacpiro Recenzje\Desktop\Studia\XAI_2026\data\raw\Actor_17\03-01-01-01-01-02-17.wav
-417.2618,99.53151,9.305713,20.382582,7.6149364,19.917,-2.4701147,14.2571125,2.749838,-7.3992133,-3.9888809,3.0545518,0.44727486,-4.709717,3.1172218,4.7652106,-0.52723753,-1.0551022,2.436083,-1.5390152,-0.10971356,-2.9502969,-1.8708944,2.157648,-2.4066353,-0.22996975,-1.6983707,-0.47094402,-0.21802235,-1.7795888,0.2005919,-0.27453545,-1.5186896,-0.9243777,-2.4370024,-2.355571,-0.43029886,-0.3919963,-1.635366,0.4836982,neutral,5,c:\Users\Kacpiro Recenzje\Desktop\Studia\XAI_2026\data\raw\Actor_17\03-01-01-01-02-01-17.wav
-398.36703,95.81493,10.925903,17.988161,9.648766,18.619034,-0.6183712,14.53936,3.1435087,-8.383529,-3.1551147,3.7593958,2.077632,-3.68713,3.3467464,3.9853776,-0.58069205,-1.6988614,1.9524077,-0.5389364,-0.46204257,-2.8470964,-0.96115696,2.2755144,-2.1287456,0.3140783,-0.6256625,-0.38736212,-0.547396,-1.5894802,-0.5101732,-0.9085884,-1.044012,-0.11442712,-1.7102215,-2.2947512,-0.0072848,-0.6843916,-1.0423207,0.7434699,neutral,5,c:\Users\Kacpiro Recenzje\Desktop\Studia\XAI_2026\data\raw\Actor_17\03-01-01-01-02-02-17.wav
-422.32748,87.35955,10.27657,15.948834,8.357882,18.697401,1.672,11.501974,-0.28116938,-3.2470994,-0.48285204,1.7219961,2.6022813,-3.4866493,3.4661908,4.1898828,1.3126528,-1.0790777,0.4316943,-0.9462876,0.32366398,-1.4528815,-0.76210684,3.4339628,-2.834057,0.45778316,-0.44005904,-2.2811906,-0.48013404,-0.47766227,-0.76722085,-0.9184145,-1.5292624,-1.4674734,-2.2539148,-2.2437973,-0.022869732,-0.6593025,-1.0704815,-0.46368203,calm,1,c:\Users\Kacpiro Recenzje\Desktop\Studia\XAI_2026\data\raw\Actor_17\03-01-02-01-01-01-17.wav
-409.23932,86.97616,14.586377,23.639372,9.481817,22.202925,0.5970102,12.218606,0.94332594,-3.2166107,-1.3738217,2.781314,2.8642426,-4.4358096,3.3818154,4.467026,-0.5794719,0.40194172,0.70993376,-1.2552613,0.26549378,-0.71794087,-0.9177331,1.8069785,-2.2882159,0.27517214,-0.8584076,-1.7639748,-0.7222316,-0.54090756,-0.43274587,-0.61967015,-1.0077153,-0.46349242,-2.758318,-3.0064702,0.46490332,-1.0097511,-1.286783,-0.7935776,calm,1,c:\Users\Kacpiro Recenzje\Desktop\Studia\XAI_2026\data\raw\Actor_17\03-01-02-01-01-02-17.wav
-366.26968,97.06216,14.454414,29.145872,8.467466,21.63004,-0.98695576,15.171213,0.0068279835,-4.32824,-0.5053527,3.4548259,-1.5368263,-5.1616626,4.068732,1.4375836,-2.3914688,1.4102821,0.587726,-4.046123,1.3204664,-1.3762769,-1.3544403,2.5818164,-1.8369085,-1.91607,-1.0570768,-1.9085616,-1.7204179,-0.44858068,-2.5333085,-0.26999936,-2.5462034,-1.6496236,-2.6482646,-3.7746232,-1.478055,-1.783084,-2.5000832,0.56758475,calm,1,c:\Users\Kacpiro Recenzje\Desktop\Studia\XAI_2026\data\raw\Actor_17\03-01-02-01-02-01-17.wav
-354.88074,99.71631,13.92895,26.400276,5.1376534,22.093168,-2.5930152,14.641608,-0.59649855,-8.84865,-1.3497828,3.6977508,0.29005188,-7.296662,3.0545783,2.7050111,-2.4746869,-0.92861724,0.646441,-2.1996481,-0.30589068,-1.9260788,-2.0338967,0.9880014,-3.2622387,0.4033933,-0.7771893,-2.72357,-1.597121,-1.8276168,-2.0131419,-1.0084068,-2.1896374,-0.91491354,-2.1429112,-3.0252955,-1.6865423,-1.9377168,-1.3591876,0.30621737,calm,1,c:\Users\Kacpiro Recenzje\Desktop\Studia\XAI_2026\data\raw\Actor_17\03-01-02-01-02-02-17.wav
-350.91107,104.32941,6.8374963,27.63536,10.605567,28.453928,-1.3198051,16.535112,-1.9276364,-8.674968,1.742728,2.6250527,2.4631867,-5.884576,1.7382574,2.7754452,-2.846855,0.8431708,-0.7478696,-5.0562534,2.3108337,-0.22993048,-2.7451851,-0.1530897,-3.2753403,2.1749914,-0.9038812,-3.2601097,-0.33429465,-0.39926288,-0.5291781,0.018879235,-1.3386775,-0.21076965,-1.6126536,-3.8052118,-1.7090638,-1.2655321,-1.8510967,1.0162523,calm,1,c:\Users\Kacpiro Recenzje\Desktop\Studia\XAI_2026\data\raw\Actor_17\03-01-02-02-01-01-17.wav
-402.29684,99.6465,14.718281,26.432007,12.838031,20.985012,-0.4393778,15.00331,3.1253614,-2.7518156,2.768805,0.72143584,1.8149486,-3.1985054,3.7070088,3.6249497,-0.56493783,1.2542316,1.9383879,-2.181177,0.5597478,-0.52449816,-0.5452592,3.3214762,-2.3261693,-0.2499938,-0.9881662,-1.6545401,0.19040391,-0.7773261,-0.06998014,0.34121767,-1.1027441,-1.6856097,-1.3928909,-2.0302513,-1.1894417,-1.1038346,-0.93573385,0.19281124,calm,1,c:\Users\Kacpiro Recenzje\Desktop\Studia\XAI_2026\data\raw\Actor_17\03-01-02-02-01-02-17.wav
-348.8217,99.76381,7.2701807,33.514774,10.132617,26.855846,-0.37541598,11.782911,-3.506357,-7.927318,1.3221842,3.1435535,0.75101465,-8.13111,3.9990644,5.5009375,-5.098837,0.16556954,0.070056535,-3.8213904,-0.19258702,-2.382795,-1.9793123,2.3977344,-2.2072172,-1.1814991,-1.2285537,-2.2003398,-0.9421839,-1.1616341,-0.9977432,-1.6051203,-3.1824665,-1.9526421,-2.697737,-4.194249,-1.1844404,-1.807225,-1.9093933,0.6027637,calm,1,c:\Users\Kacpiro Recenzje\Desktop\Studia\XAI_2026\data\raw\Actor_17\03-01-02-02-02-01-17.wav
-381.8315,107.26364,14.372129,30.13674,8.1701355,20.313524,3.8248672,16.170788,3.4902692,-4.0044928,-0.40649176,4.9497366,1.4662846,-4.174573,5.2903786,4.757242,-1.525403,-0.7009816,0.8016428,-2.6890752,0.22775587,-2.8772254,-1.9695488,3.1860409,-3.477865,0.23271677,-0.31683928,-1.0704764,0.5114183,-0.6665313,0.16627492,0.40934706,-0.8801362,-0.75811344,-1.7077252,-2.3212044,-0.6623947,-0.75232464,-0.7159494,0.027003782,calm,1,c:\Users\Kacpiro Recenzje\Desktop\Studia\XAI_2026\data\raw\Actor_17\03-01-02-02-02-02-17.wav
-403.3834,83.15457,7.878645,16.894308,6.0632524,18.394712,-0.5676882,10.342108,-4.728635,-4.1946163,-2.684381,0.63360053,0.17809993,-4.3388186,0.82474977,3.0889692,-1.7203077,-1.095157,1.0217435,-2.8302348,-1.0847703,-1.7498583,-3.6520443,-0.19866097,-2.7485669,-1.1336522,-1.958426,-2.9858787,-1.5084234,-0.94490916,-1.7681413,-1.2505615,-1.6318672,-2.121742,-3.0575395,-3.2247856,-1.5550057,-0.71896845,-0.6088562,1.9778553,happy,4,c:\Users\Kacpiro Recenzje\Desktop\Studia\XAI_2026\data\raw\Actor_17\03-01-03-01-01-01-17.wav
-414.72995,80.71649,3.2544448,14.418165,7.027207,17.851515,-1.5906731,9.939907,-5.336242,-5.502767,-2.9357312,2.4613006,3.082918,-6.8015585,0.6928447,3.7780056,-2.2302766,-0.30226156,2.3462808,-2.6300526,-3.1393766,-1.798178,-2.907685,-1.2464979,-3.1397943,-2.2994506,-2.6907525,-1.5456467,-0.75653577,-1.6510779,-1.3502804,-0.8623604,-1.3750107,-0.46519363,0.49573046,-1.8384854,0.38243213,1.6191775,0.773977,1.1987671,happy,4,c:\Users\Kacpiro Recenzje\Desktop\Studia\XAI_2026\data\raw\Actor_17\03-01-03-01-01-02-17.wav
-410.9645,77.81204,-1.8466407,14.228798,3.9773946,18.047903,-6.0753736,9.259121,-3.4830964,-8.506022,-4.6916447,0.61338687,1.4152108,-5.766618,0.35377237,5.171891,-4.1711435,-1.5286045,0.36135945,-3.3748233,0.25143042,-2.2926655,-2.958088,-1.7423638,-4.0724826,-1.9717672,-1.8838354,-1.3634125,-2.8885121,-0.61344844,-0.70876676,-2.1169424,-0.8772375,0.38301265,-1.1717536,-2.342956,-0.26969543,0.56459075,-0.3237629,0.71284753,happy,4,c:\Users\Kacpiro Recenzje\Desktop\Studia\XAI_2026\data\raw\Actor_17\03-01-03-01-02-01-17.wav
-364.84387,93.02848,-0.7130144,16.825745,3.2827847,15.283707,-2.5138092,12.019479,-8.657448,-11.494491,-3.3392625,0.47565672,1.7371613,-5.8688455,-0.6102873,6.2452364,-2.1933486,-2.5584295,0.5554637,-2.28643,0.67866117,-0.79549795,-2.0389166,-0.76222616,-1.2589884,-1.1560383,-3.029523,-1.179424,-1.0830669,-0.25819376,-0.6072009,0.8137859,-2.5833237,-1.6336297,-1.8295097,-4.2721486,-2.8580747,-2.4897866,-1.1884279,0.97961986,happy,4,c:\Users\Kacpiro Recenzje\Desktop\Studia\XAI_2026\data\raw\Actor_17\03-01-03-01-02-02-17.wav
-383.17133,61.423565,-2.4802532,14.703499,-1.9782779,9.386677,-5.8619857,4.8474474,-5.293987,-0.9318759,-4.636843,-2.0148363,0.9966079,-4.5020957,-2.828097,-0.16099143,-5.425324,-2.3046784,-0.84039325,-4.449037,-4.7778106,0.53718835,-1.5937611,-1.7898217,-0.6799579,2.4482503,1.8439721,2.0738928,2.584971,4.749608,3.2044284,5.491526,3.281739,4.000065,4.5314007,3.17656,3.1682868,5.1682367,3.7460167,4.470538,happy,4,c:\Users\Kacpiro Recenzje\Desktop\Studia\XAI_2026\data\raw\Actor_17\03-01-03-02-01-01-17.wav
-339.02182,63.14898,-6.371974,13.312984,-2.7381494,10.462786,-6.0654497,5.187479,-6.010812,-3.3523242,-4.1344547,-2.6065288,-0.5242869,-5.997393,-3.4180112,-0.33458388,-6.044216,-3.845672,-2.0013363,-3.689297,-3.920027,1.1013813,0.59281176,-0.1126841,0.25911614,2.7040396,1.1293476,2.1675708,4.174843,6.1104174,4.3697243,4.4970875,1.975353,2.5289454,3.2794554,2.3964105,3.455023,3.5641866,2.3094392,4.214739,happy,4,c:\Users\Kacpiro Recenzje\Desktop\Studia\XAI_2026\data\raw\Actor_17\03-01-03-02-01-02-17.wav
-323.46954,69.074036,-10.148181,14.549962,-5.949409,10.770364,-3.694058,5.308366,-11.470075,-6.1045823,-6.4766445,-2.03368,1.028043,-7.790382,-4.646219,1.3903573,-6.347185,-4.015472,-1.0132391,-6.4619937,-7.7141857,-0.8899389,-3.4397652,-3.5200877,-1.101615,2.1679,0.9565172,4.339564,3.8592165,3.6668944,2.5712705,4.107147,1.5359913,3.0821784,4.418106,2.357103,1.4517308,3.4443378,2.7342927,4.1937594,happy,4,c:\Users\Kacpiro Recenzje\Desktop\Studia\XAI_2026\data\raw\Actor_17\03-01-03-02-02-01-17.wav
-350.82834,62.540794,-3.6241255,13.72399,-7.041648,10.657604,-4.779778,4.9142904,-8.252263,-4.646348,-6.4495044,-3.2222996,-2.6575217,-7.378902,-4.535031,0.3077213,-6.1688824,-2.748228,-3.0277705,-4.1492743,-3.2546062,1.3012164,-1.8745496,0.74952257,3.0016792,3.287361,1.9831591,4.3454757,2.3778183,4.9010515,5.081915,6.1281743,1.9146575,0.83430403,0.41137084,-0.020554671,0.31723216,1.4105315,-0.2377053,1.652619,happy,4,c:\Users\Kacpiro Recenzje\Desktop\Studia\XAI_2026\data\raw\Actor_17\03-01-03-02-02-02-17.wav
-384.53973,99.980034,1.5519032,10.142578,6.0297184,18.73026,-3.4204838,13.198898,-0.6035046,-9.844318,-5.2693095,2.4834323,5.439261,-1.8897079,2.0802271,5.1436996,-0.012202242,-0.5255244,0.51946896,0.44763875,2.116712,-1.9650502,-1.3498213,0.45275247,-4.887376,0.5775904,-0.65952915,-1.2642286,0.32510218,0.17295572,1.2367353,0.57070076,-0.26060328,0.5551914,-0.40132228,-4.1271114,-2.0060844,-1.5576941,-1.728337,0.3921296,sad,6,c:\Users\Kacpiro Recenzje\Desktop\Studia\XAI_2026\data\raw\Actor_17\03-01-04-01-01-01-17.wav
-437.66788,92.9741,5.4258776,10.61168,5.3054557,17.473467,-1.3095677,11.352185,1.1620426,-7.132633,-3.1433148,2.3162906,3.369062,-2.3154485,2.5625203,5.1297007,-0.63539255,-1.1889163,1.8775258,-1.1687315,1.9247047,0.41194153,-1.3845823,1.6471221,-3.3858812,0.75571436,-0.4351422,-1.1215025,0.21170785,0.35914704,2.4118822,-0.079428814,-0.34187803,1.0781353,-0.6379109,-2.9534764,-1.3357832,-1.3908708,-2.4357824,-0.08389858,sad,6,c:\Users\Kacpiro Recenzje\Desktop\Studia\XAI_2026\data\raw\Actor_17\03-01-04-01-01-02-17.wav
-409.33063,100.11354,7.8678255,19.58342,10.36329,16.749142,-2.273165,14.828011,2.2250144,-7.7764544,-4.0917015,3.1030698,-0.44752663,-5.2634206,2.3197525,6.0068073,-0.6311546,-1.9052328,0.28336412,-0.4574751,1.3425583,-0.88946706,0.49844408,1.5723239,-2.7375875,0.48870564,-2.1440904,-1.8992145,-0.3415358,-0.33767414,-0.09044674,0.07827175,-1.300268,-0.48095682,-0.4093025,-2.062864,-1.3118653,-1.3139623,-0.9401929,0.3621667,sad,6,c:\Users\Kacpiro Recenzje\Desktop\Studia\XAI_2026\data\raw\Actor_17\03-01-04-01-02-01-17.wav
-398.59076,92.60181,0.7653012,12.960561,7.435858,13.441667,-2.1743684,10.955196,0.23492691,-6.0482264,-5.062011,2.6832263,2.0506158,-4.422183,1.6272753,4.633512,-1.670553,-1.3772023,1.3701528,-1.3136846,1.7004538,-1.3510607,-1.1420821,0.9000384,-5.078888,-0.70167613,-0.9340394,-1.2444206,0.05579858,-0.4031741,-0.17115438,0.7898395,0.45400605,1.416152,-0.32593384,-2.5199642,-0.8759366,-1.6814723,-1.6258852,-0.55199575,sad,6,c:\Users\Kacpiro Recenzje\Desktop\Studia\XAI_2026\data\raw\Actor_17\03-01-04-01-02-02-17.wav
-408.15912,84.397316,-1.6715025,8.107878,6.4938517,17.838707,-0.63322544,7.7939463,-1.8379296,-6.6502147,-2.8364766,5.8181715,5.65556,-2.735119,2.661206,5.8982363,0.29807168,1.1428922,4.5535107,0.36132845,0.79527956,1.2749025,0.43335453,2.1122694,-0.13070798,1.9432343,0.41618773,-0.6550188,1.7360874,2.011355,1.4074776,1.9560735,1.8689082,1.4028127,0.44755036,-1.2094408,0.12253281,-0.03222721,0.055088043,2.1854343,sad,6,c:\Users\Kacpiro Recenzje\Desktop\Studia\XAI_2026\data\raw\Actor_17\03-01-04-02-01-01-17.wav
-422.50244,85.63582,-4.2327957,7.5751805,8.208647,15.78148,-3.448668,6.190226,-1.361135,-9.237589,-5.326626,4.0926037,3.392844,-3.7512069,1.12297,4.870991,-1.0958614,0.26164234,3.2081237,-0.784625,-0.49105337,-0.14866443,-0.748864,1.4300827,-0.9954635,1.5806949,-0.16405374,-2.4472454,-0.15471195,0.48714548,0.58366394,0.7628558,0.91636515,0.7760382,-0.32225388,-1.5363425,0.2400266,-0.20485227,-1.0124086,1.3520956,sad,6,c:\Users\Kacpiro Recenzje\Desktop\Studia\XAI_2026\data\raw\Actor_17\03-01-04-02-01-02-17.wav
-377.32806,93.6492,-11.705577,8.702265,9.295531,13.819508,-0.792561,8.009354,-5.9681525,-12.3288145,-5.956098,3.838352,5.837455,-4.05112,0.29228362,8.238266,-0.5006344,-0.45338538,5.6557813,2.836544,-0.46237898,-1.2458068,-0.46649972,1.2524096,-3.0924222,0.91802967,0.57443154,-1.5201246,1.4332992,2.3248098,1.5772253,0.64864755,0.6567597,1.5199009,-0.4832059,-1.6205922,-0.88784516,-0.45841753,-1.0740557,1.2230073,sad,6,c:\Users\Kacpiro Recenzje\Desktop\Studia\XAI_2026\data\raw\Actor_17\03-01-04-02-02-01-17.wav
-399.31937,87.71926,-12.551391,10.797097,3.418059,16.074934,-4.428707,5.602591,-6.2521315,-10.902019,-6.8582773,3.8433127,3.8955503,-6.9484143,-0.15773514,6.60853,-2.272997,-2.392197,3.4727006,0.80176836,-1.1491715,-2.9852746,-1.3187077,0.71406406,-4.017677,0.6209146,-0.44964892,-2.3451405,0.11899177,1.4361991,-0.046308532,-0.9695647,0.47925964,1.2562029,-1.0991687,-2.2675607,-1.3189695,-0.9545473,-1.0760626,0.14288558,sad,6,c:\Users\Kacpiro Recenzje\Desktop\Studia\XAI_2026\data\raw\Actor_17\03-01-04-02-02-02-17.wav
-420.9112,70.81778,8.491685,15.500921,7.1419625,20.570717,-0.4218579,10.556626,-0.07102382,0.7730888,2.0977135,2.3622584,2.6002584,-1.1835433,4.745396,4.522106,0.38322702,0.8282876,0.0582178,-0.4226416,1.197547,-0.25733292,0.7428491,1.2470341,-2.0268564,1.5607405,-1.2293872,-1.5435885,-0.9769931,-0.22582215,0.51743996,0.7442718,-0.53793585,0.801991,0.93649596,-1.4411443,-1.1276374,-0.55219567,-1.3993456,0.72245324,angry,0,c:\Users\Kacpiro Recenzje\Desktop\Studia\XAI_2026\data\raw\Actor_17\03-01-05-01-01-01-17.wav
-417.93243,88.01636,5.7678647,17.920906,6.0513077,18.591995,-3.0488005,10.992383,0.42631313,-2.904013,2.6667614,2.5296516,1.2197459,-3.8513057,4.4075327,3.3849826,-1.6459141,-0.04168382,0.13505743,-0.8991348,0.9190345,-1.4428499,0.42820048,1.8662738,-1.2479091,0.4115408,-1.576035,-0.54545504,-1.4855098,-0.67542464,-0.30608654,-0.75590205,-0.7384232,1.1986943,2.0108123,-1.6466317,0.22959559,0.69676155,-1.6023633,-0.4481719,angry,0,c:\Users\Kacpiro Recenzje\Desktop\Studia\XAI_2026\data\raw\Actor_17\03-01-05-01-01-02-17.wav
-407.03644,83.82015,-4.279078,15.210513,8.708416,18.252823,-8.354615,11.863293,1.4645544,-7.213812,-2.3967779,3.7174916,-0.49953505,-5.7747746,2.9786072,5.176292,-4.022758,-0.4050271,1.7618262,-1.729022,1.4170697,-1.7491685,-0.025926469,1.0332559,-5.0821414,0.8472133,-1.4470483,-1.4202482,-0.9820892,-0.4763881,-0.9499895,-0.18456116,0.62714714,0.9623039,0.92393124,-2.0876083,-0.013176532,-0.9778782,-1.2727757,0.2294878,angry,0,c:\Users\Kacpiro Recenzje\Desktop\Studia\XAI_2026\data\raw\Actor_17\03-01-05-01-02-01-17.wav
-413.67593,82.734634,3.1007633,20.772087,6.5637856,20.934898,-4.04952,13.299237,-1.9590058,-7.2748737,-0.16624591,3.427989,-0.68474096,-4.758142,3.0232103,6.296386,-2.2422311,1.1500064,2.135161,-1.7430382,0.40813878,-1.3063799,0.9508594,0.39349464,-3.7625191,0.8356491,-2.2676232,-1.4604728,-1.3187063,-0.7809952,-0.047763906,-1.1157954,-0.5417131,2.7197335,0.39637578,-2.4409924,-0.8186584,-0.73262036,-0.14618228,0.92732316,angry,0,c:\Users\Kacpiro Recenzje\Desktop\Studia\XAI_2026\data\raw\Actor_17\03-01-05-01-02-02-17.wav
-412.2863,69.703804,-10.656394,5.082728,7.639264,11.806579,-5.442666,4.331358,1.7578881,-4.2676473,-5.2926297,1.653607,-1.3877027,-6.7113485,0.3604421,3.7071655,-4.838242,-1.4986732,-0.7886043,-3.020786,-3.0810072,-1.5238419,-1.4832176,-0.91319305,-2.6892698,-0.5033801,-0.49111807,-1.4624398,-1.6624985,1.0000236,0.5818589,1.8718407,1.2075387,1.6298146,1.7451633,0.19268756,-0.16265966,-0.76966894,-0.2553096,1.8232162,angry,0,c:\Users\Kacpiro Recenzje\Desktop\Studia\XAI_2026\data\raw\Actor_17\03-01-05-02-01-01-17.wav
-381.4558,74.02376,-16.600746,5.4656186,4.4281154,11.632137,-12.729041,3.580286,-0.026738701,-7.334152,-7.5846863,3.5779808,0.22319658,-7.311379,0.17364213,4.767989,-5.585786,-4.18925,-0.8461207,-1.8951644,-4.340757,-0.122909546,-1.2993848,-2.3258917,-4.1529603,-1.0263125,-1.6968741,-0.4801113,-1.3911783,1.0317162,1.6597946,1.4003217,0.001089326,1.4038668,1.173675,0.075561635,-0.31653616,-0.21461931,-0.7942387,2.950595,angry,0,c:\Users\Kacpiro Recenzje\Desktop\Studia\XAI_2026\data\raw\Actor_17\03-01-05-02-01-02-17.wav
-420.25772,77.54884,-10.994012,8.368816,1.9939415,14.010458,-10.249244,4.073488,1.8861634,-4.824206,-10.094624,1.2487159,-1.3608125,-6.8557215,-0.55283433,4.029937,-4.5366964,-2.3288283,2.0065598,-1.8184801,-3.3533268,-0.0095342,-2.0744739,-0.8104298,-4.463142,-1.9466243,-1.467351,-1.2361796,-3.7122648,-1.7212726,-2.115492,-0.42358375,-2.1597576,-0.67049897,-1.2521003,-3.4151814,-3.4394486,-1.4024323,-1.2864324,1.5612689,angry,0,c:\Users\Kacpiro Recenzje\Desktop\Studia\XAI_2026\data\raw\Actor_17\03-01-05-02-02-01-17.wav
-389.64163,82.89883,-22.448044,9.883371,4.7981915,15.186173,-11.359878,6.081738,-2.2896693,-8.400412,-10.344233,1.4694502,-0.17571189,-9.716427,-0.9468374,5.96822,-7.234139,-3.3962562,0.5237976,-1.8595514,-3.7983546,-1.0294882,-3.1904356,-1.7669048,-4.1365976,-0.29852858,-1.0954889,-0.96929,-4.5323677,-1.6532028,-0.32362935,-0.1481569,-1.3232346,1.4435169,-0.5668261,-1.465668,1.5090866,0.9350712,0.4265992,4.8624554,angry,0,c:\Users\Kacpiro Recenzje\Desktop\Studia\XAI_2026\data\raw\Actor_17\03-01-05-02-02-02-17.wav
-427.04443,76.23872,3.273808,10.065069,4.9313817,19.202864,4.5942593,10.224896,-3.0640988,-6.266455,-4.415249,3.1481965,5.3261538,-2.2884812,0.010158296,4.3660183,0.38343307,-0.016746143,3.2128298,2.315306,1.135369,1.0122745,-0.78152966,1.4488207,-0.26258877,1.0064547,1.0873208,-0.5130813,-0.57001173,0.50165844,1.3934209,2.2579427,0.54468095,1.9871564,0.58153343,-1.2002509,0.28752926,0.24607109,0.29952353,2.3914666,fear,3,c:\Users\Kacpiro Recenzje\Desktop\Studia\XAI_2026\data\raw\Actor_17\03-01-06-01-01-01-17.wav
-405.5314,80.672874,0.389013,11.75119,4.8484898,17.1975,0.014075963,9.841035,-2.1076765,-4.5346317,-4.485254,4.4014306,5.755092,-2.4724088,0.7933894,6.109809,0.72615695,0.12520659,3.9829495,1.6035277,0.6328811,1.5070763,-0.476793,2.309409,-0.5287246,0.07121894,-0.10365593,-0.59890234,-0.028493408,0.914143,0.89248484,1.7172555,0.5744049,2.3836935,-0.16784413,-1.212782,-0.34241435,-0.88922703,-0.9984034,0.87739766,fear,3,c:\Users\Kacpiro Recenzje\Desktop\Studia\XAI_2026\data\raw\Actor_17\03-01-06-01-01-02-17.wav
-422.23572,89.12218,-5.4903574,11.501422,5.203714,20.95461,-0.41330042,9.692839,-2.6011648,-8.53684,-6.059861,5.6309905,7.1646895,-3.8979647,2.600976,8.642166,1.0526519,-0.549896,5.2670646,3.1478097,0.9374715,2.8274498,0.47308275,2.4962475,1.1025764,1.1084276,1.4630039,1.1197884,1.5416714,1.1506842,1.2161789,2.519426,1.1020439,3.691037,2.1326776,-1.8792897,-0.6325645,-0.68871063,-0.85473406,1.665912,fear,3,c:\Users\Kacpiro Recenzje\Desktop\Studia\XAI_2026\data\raw\Actor_17\03-01-06-01-02-01-17.wav
-417.13748,59.057972,-11.356225,14.000981,0.3860201,11.372118,-0.8089515,6.499417,0.46298543,-2.531279,-2.9349236,2.9646325,2.9640746,-2.494091,-1.1298202,5.246142,-1.7288924,0.4214411,3.999561,1.3344173,-1.8697579,1.6005164,1.1693553,-1.8670554,-0.738107,1.8686532,1.2438927,4.351959,4.484825,5.3985543,4.356582,5.830457,3.970294,2.957091,3.8785374,3.6029298,2.9131405,2.8018413,2.4460864,4.544445,fear,3,c:\Users\Kacpiro Recenzje\Desktop\Studia\XAI_2026\data\raw\Actor_17\03-01-06-01-02-02-17.wav
-387.7227,51.555885,-4.270064,11.275782,2.0541348,11.598165,-0.36408132,7.3384275,-0.59215367,0.36902255,-1.5567999,1.3338268,2.154809,-0.40688092,-2.190351,2.0907843,-1.0699366,-0.8057178,1.9573336,1.9576384,-0.14198801,3.1002176,3.2974386,0.7654493,0.7477164,3.942907,3.4937594,5.227106,5.67662,6.1011453,5.248758,5.736258,3.142322,3.2954948,4.996093,5.352518,4.9855914,4.823392,3.5300364,5.230284,fear,3,c:\Users\Kacpiro Recenzje\Desktop\Studia\XAI_2026\data\raw\Actor_17\03-01-06-02-01-01-17.wav
-378.34103,58.42121,-10.874995,10.335022,0.38174158,12.973164,-2.916954,4.794877,-2.094172,0.3772675,-2.9349782,2.144692,2.844812,-0.87483907,-2.2660673,5.452176,-0.37068513,-0.62323993,2.896645,0.47701302,-1.6265409,2.5080688,3.9155586,2.9774866,3.1256437,4.9644113,2.5081775,3.0031617,3.16363,4.928679,5.009814,7.4693785,5.682367,5.813949,5.2673063,4.3671837,3.4237745,3.496374,2.3054163,3.6064508,fear,3,c:\Users\Kacpiro Recenzje\Desktop\Studia\XAI_2026\data\raw\Actor_17\03-01-06-02-01-02-17.wav
-400.75754,58.333,-9.406018,10.255529,-1.4176993,11.8216095,-1.7787504,4.8020887,-3.0856452,-1.548393,-5.716994,1.5193105,3.2671118,-2.45307,-2.4811513,4.1358986,-3.1619148,-1.2405128,1.2041243,0.45733124,-4.321901,0.92147565,2.2200382,0.81155217,2.2455833,3.9920702,2.6285858,4.142592,2.9418871,3.1309104,3.301125,5.5048475,4.192975,5.830075,4.777793,3.7246804,4.2898436,4.115354,2.7654202,4.9561586,fear,3,c:\Users\Kacpiro Recenzje\Desktop\Studia\XAI_2026\data\raw\Actor_17\03-01-06-02-02-01-17.wav
-359.82462,60.67405,-16.451277,13.990165,-3.8059797,15.499437,-2.3622892,6.1666493,-5.406264,0.45635423,-5.3055825,-0.7163147,3.5552921,-0.5425861,-3.5813057,5.800343,-1.5213615,-0.6721364,2.9035075,0.6447823,-1.9181267,4.212963,3.9338384,1.946541,3.7278972,6.504998,3.5782566,3.7570589,3.7298636,2.760849,1.0029018,3.121614,2.6853871,3.9476378,2.1982646,1.7105613,0.7219769,3.306617,3.364043,4.683087,fear,3,c:\Users\Kacpiro Recenzje\Desktop\Studia\XAI_2026\data\raw\Actor_17\03-01-06-02-02-02-17.wav
-390.31747,82.05715,2.831802,18.229591,7.409236,14.715803,-2.2947235,7.279018,0.007182561,-1.4436888,-2.2391026,2.6366525,0.9818553,-3.4213617,1.3980187,2.126285,-1.6959494,-0.5481318,0.24998055,0.6553744,-0.5692264,-4.0698724,0.6751218,0.99452305,-2.5800288,-1.0811198,-0.7409468,-1.4063369,-0.48907962,0.055203214,-0.29128152,0.5137275,-0.71518934,1.6647906,-0.31636393,-2.2785928,-0.23119728,-0.56526864,0.38074216,0.0036587005,disgust,2,c:\Users\Kacpiro Recenzje\Desktop\Studia\XAI_2026\data\raw\Actor_17\03-01-07-01-01-01-17.wav
-407.54486,81.189766,11.827414,19.524122,9.5602255,15.823259,0.5934959,7.424898,1.6368028,-0.73040545,-1.9228632,2.0829945,1.0126417,-3.3645804,1.5886832,3.5754993,1.4771823,0.46916562,0.43018034,-0.22797583,0.93274313,-0.74200237,0.18030286,1.2501528,-1.2784946,-0.14123094,-0.9479081,-0.075877815,-0.81294656,-0.65144765,0.60740614,0.3006422,-0.708017,0.25167078,-0.22620852,-0.5503011,0.04225405,0.15280703,0.75858223,0.37402824,disgust,2,c:\Users\Kacpiro Recenzje\Desktop\Studia\XAI_2026\data\raw\Actor_17\03-01-07-01-01-02-17.wav
-412.04526,65.94217,6.0341587,15.623567,6.931158,14.433728,-0.6210164,8.223667,-1.0797237,-4.1966,-2.1017084,3.8082476,0.09734837,-5.4845896,1.3695599,3.419759,-1.1354468,-0.9955306,-0.20349787,-0.48334843,-1.198472,-0.7238281,0.042576134,0.71644795,-2.9479496,-1.1024997,-1.915499,-2.1377764,-1.5460371,-1.5755693,-0.28469008,-0.07070322,-0.73019,0.010137031,-0.32949373,-0.83932114,-1.2561604,-1.5121261,-0.9617738,-0.637193,disgust,2,c:\Users\Kacpiro Recenzje\Desktop\Studia\XAI_2026\data\raw\Actor_17\03-01-07-01-02-01-17.wav
-378.7252,86.44465,1.1388857,20.50088,2.6717823,16.906157,1.6530507,16.01858,0.15912797,-7.1575665,-2.087465,6.5790715,1.7534758,-5.694435,2.6844733,4.887499,-2.5003207,0.46417695,-0.08393394,0.3590245,1.0665267,0.36538503,1.6906756,0.1215987,-4.61676,-0.8535338,-0.9005772,-1.8002174,-0.47361815,-0.25543663,0.44364178,1.3786744,-0.72455263,1.3361212,-0.4874756,-2.6183035,-0.99177206,-2.1204383,-0.9856262,0.8016252,disgust,2,c:\Users\Kacpiro Recenzje\Desktop\Studia\XAI_2026\data\raw\Actor_17\03-01-07-01-02-02-17.wav
-358.72977,67.99215,1.9068023,20.543032,-1.9472492,14.1792345,-2.7383626,3.2370994,-6.4974365,-1.5452644,-3.6574018,2.9660673,-2.3360434,-6.4314137,2.7415683,0.6328599,-2.2861803,0.73884577,-1.4869121,-2.9537573,-2.689848,-1.3091625,-1.1683787,1.1963159,-3.3310595,0.27878425,0.81477636,-0.3558322,1.3768561,2.833182,0.48069048,2.9946396,2.3383174,1.6217769,2.7739618,1.4502314,0.54911804,1.9427472,1.2614167,1.4159422,disgust,2,c:\Users\Kacpiro Recenzje\Desktop\Studia\XAI_2026\data\raw\Actor_17\03-01-07-02-01-01-17.wav
-334.4841,75.50075,3.927997,18.356537,-1.7327406,15.1699705,-3.1299887,2.022031,-7.4519067,-2.7645113,-5.286553,2.5479715,-3.0219018,-8.457766,1.3082583,0.3019961,-4.4300494,-1.7231814,-3.2912605,-3.5911827,-3.1423213,-3.4216557,-1.7459416,0.5154649,-4.6693406,-0.11472112,0.4621698,0.11327065,-0.38668838,1.6679511,1.6611696,2.0583227,0.69085413,1.0791035,1.698345,0.5277769,-1.475921,0.9699363,0.93735826,1.1917711,disgust,2,c:\Users\Kacpiro Recenzje\Desktop\Studia\XAI_2026\data\raw\Actor_17\03-01-07-02-01-02-17.wav
-321.58423,71.33951,-4.389719,28.533342,-7.6555624,17.642609,-0.63693196,4.105527,-5.842299,-3.2991133,-5.488793,5.2117934,-0.3396113,-5.778474,-0.06943333,2.7731297,-4.013775,-0.8648553,-3.7836006,-2.1681516,-2.697086,-2.2736197,-0.09730779,1.1864529,-6.0593834,0.30084163,1.2472352,1.3369898,-2.042472,1.9214867,1.2813973,1.0871415,0.7633773,1.6277543,0.29369015,-0.28553048,0.39400092,0.68180555,1.0139178,2.3285294,disgust,2,c:\Users\Kacpiro Recenzje\Desktop\Studia\XAI_2026\data\raw\Actor_17\03-01-07-02-02-01-17.wav
-308.11194,75.93316,4.411581,28.334764,-3.7609153,15.214105,-2.2692044,4.645097,-8.691569,-7.8338313,-6.602185,2.3679054,-1.6527551,-10.36391,-1.3798552,0.35258242,-6.388108,-1.4360331,-4.031527,-4.628044,-3.8200238,-6.0027585,-3.4870782,-1.5190367,-9.00163,-3.4801137,-2.7110193,-4.1623683,-3.5052948,-1.3007156,-0.2779554,1.9462806,2.4551587,2.8140397,2.1985543,1.6368713,1.9889038,1.8570145,0.55755687,0.98365295,disgust,2,c:\Users\Kacpiro Recenzje\Desktop\Studia\XAI_2026\data\raw\Actor_17\03-01-07-02-02-02-17.wav
-396.01758,64.00271,-4.002904,12.566149,-0.25108153,13.709663,-3.296273,6.7715063,-4.3429456,-3.5947802,-3.681348,-1.2409724,-0.0061159064,-5.1450844,-3.5795443,2.6407604,-1.7410347,-0.892804,-0.2955975,-1.1454232,-1.2598574,-0.9604964,-1.1204722,1.0058535,-0.72191864,2.1277983,0.6390101,2.940547,3.644095,4.2202854,4.1009545,4.817014,2.292868,3.270771,2.5258455,0.42834672,0.8200279,1.2364156,0.48565236,2.0218494,surprise,7,c:\Users\Kacpiro Recenzje\Desktop\Studia\XAI_2026\data\raw\Actor_17\03-01-08-01-01-01-17.wav
-340.788,70.5904,0.8397693,22.337776,2.1220622,14.577469,-0.5519388,11.890911,-0.6971063,-0.15768963,-1.0109966,2.2547624,2.4141855,-1.1378868,0.7476609,4.3809934,-2.7147822,0.38582763,2.0103755,-2.588159,-2.2010944,0.9801556,-0.1662069,-1.061732,-1.5273218,1.9705349,0.6978296,2.9227238,2.2889578,3.7331526,5.039659,5.0322714,3.1439438,4.298384,3.747434,1.7816718,1.1911492,1.9244791,1.0839084,2.2137425,surprise,7,c:\Users\Kacpiro Recenzje\Desktop\Studia\XAI_2026\data\raw\Actor_17\03-01-08-01-01-02-17.wav
-331.6957,64.85193,-4.838122,23.509676,-2.327205,11.747573,0.5764615,9.5255995,-6.0760117,-5.40211,-4.7569485,1.0125175,-0.3862554,-5.633687,-4.053724,0.46678627,-4.1001186,-3.376123,-1.6381118,-4.7052193,-2.4697397,-2.12903,-1.0989814,-1.5984653,-3.2528346,1.3736191,-0.26733106,1.8885442,0.22100332,1.3462218,2.220174,1.9170166,0.79503495,3.2416823,2.5411403,0.86006486,0.7383197,0.29259908,-0.1757938,1.8747858,surprise,7,c:\Users\Kacpiro Recenzje\Desktop\Studia\XAI_2026\data\raw\Actor_17\03-01-08-01-02-01-17.wav
-389.63297,77.25701,0.66054064,18.874876,1.8901949,12.368281,2.013182,12.115634,-3.3401377,-4.3706985,-4.6125913,3.508743,2.4272304,-2.3502107,-0.9158202,2.5763752,-1.7451608,-0.45510864,0.21090764,-0.6431033,-1.9252689,-1.4931321,-0.22435582,-1.1672382,-4.206605,-0.47657067,-1.0846202,-1.1457746,-2.3599675,-0.99535817,0.9795753,2.7312257,0.81223845,3.0205815,2.7307868,1.0940706,1.192614,1.0696583,1.6888821,2.8807166,surprise,7,c:\Users\Kacpiro Recenzje\Desktop\Studia\XAI_2026\data\raw\Actor_17\03-01-08-01-02-02-17.wav
-334.44937,59.989784,-3.4709365,21.165583,2.0073686,12.964573,-3.0296593,10.2394705,-0.86088413,3.5708473,-2.0103555,1.9361172,0.22878152,0.20113194,-4.029651,1.382382,-2.927999,0.21289073,0.4851073,-0.3579909,-1.9677501,-0.43891072,-0.8495146,-0.16726717,-2.8761902,2.942211,0.11657022,2.439473,1.1393073,1.935704,1.889124,3.5956511,0.72715867,3.9813032,4.2522326,4.4394617,2.9713085,2.1327143,2.2086065,4.1555376,surprise,7,c:\Users\Kacpiro Recenzje\Desktop\Studia\XAI_2026\data\raw\Actor_17\03-01-08-02-01-01-17.wav
-305.24994,67.58718,-6.7627926,21.638783,-1.8059136,16.473824,-1.4350507,11.394609,-3.123514,0.4483931,-1.5879811,2.4899287,3.2409818,-0.68460006,-1.6483191,4.4456773,-2.151053,0.2168505,-0.023158027,-0.5198972,0.0006511499,0.8124099,0.6165211,-2.2808752,-1.3130789,4.5221467,0.5847076,4.0099006,2.7125475,5.1943836,5.623545,4.6799045,2.6164258,4.668611,3.7144299,3.4573255,0.4400132,1.562249,2.1683578,2.5875726,surprise,7,c:\Users\Kacpiro Recenzje\Desktop\Studia\XAI_2026\data\raw\Actor_17\03-01-08-02-01-02-17.wav
-356.36652,53.081757,-1.6928988,19.885696,-1.3454502,7.9383383,-2.6604185,6.0325146,-0.34216323,1.6033542,-3.083458,0.57980764,1.1428727,-2.4101472,-3.290058,0.7809616,-3.5640168,-1.8029139,-1.370201,-1.7933462,-2.5081248,0.4432095,2.7940118,0.8544127,-1.3943622,2.9129665,2.0627637,3.1109395,2.2917101,4.4615088,4.4288883,5.015144,2.8796039,3.493235,3.3028803,2.8228245,2.8890862,2.8752947,1.7357275,3.0071719,surprise,7,c:\Users\Kacpiro Recenzje\Desktop\Studia\XAI_2026\data\raw\Actor_17\03-01-08-02-02-01-17.wav
-334.14474,56.182034,-4.1746,21.591486,-4.8055143,10.824994,-3.7812629,6.6676793,-2.7820888,2.7388124,-4.807183,-0.15273756,1.3596073,-2.0529313,-4.2273397,1.5617818,-3.9144127,-1.6287913,-2.5684893,-2.176761,-4.1924734,-0.786893,0.5717671,-0.43774527,-4.150545,2.5023513,0.516111,3.2349727,1.3942201,4.4849124,3.4161627,5.7884316,2.5753307,4.644252,3.0930305,2.7940617,2.5618184,2.1709745,1.3436445,3.785688,surprise,7,c:\Users\Kacpiro Recenzje\Desktop\Studia\XAI_2026\data\raw\Actor_17\03-01-08-02-02-02-17.wav
-357.61963,77.62434,10.137874,16.617046,-0.1556205,11.855652,-15.196406,8.000305,-11.056539,-10.409482,-2.043471,-4.757878,2.0122485,-5.503148,-6.4830723,-2.1321309,-0.38121364,1.2577448,-9.29706,-3.1104748,-4.001883,-3.4190464,-1.3420002,-7.686564,-2.852995,-2.357213,-2.7951279,-5.5124335,-4.358889,-1.1028509,-4.766629,-4.1805596,-4.290619,-2.1331503,-2.90675,-3.7955296,-2.196358,-3.7591515,-2.9605124,-3.7532408,neutral,5,c:\Users\Kacpiro Recenzje\Desktop\Studia\XAI_2026\data\raw\Actor_18\03-01-01-01-01-01-18.wav
-355.49457,80.677124,11.07767,16.068892,-2.7581081,11.529554,-14.866905,8.026269,-11.449181,-10.132461,-1.0157456,-5.156316,0.6371289,-4.8168035,-7.222935,-2.8474727,-1.2319796,2.1670618,-9.360643,-4.7504687,-2.7626305,-4.0292764,-0.54827136,-7.247533,-3.8091435,-3.3470457,-4.482137,-6.4656425,-5.71074,-1.8093913,-5.386261,-3.8245685,-4.4235535,-1.6605914,-3.7498884,-3.325301,-1.6885644,-4.4956765,-3.057286,-3.1852772,neutral,5,c:\Users\Kacpiro Recenzje\Desktop\Studia\XAI_2026\data\raw\Actor_18\03-01-01-01-01-02-18.wav
-373.51236,68.36048,14.445423,20.51543,-4.9481006,8.868009,-13.695226,11.020146,-9.009224,-10.392251,-3.4506977,-4.1742625,-1.2396188,-3.5856147,-5.547422,-3.6824336,-3.320539,2.7387526,-7.968106,-4.06825,-3.1576643,-4.1478686,-1.7007779,-8.190508,-4.644801,-4.1543436,-4.2464375,-6.140139,-5.805768,-1.306237,-5.379486,-4.1281004,-3.4269798,-1.4585799,-4.4505515,-4.9632688,-3.3645303,-5.069665,-2.7404656,-0.6261484,neutral,5,c:\Users\Kacpiro Recenzje\Desktop\Studia\XAI_2026\data\raw\Actor_18\03-01-01-01-02-01-18.wav
-380.1933,81.90147,11.008841,14.011489,-4.8580346,8.762318,-12.000278,6.8833094,-10.963232,-11.298291,-2.7594662,-3.7601185,2.221883,-6.3088655,-3.405125,-1.1502566,-2.6082256,1.017685,-8.963649,-4.0395837,-3.5887325,-3.1974223,-2.6087248,-7.0933967,-3.0236301,-3.9000547,-2.950545,-5.902754,-5.2254567,-1.297355,-4.579968,-4.086941,-4.636489,-2.9617717,-2.4943156,-4.7304835,-3.4859822,-4.2722697,-3.2870142,-4.199198,neutral,5,c:\Users\Kacpiro Recenzje\Desktop\Studia\XAI_2026\data\raw\Actor_18\03-01-01-01-02-02-18.wav
-352.34497,71.39338,2.0833762,17.20464,-0.7673016,9.63887,-12.365574,6.139189,-7.5641174,-11.19727,-2.1407988,-5.2256436,-2.6420612,-4.1918583,-6.58725,-1.2289498,-3.4859405,-0.43017843,-7.2597537,-5.46525,-4.060845,-6.2881985,-3.983641,-6.2433867,-4.650515,-4.3298035,-6.1094565,-3.519726,-4.160863,-3.5537765,-5.485651,-4.030835,-3.390478,-2.9492555,-2.8281457,0.20583144,1.4537342,0.044792663,3.5936105,3.110342,calm,1,c:\Users\Kacpiro Recenzje\Desktop\Studia\XAI_2026\data\raw\Actor_18\03-01-02-01-01-01-18.wav
-351.769,76.59761,2.9214642,14.511321,2.8768852,10.137304,-12.829966,8.7968855,-8.392435,-10.122657,-0.82278377,-4.4466276,-1.1173618,-3.562384,-8.141484,-1.4714468,-1.5888705,-0.4194296,-8.117734,-3.9646432,-5.2271476,-4.564797,-2.1058095,-7.535133,-5.0131946,-3.6997507,-6.7618113,-4.3011823,-4.9101334,-3.3048866,-5.6916466,-3.700749,-4.756718,-2.2030232,-4.4592714,-0.6202494,-0.62719965,-2.584105,0.67170554,0.9232269,calm,1,c:\Users\Kacpiro Recenzje\Desktop\Studia\XAI_2026\data\raw\Actor_18\03-01-02-01-01-02-18.wav
-349.41605,80.6582,9.250523,20.688082,-2.755214,12.853692,-7.34529,5.068909,-7.0972137,-11.8655615,-0.8647657,-6.98351,-4.621748,-2.7027218,-8.908855,-1.8278021,-5.104886,-1.3484808,-8.590332,-4.099093,-5.0903997,-7.8689313,-5.7601824,-5.398498,-6.231766,-4.900762,-7.8697534,-4.79245,-6.895429,-3.82511,-6.8192234,-5.1887937,-4.9877973,-3.0086448,-3.2079184,0.59867936,2.0674834,0.18635115,2.5942616,0.95289385,calm,1,c:\Users\Kacpiro Recenzje\Desktop\Studia\XAI_2026\data\raw\Actor_18\03-01-02-01-02-01-18.wav
-349.95197,71.92417,10.942149,18.080154,-3.4484167,13.356083,-8.943937,5.764294,-6.220083,-12.264543,-1.4459959,-5.1777225,-4.577428,-2.9274092,-7.7153916,-1.868664,-3.8161657,0.08743291,-7.2173944,-3.7910166,-3.6891983,-7.2273426,-4.3608937,-5.9344716,-6.2281594,-4.597923,-6.7380996,-4.1034627,-5.9885807,-3.4192915,-6.093323,-3.8561747,-4.3247914,-2.5706751,-3.4123237,-0.52575177,0.23782744,-0.9998462,0.87082493,2.691997,calm,1,c:\Users\Kacpiro Recenzje\Desktop\Studia\XAI_2026\data\raw\Actor_18\03-01-02-01-02-02-18.wav
-347.56885,76.41165,-1.847971,21.044014,0.011333926,9.786337,-11.594717,5.9539256,-4.886224,-13.907431,-1.2571725,-5.892022,-5.066237,-3.4646344,-9.48332,-1.9091016,-4.608467,-0.8726166,-7.957556,-5.1412125,-3.9254882,-7.873304,-3.0100703,-5.90877,-4.728385,-5.311028,-7.5820694,-4.2507143,-5.783731,-4.3601646,-4.7240953,-4.4983325,-4.6088943,-4.0481076,-3.980904,-2.3989305,-0.84702235,-1.7396535,1.8397938,4.0606337,calm,1,c:\Users\Kacpiro Recenzje\Desktop\Studia\XAI_2026\data\raw\Actor_18\03-01-02-02-01-01-18.wav
-349.3561,82.55637,2.4809277,24.671312,0.9800406,13.510345,-11.368783,6.541544,-4.0052576,-12.521924,-0.42475945,-5.857105,-1.7441872,-4.0976734,-6.6607575,-1.900725,-2.560642,0.7701953,-7.333484,-4.2963815,-3.7869968,-6.8791885,-2.7728336,-5.3041353,-5.369527,-5.0353045,-7.215171,-5.704246,-5.198964,-5.266043,-4.014342,-4.589569,-3.6776023,-2.4837856,-4.4961333,-3.4566252,-1.5175604,-4.424785,-1.3535143,1.9399529,calm,1,c:\Users\Kacpiro Recenzje\Desktop\Studia\XAI_2026\data\raw\Actor_18\03-01-02-02-01-02-18.wav
-336.02017,76.75632,5.5983973,22.309278,-2.7500062,13.499644,-8.445491,5.0909996,-5.9059844,-13.002933,0.06909732,-5.042792,-3.4840734,-1.6100851,-8.96021,-3.1168702,-2.8747663,-1.4228208,-7.74911,-6.496924,-3.0784283,-8.517316,-2.3630726,-4.9091387,-7.041913,-4.4033613,-8.181322,-4.1689606,-6.186526,-5.102438,-5.4216795,-5.3536167,-4.0073476,-5.146082,-3.864596,-3.4660413,-2.588208,-4.660901,-0.2635734,1.7470673,calm,1,c:\Users\Kacpiro Recenzje\Desktop\Studia\XAI_2026\data\raw\Actor_18\03-01-02-02-02-01-18.wav
-343.41394,71.37093,6.2514477,17.944513,-5.0113344,13.660818,-10.013782,6.544858,-6.650346,-12.156007,0.2859982,-5.830024,-4.9499393,-2.5497694,-8.668228,-2.430846,-3.3658116,0.5377729,-6.3271847,-4.73785,-4.401089,-7.1432066,-3.8367505,-5.1842904,-5.6539836,-4.5037436,-8.739043,-4.4147143,-5.5821023,-3.3322723,-5.774866,-4.589484,-4.256688,-4.184012,-4.688672,-2.874024,-1.2781173,-2.9895213,0.990435,2.1321645,calm,1,c:\Users\Kacpiro Recenzje\Desktop\Studia\XAI_2026\data\raw\Actor_18\03-01-02-02-02-02-18.wav
-432.97003,69.79986,-7.790572,5.021681,-2.9371088,7.0717545,-11.826577,2.8120728,-9.566662,-12.40406,-4.4845357,-6.347447,-5.8624043,-4.227123,-7.3339725,-4.2537236,-3.9601185,-1.4890682,-7.387019,-7.558573,-5.2127495,-6.470771,-4.047559,-4.8677406,-4.1344895,-0.936718,-4.5343547,0.80726916,-0.35625356,0.2445339,-1.4128664,0.014739341,-0.6150992,0.07803615,2.3175473,2.936947,1.5137582,0.52328706,0.8567783,1.2012029,happy,4,c:\Users\Kacpiro Recenzje\Desktop\Studia\XAI_2026\data\raw\Actor_18\03-01-03-01-01-01-18.wav
-361.4052,67.87856,-12.6272955,3.9140248,-1.2900558,7.355938,-15.672943,0.026975565,-14.476016,-12.30374,-4.254,-0.82904565,-5.059736,-4.9281087,-9.130268,-2.6921813,-1.9105313,-1.2566966,-7.409378,-5.659751,-2.8491004,-5.999852,-4.658523,-3.9431481,-4.4787297,-2.6480536,-6.1313515,0.87980187,2.9452875,5.476931,4.9593587,5.4777856,4.526636,1.6750082,2.4667017,1.4428117,-0.16038816,0.7309979,1.1409774,1.3915254,happy,4,c:\Users\Kacpiro Recenzje\Desktop\Studia\XAI_2026\data\raw\Actor_18\03-01-03-01-01-02-18.wav
-348.1173,77.95084,-4.8135777,9.175935,0.34889752,8.800938,-10.133,2.8861454,-11.0802555,-12.500643,-4.0765266,-4.442842,-6.019487,-3.0407243,-7.5339217,-3.4837832,-1.9379641,-0.8940341,-7.494241,-7.816558,-3.9236906,-6.2469945,-5.451188,-7.394716,-6.211807,-3.257732,-7.2884426,-3.4104803,-3.4763024,-2.3442998,-3.751728,-2.6292503,-0.22994637,0.35400316,0.005971922,1.3740344,0.69931626,-1.7662457,-0.8814309,0.01592931,happy,4,c:\Users\Kacpiro Recenzje\Desktop\Studia\XAI_2026\data\raw\Actor_18\03-01-03-01-02-01-18.wav
-343.01242,68.77747,-4.6654634,10.821749,-2.1272557,7.414051,-16.708967,0.72037745,-11.345551,-11.956294,-4.3188663,-4.25327,-6.6405993,-5.4365096,-9.421516,-4.620205,-3.7620244,-2.7067387,-8.258759,-7.81236,-5.0044146,-7.9001064,-5.6677017,-6.1613727,-7.4299655,-1.664522,-5.1063476,1.5142651,0.10176844,1.4372412,0.29608348,2.254546,1.5201169,1.3070358,3.207965,4.022623,2.7938142,1.0297964,0.6305194,-0.60536516,happy,4,c:\Users\Kacpiro Recenzje\Desktop\Studia\XAI_2026\data\raw\Actor_18\03-01-03-01-02-02-18.wav
-365.7763,38.079376,-28.832445,-6.9404373,-13.293982,-2.7990148,-12.630372,-6.259922,-5.458523,-10.4592285,-11.809011,-2.7813902,-7.5462275,-7.1503987,-1.4471606,4.023269,11.133589,12.1504755,12.137309,7.199414,2.7786665,1.3777506,-0.97116196,2.4911017,0.07745058,0.2937957,-6.033771,-6.614711,-0.00086190517,-0.87807727,2.1275244,1.7354822,1.516155,2.363304,3.4681509,2.1098907,-0.44021216,-1.7965722,0.5676988,1.4239783,happy,4,c:\Users\Kacpiro Recenzje\Desktop\Studia\XAI_2026\data\raw\Actor_18\03-01-03-02-01-01-18.wav
-330.10757,51.07471,-28.536535,-3.194295,-11.00187,-0.089674495,-12.435629,-5.129495,-7.3992333,-10.145522,-11.135061,-1.6473519,-8.127569,-9.166291,-3.3253963,3.5526435,9.471796,7.9711466,8.550765,7.83821,4.0844474,4.1290717,-1.7259654,2.5470002,-0.13144733,2.231228,-1.6183289,-4.5241885,-1.3343779,-1.316098,1.4183303,2.6147203,0.57318485,1.948239,2.7141597,2.3297613,0.028701918,-0.43587187,1.3421302,0.42185113,happy,4,c:\Users\Kacpiro Recenzje\Desktop\Studia\XAI_2026\data\raw\Actor_18\03-01-03-02-01-02-18.wav
-377.0531,53.085194,-42.818554,-7.9806685,-10.59862,0.5116893,-19.21537,-10.289255,-13.096269,-12.036025,-13.561071,2.3753498,-6.866565,-10.268369,-6.1767445,3.6444411,6.2790785,5.824653,10.323034,9.974496,9.029089,6.7819333,-2.5190456,-0.9203356,-3.5713632,2.8686879,-2.9006102,-3.072064,0.018827949,-4.565401,-1.9238944,4.0581886e-05,1.4309229,0.054654222,-0.6775198,2.706101,2.9497275,2.1116524,1.261685,-0.036078975,happy,4,c:\Users\Kacpiro Recenzje\Desktop\Studia\XAI_2026\data\raw\Actor_18\03-01-03-02-02-01-18.wav
-348.41998,38.27023,-35.28717,-7.8017693,-15.276055,-3.1098623,-15.303008,-8.673477,-8.733968,-12.284842,-9.40507,-0.3909489,-8.513079,-8.420483,-3.223099,1.8548183,8.554326,10.616553,12.91903,11.694833,8.037806,2.909901,-1.6505455,1.0670985,-4.6810727,-2.1909592,-5.6301246,-4.9795866,0.380994,-2.0737715,-0.754736,0.7682636,1.7312355,2.3750198,1.7599431,-0.40258804,-2.6870513,-2.1968904,2.8004029,3.0697381,happy,4,c:\Users\Kacpiro Recenzje\Desktop\Studia\XAI_2026\data\raw\Actor_18\03-01-03-02-02-02-18.wav
-375.5205,85.08349,-4.3018193,5.1970925,-4.790243,9.061748,-17.86227,2.9312506,-3.8120217,-14.8232,-7.80647,-5.091365,-1.4076614,-6.701915,-7.206043,-1.5042378,-8.857266,-2.3914304,-5.727016,-6.85402,-3.9199357,-6.1042886,-2.629359,-7.914852,-6.0956993,-1.1162436,-4.8746734,-2.0711899,-0.9541293,2.4670079,2.122685,4.977432,4.7640357,1.9834777,4.0098586,1.8941152,2.8916624,4.6311502,2.9980037,2.5923638,sad,6,c:\Users\Kacpiro Recenzje\Desktop\Studia\XAI_2026\data\raw\Actor_18\03-01-04-01-01-01-18.wav
-365.00146,82.70108,-2.431222,7.6135135,-9.79014,6.032659,-16.854216,6.2160964,-6.3896966,-12.945676,-9.645174,-3.3958495,-1.8212756,-8.402658,-7.747533,-1.3693454,-8.426425,-1.8631369,-6.2758656,-5.743408,-4.2407565,-6.8257732,-2.23857,-6.432509,-6.2910357,-0.5935226,-3.6120102,-2.5741513,-1.3148133,1.5624748,-0.013681615,3.1934702,1.9194795,2.5311055,3.6054192,2.2260785,4.409971,3.0144575,1.6911502,0.9917928,sad,6,c:\Users\Kacpiro Recenzje\Desktop\Studia\XAI_2026\data\raw\Actor_18\03-01-04-01-01-02-18.wav
-363.42834,69.41075,10.755027,15.657876,-8.286183,8.876406,-13.893118,8.955129,-8.157812,-12.746699,-3.6655178,-5.199476,-3.9767468,-5.606629,-7.493391,-3.6498833,-4.017023,-0.16775164,-9.549716,-3.851095,-4.2211537,-6.9974875,-3.452468,-8.481229,-5.1956763,-4.746478,-4.9091573,-6.163272,-6.1166615,-1.9887868,-6.013638,-4.7557077,-4.8801675,-1.5751668,-3.4798315,-1.8633457,1.2630262,0.6634008,3.3351185,2.9859865,sad,6,c:\Users\Kacpiro Recenzje\Desktop\Studia\XAI_2026\data\raw\Actor_18\03-01-04-01-02-01-18.wav
-363.92578,81.26604,5.3799243,15.817968,-10.080163,9.362799,-12.681503,5.5995016,-6.0414,-16.97723,-4.7743883,-5.793627,-3.4212327,-7.2361794,-5.1136785,-4.3494716,-6.831151,1.0660151,-8.780696,-5.593924,-4.2209706,-7.8098354,-3.412115,-8.2531185,-6.0848947,-4.0841746,-6.2928643,-5.641141,-6.2322316,-4.228804,-5.6996784,-5.496754,-4.1808543,-0.8178667,-0.14478989,0.93472224,4.073254,3.2613733,3.3008928,4.4216976,sad,6,c:\Users\Kacpiro Recenzje\Desktop\Studia\XAI_2026\data\raw\Actor_18\03-01-04-01-02-02-18.wav
-361.5111,67.91165,-33.954502,-7.6016684,-15.225208,-6.7754593,-19.705656,-8.823641,-13.413687,-17.150192,-17.353344,-8.011436,-0.10851964,-8.700114,-8.876125,7.88468,4.968811,3.5211406,7.4285517,2.1566327,4.5778546,3.1144423,4.401923,5.808328,1.1889843,2.8527021,-3.0741572,-7.884672,-2.1546566,0.8974278,-1.9627993,-0.6495634,-3.3057785,-1.7453197,1.7644658,0.6018678,0.21041256,-5.2609177,-5.175642,0.111833505,sad,6,c:\Users\Kacpiro Recenzje\Desktop\Studia\XAI_2026\data\raw\Actor_18\03-01-04-02-01-01-18.wav
-358.31415,65.76993,-29.014706,-4.8866854,-10.237896,-5.03603,-20.411549,-11.131891,-14.744776,-18.817516,-17.290115,-7.863139,-0.64099324,-10.770471,-10.849476,3.0133593,-0.4508035,-1.7713084,3.566169,1.3419644,3.9271345,3.8288357,4.4454246,5.8924413,3.9648893,7.9642463,0.85593605,-3.7280862,-0.8127134,0.032106414,-1.3108265,-1.0721601,-1.4300386,-2.2799509,-1.2251472,-1.1233209,1.7339319,-1.3835326,-4.1454983,-2.4173467,sad,6,c:\Users\Kacpiro Recenzje\Desktop\Studia\XAI_2026\data\raw\Actor_18\03-01-04-02-01-02-18.wav
-367.45883,76.90761,-24.639416,-7.174043,-13.876556,1.1971674,-24.01627,-13.7522745,-14.050917,-23.122597,-18.055973,-5.7490554,0.5077309,-10.968213,-14.903369,0.04784296,-5.456401,-8.392524,-2.9578948,-7.348634,-2.9839349,-0.5348515,2.308581,7.555248,6.6634254,13.927382,11.43916,5.5290756,4.0200405,0.47055,-4.439953,-3.2941463,-1.8225275,0.32071605,1.9331238,0.25865653,-1.772448,-3.9827456,-3.2434683,-0.65143603,sad,6,c:\Users\Kacpiro Recenzje\Desktop\Studia\XAI_2026\data\raw\Actor_18\03-01-04-02-02-01-18.wav
-327.43015,72.89392,-33.408073,-1.8812004,-14.767038,1.1193423,-22.413792,-15.274909,-8.971001,-20.145384,-17.960741,-4.6563168,-0.12229151,-13.880284,-11.996966,3.896626,-6.729162,-4.2160625,-1.4737101,-6.393192,-0.4463198,-1.5440297,3.5101678,7.4998856,5.695355,14.250878,7.5245986,2.0162024,2.6128817,0.21218424,-1.7667363,-2.368378,0.19050162,2.4173827,-0.44485018,1.1863643,0.50617373,-5.119882,-3.695002,-1.095994,sad,6,c:\Users\Kacpiro Recenzje\Desktop\Studia\XAI_2026\data\raw\Actor_18\03-01-04-02-02-02-18.wav
-358.76624,85.819,-15.713846,-4.277847,-4.9574924,-1.8238252,-17.914143,0.1885429,-10.00977,-16.84436,-10.874439,-3.1909888,-0.7557129,-8.864414,-4.7106624,-3.909177,-8.178144,-2.1356182,-8.473397,-9.245591,-5.911803,-5.639132,-4.1873593,-5.736615,-0.90732616,0.40593237,-0.4985106,1.2619387,-0.5545126,-0.08742258,-2.9622018,-3.5661426,-3.166579,-1.7912726,-0.53488225,0.6486438,2.1834893,0.33672723,1.0053593,3.2462866,angry,0,c:\Users\Kacpiro Recenzje\Desktop\Studia\XAI_2026\data\raw\Actor_18\03-01-05-01-01-01-18.wav
-298.65903,95.64824,-17.169413,9.575815,-9.221537,1.9052687,-19.175827,11.014988,-10.598397,-15.204538,-12.474824,-5.385826,-2.9942532,-7.0136843,-4.4250064,-5.1770167,-7.918262,-1.5374995,-6.416812,-6.827261,-10.018816,-7.2998176,-4.1442933,-5.6559258,-4.577769,-2.0736663,-5.4862113,-0.64191055,-1.1910183,-0.7965449,-1.9375122,-0.57569444,-1.8062274,0.34074682,-0.83259505,1.2081046,-0.04999591,1.1222708,3.1456754,3.0300324,angry,0,c:\Users\Kacpiro Recenzje\Desktop\Studia\XAI_2026\data\raw\Actor_18\03-01-05-01-01-02-18.wav
-366.44888,66.47697,-10.590074,5.475297,-8.10338,0.59539396,-14.093926,-0.015917812,-7.6551437,-14.465519,-10.73888,-5.132522,-3.458358,-6.237224,-6.059317,-4.4812365,-7.2496514,-2.050355,-6.872517,-6.184632,-3.8184571,-5.30931,-3.4921088,-4.3293033,-3.3955784,-1.2710005,-4.9246583,-1.6567327,-2.463272,0.96623176,2.0517166,2.135181,3.0010235,2.9123652,1.7061487,2.7632751,1.2350929,0.099718906,-0.8522653,0.0007769267,angry,0,c:\Users\Kacpiro Recenzje\Desktop\Studia\XAI_2026\data\raw\Actor_18\03-01-05-01-02-01-18.wav
-368.33856,79.18071,-13.685277,2.61159,-10.711486,1.4020116,-17.44902,1.7468657,-7.921804,-13.714389,-10.780508,-6.653226,-2.8132288,-7.2710066,-7.381912,-4.4831266,-7.3367324,-1.8495278,-7.966829,-7.1575418,-3.813112,-7.8101754,-3.033187,-2.9202042,-1.7717783,1.9293008,-1.5886382,1.756351,-3.0464394,-0.7914879,-1.2046293,-1.2123456,1.0934713,2.907298,1.526167,2.0593894,3.632983,2.662897,1.7843632,1.9871107,angry,0,c:\Users\Kacpiro Recenzje\Desktop\Studia\XAI_2026\data\raw\Actor_18\03-01-05-01-02-02-18.wav
-385.7298,31.65304,-40.78502,-6.3354154,-13.419247,-7.6476507,-16.410063,-2.2282436,-6.7988234,-4.7972136,-11.497197,-6.3148804,-3.794586,-9.563889,-3.21572,2.4587657,5.3919554,11.638141,11.4081745,5.6235895,3.4643435,-5.233485,-5.980706,-2.6636422,-2.2125373,4.3360744,0.30626726,-2.551831,-5.446296,-3.596958,0.4293892,1.546657,-0.6157399,-1.1288807,1.1839395,4.81662,2.513249,-1.266452,-1.3793519,-0.9857868,angry,0,c:\Users\Kacpiro Recenzje\Desktop\Studia\XAI_2026\data\raw\Actor_18\03-01-05-02-01-01-18.wav
-367.1716,23.701397,-47.044693,-5.8234415,-19.83643,-7.3168545,-13.518626,0.79593045,-10.413223,-3.261564,-10.567784,-8.692747,-4.1844773,-6.754701,5.050609,11.425054,13.419164,15.169569,5.0294604,-3.377817,-5.093304,-7.9827423,-4.0564175,2.0189106,-0.4103617,-3.3689911,-5.284093,-3.7067287,1.8362204,3.8079574,1.1525924,0.6152671,1.736738,2.243197,0.6138358,0.8125632,-2.0288363,-1.4367136,0.10331312,0.48263595,angry,0,c:\Users\Kacpiro Recenzje\Desktop\Studia\XAI_2026\data\raw\Actor_18\03-01-05-02-01-02-18.wav
-366.55243,29.203129,-48.549007,-4.798061,-21.00215,-8.216682,-13.408397,-3.9153585,-8.026306,-6.5637736,-9.912288,-5.8978577,-6.501584,-11.968888,-2.8527114,6.496932,9.13421,14.785326,12.021244,1.9063561,-1.0414841,-8.945684,-4.926048,3.1188567,0.22980948,0.64367324,-5.8348846,-6.559857,-2.6253958,3.6898787,3.9592233,-0.8304702,-1.0930114,2.9763486,5.728151,4.8207216,-3.0910003,-5.3078356,-2.0512648,3.214452,angry,0,c:\Users\Kacpiro Recenzje\Desktop\Studia\XAI_2026\data\raw\Actor_18\03-01-05-02-02-01-18.wav
-336.8534,35.7433,-54.30484,-7.1030664,-26.384018,-11.37391,-12.807277,-1.8508182,-7.9907203,-7.1888037,-9.552471,-6.8638587,-7.973673,-10.811228,-2.6601992,4.8928866,10.564956,15.258531,14.528078,3.1578932,-2.1963325,-7.6741953,-3.7850008,3.052436,-0.35799673,1.664733,-4.560306,-7.9023647,-4.234018,0.99558556,2.0661702,0.38339227,0.74504805,1.1773819,1.672477,5.3302135,0.9250009,-2.7321644,-2.5178158,1.1792524,angry,0,c:\Users\Kacpiro Recenzje\Desktop\Studia\XAI_2026\data\raw\Actor_18\03-01-05-02-02-02-18.wav
-369.92865,71.87565,-9.855681,-0.5992194,-12.532939,3.9196024,-14.68986,0.32323796,-8.28975,-14.225089,-7.840694,-1.2569009,-1.6198735,-7.4591126,-6.8224163,-0.3915418,-5.577299,-3.0062718,-2.2730734,-9.993488,-6.034269,-6.016805,-3.451906,-4.4954815,-3.6101487,6.553697,-0.24367182,5.2731247,8.150542,6.3717403,4.53969,3.8511274,2.4101632,1.1117435,0.85262424,2.4178548,2.935049,0.31522578,0.71907,0.05121818,fear,3,c:\Users\Kacpiro Recenzje\Desktop\Studia\XAI_2026\data\raw\Actor_18\03-01-06-01-01-01-18.wav
-366.52283,66.65209,-11.774607,2.2021697,-9.168545,6.696207,-13.56513,-0.3649629,-7.275294,-10.144208,-9.034888,-5.894713,-0.33782104,-6.424405,-7.455988,1.2943254,-5.720583,-3.041142,-1.2495329,-9.642631,-5.694563,-4.9356327,-4.65459,-3.370208,-4.365773,4.3037143,0.5811092,3.1263425,6.644048,6.9504333,5.397622,4.527143,4.183446,3.507028,2.0530174,2.231414,0.09926191,-1.3026917,-1.1245117,0.802413,fear,3,c:\Users\Kacpiro Recenzje\Desktop\Studia\XAI_2026\data\raw\Actor_18\03-01-06-01-01-02-18.wav
-344.88806,64.23236,-3.7837996,10.332058,-10.124993,8.95744,-12.445574,4.903711,-6.6112742,-12.061007,-7.4313912,-1.2941523,-2.5912,-6.3047595,-5.412702,0.47014493,-5.2133813,-1.0478104,-1.2976043,-8.300044,-4.0320783,-5.517919,-4.5925493,-4.708458,-5.9108114,0.10583999,-7.121673,-1.1875334,-0.15654111,1.5534735,4.4890914,5.4839845,6.1774883,5.8374867,5.516798,5.8908596,2.7568843,1.6806762,1.8370271,0.54903615,fear,3,c:\Users\Kacpiro Recenzje\Desktop\Studia\XAI_2026\data\raw\Actor_18\03-01-06-01-02-01-18.wav
-338.87073,78.959564,-8.212302,3.4104745,-9.556383,8.041273,-13.954511,4.100327,-7.078245,-16.306305,-6.829671,-0.5800252,-2.8886101,-6.88584,-6.1407,1.8045832,-5.85853,-0.43493313,-1.0162709,-10.258488,-6.936951,-5.193115,-4.1216283,-3.3002045,-2.572449,3.4381874,-4.5775476,0.26793656,0.26424965,0.95300174,3.1254008,4.2204986,5.3150444,6.184435,6.2019897,6.9456415,3.8754566,0.4300342,0.47727734,0.98635215,fear,3,c:\Users\Kacpiro Recenzje\Desktop\Studia\XAI_2026\data\raw\Actor_18\03-01-06-01-02-02-18.wav
-359.81546,59.383244,-30.464653,-4.032334,-16.200665,1.3218191,-16.747307,-4.7708178,-7.3604703,-12.149959,-15.211239,-0.9591948,0.8775469,-10.1696205,-8.808167,0.2960726,-4.1414256,-3.3729749,-0.23483942,-0.539038,5.2247257,5.423066,8.258392,7.423868,3.5052936,8.545372,0.60330844,-3.0061884,0.23589106,0.8292908,-1.8804245,-1.1633518,-0.26767942,-1.3990397,-2.9927166,-0.5354245,0.62701595,0.100303434,-0.14143878,-2.5454838,fear,3,c:\Users\Kacpiro Recenzje\Desktop\Studia\XAI_2026\data\raw\Actor_18\03-01-06-02-01-01-18.wav
-366.93958,63.450535,-29.982325,-3.688518,-14.283504,0.09562813,-15.01968,-5.5583363,-7.3096914,-13.052055,-14.31565,-1.6207033,1.332123,-7.1906,-9.060973,0.21448614,-1.3528211,-3.4414997,-0.9116707,-1.6604606,2.994053,8.377779,13.050167,12.2618,6.7151937,8.066344,-3.1303036,-4.5624957,1.0940095,1.5291785,1.2510103,-2.2714505,-2.3584437,-1.8141906,-2.340096,-0.4197273,0.7894272,-2.0363715,-2.667003,-1.9628397,fear,3,c:\Users\Kacpiro Recenzje\Desktop\Studia\XAI_2026\data\raw\Actor_18\03-01-06-02-01-02-18.wav
-355.23727,62.14741,-24.961702,5.803708,-17.400776,6.6033936,-15.466294,-4.8842616,-10.50899,-14.237782,-11.012754,-0.40782437,-1.5977061,-9.015037,-8.641286,0.28135195,-7.132026,-5.9240065,-4.5086975,-4.9113207,1.8644032,4.2367992,7.7345448,10.8627615,7.0404572,8.622338,1.4649359,1.0450094,0.5912557,0.81650925,0.4292448,-1.1124461,-1.7547239,-0.8000105,-1.5892448,-1.7090874,-0.42365697,0.91895527,-1.713488,-1.8516811,fear,3,c:\Users\Kacpiro Recenzje\Desktop\Studia\XAI_2026\data\raw\Actor_18\03-01-06-02-02-01-18.wav
-364.20703,56.573048,-31.119833,-3.9416227,-16.963398,1.1412462,-18.354738,-8.150696,-7.1648083,-15.20207,-15.907781,-3.3057587,-1.4163077,-9.88077,-8.15963,-0.9780536,-5.365513,-4.9761043,-0.34000167,-1.2397933,5.0220966,7.833287,9.455224,9.266934,5.4546804,9.909844,0.52735555,-2.3303947,0.084747046,0.49128896,-0.05769489,-1.7821332,-1.7414235,-2.283912,-2.0216568,-0.10956322,-1.3159528,-2.5425823,-1.0476213,-1.0971867,fear,3,c:\Users\Kacpiro Recenzje\Desktop\Studia\XAI_2026\data\raw\Actor_18\03-01-06-02-02-02-18.wav
-341.85068,90.93686,-0.73108125,11.614015,-6.506435,2.3283374,-14.0766325,9.379832,-11.59717,-8.885413,-11.132662,-5.981183,2.3088639,-6.8762426,-6.4595437,-1.7177814,-4.94193,-2.3137286,-5.792059,-9.197862,-7.72067,-4.2034016,-4.652896,-7.068275,-5.848658,-0.9177595,-6.8552146,-4.7257886,-3.7300568,-2.5178986,-2.714753,0.23634166,-1.4959129,-1.3666083,-1.139932,-0.6638939,-0.34656367,-0.6841107,0.78910184,0.317152,disgust,2,c:\Users\Kacpiro Recenzje\Desktop\Studia\XAI_2026\data\raw\Actor_18\03-01-07-01-01-01-18.wav
-365.1699,82.05056,-3.843085,2.094344,-6.824828,-0.7913014,-13.299154,4.692455,-10.63001,-13.314554,-11.195768,-1.9554443,0.74877703,-11.509475,-7.311598,-0.5333606,-6.059856,-5.19354,-7.581712,-9.149109,-6.787518,-5.631181,-5.4796844,-9.496772,-5.298412,-2.3021886,-8.260854,-4.041401,-2.0252266,-1.5011822,-1.1453019,0.48758975,-0.5338719,-0.7689105,-0.40203577,-0.90495074,0.71870685,0.8088922,2.9096696,3.0715532,disgust,2,c:\Users\Kacpiro Recenzje\Desktop\Studia\XAI_2026\data\raw\Actor_18\03-01-07-01-01-02-18.wav
-334.30603,79.09192,-8.737273,6.7751837,-16.654068,8.03295,-12.3822565,2.7751584,-14.367236,-10.317409,-9.850009,-2.9672675,0.43163565,-7.240521,-6.222567,-1.59207,-6.9071555,0.32475898,-5.4773397,-9.841671,-5.0479918,-5.164427,-7.2286696,-6.2356153,-5.061114,0.66838616,-6.728307,-1.9724623,-0.8397617,-1.1843858,-1.2215149,1.387917,-1.8749509,-1.67376,-0.10522623,-0.8415807,-0.7267139,0.6457088,0.51010257,1.5202351,disgust,2,c:\Users\Kacpiro Recenzje\Desktop\Studia\XAI_2026\data\raw\Actor_18\03-01-07-01-02-01-18.wav
-319.01773,84.14529,-3.2616057,5.289027,-14.851346,8.667276,-16.954018,0.8496707,-16.026936,-14.37696,-10.3774605,-5.6587796,-0.59114313,-9.750564,-6.781156,-1.2591267,-7.420057,-3.311972,-4.854448,-8.672081,-5.417051,-6.1846194,-6.2296505,-6.2959714,-6.9695873,-1.701725,-6.903763,-2.4454408,-1.8877017,-0.23537819,-0.485618,0.94890165,1.2656852,0.83729887,1.1000321,3.141384,3.602561,3.6242836,1.8415759,2.8175857,disgust,2,c:\Users\Kacpiro Recenzje\Desktop\Studia\XAI_2026\data\raw\Actor_18\03-01-07-01-02-02-18.wav
-344.23148,58.789604,-35.269737,-2.9486105,-11.227078,-7.402399,-23.671106,4.8340607,-15.930488,-14.609275,-16.852524,-3.8131545,-3.183859,-14.445923,-4.73965,-7.4387474,-8.907378,-4.7421145,-8.4560585,-6.3967094,-2.4610167,3.2749507,5.779529,7.7725077,7.346844,5.5825176,1.1317141,-0.523524,0.05555749,0.113211975,-1.7927824,-1.5124929,-1.1773478,0.071279645,-2.679195,-0.8247271,-2.2842724,-1.7698276,-1.0946681,1.3270365,disgust,2,c:\Users\Kacpiro Recenzje\Desktop\Studia\XAI_2026\data\raw\Actor_18\03-01-07-02-01-01-18.wav
-345.9146,62.47017,-18.29807,-2.939932,-9.727963,-7.7818484,-17.884756,0.016315866,-16.101421,-14.808201,-17.196543,-5.276652,-2.6390152,-11.620728,-8.1095,-6.6758494,-7.8796024,-6.267407,-10.036723,-10.086625,-8.5233755,-6.089417,-3.401135,-1.1049688,2.7909424,5.5894504,2.9830241,5.7802105,5.137095,4.2906294,6.27452,5.2062955,1.354265,0.07980198,-2.4400363,-1.0096234,0.7464057,0.47926378,-0.6430792,-1.6856122,disgust,2,c:\Users\Kacpiro Recenzje\Desktop\Studia\XAI_2026\data\raw\Actor_18\03-01-07-02-01-02-18.wav
-328.5053,67.29172,-17.254337,-4.922621,-15.811001,0.62515324,-24.03243,5.14597,-16.854534,-15.7611885,-12.022484,-2.38661,-1.623382,-11.3883705,-3.0907407,-5.3822193,-6.535404,-4.9754367,-11.348262,-9.913513,-7.859516,-6.248588,-4.2292233,-1.2209252,1.7149159,4.514519,-0.29126486,1.9122027,1.5444888,1.77792,0.963109,2.8369365,2.2755067,2.9867156,0.18158738,0.3012601,-0.47510016,-0.39102978,-0.24286708,-1.7813787,disgust,2,c:\Users\Kacpiro Recenzje\Desktop\Studia\XAI_2026\data\raw\Actor_18\03-01-07-02-02-01-18.wav
-336.36856,57.264015,-26.39184,-4.056685,-18.044191,-0.8071869,-22.532085,1.0187788,-15.094455,-14.877883,-13.165846,-3.252271,-2.1012971,-14.215557,-7.13797,-5.4396844,-11.356851,-4.727021,-7.2118096,-6.2787037,-0.4068502,0.15891498,2.3853648,0.37826028,-0.74819076,-1.2389557,-2.460031,2.8646834,2.9338431,6.336392,2.0781474,0.043096665,-0.82931226,-0.4507973,-0.044301838,0.2864332,-2.6449177,-2.2091277,-1.437158,2.0307343,disgust,2,c:\Users\Kacpiro Recenzje\Desktop\Studia\XAI_2026\data\raw\Actor_18\03-01-07-02-02-02-18.wav
-387.36847,72.69428,-5.3407474,11.400395,-5.8168445,7.207873,-18.812746,7.6072927,-9.143279,-15.411961,-5.8940063,-8.89437,-8.090987,-5.1964664,-7.9832826,-4.0195913,-5.830071,-1.639785,-3.7847164,-6.922278,-3.4064615,-4.1093106,-0.124536715,-3.135844,-3.6946666,-3.4211218,-7.5832434,-0.53476715,-4.779595,-1.8747524,-2.180622,-0.19298662,3.2083054,2.8003252,4.1121016,4.3057575,3.065796,0.9710566,1.3573536,1.1906016,surprise,7,c:\Users\Kacpiro Recenzje\Desktop\Studia\XAI_2026\data\raw\Actor_18\03-01-08-01-01-01-18.wav
-360.90485,70.2418,7.3015103,17.569685,-6.7668433,6.7168922,-14.7538,8.316407,-8.379711,-11.975895,-6.7446127,-6.213534,-6.219081,-5.0099983,-7.89598,-2.7028346,-4.0248127,-2.704728,-4.593769,-5.022977,-5.1532946,-7.6268787,-2.0100133,-2.6372235,-4.035377,-2.792973,-7.873965,-2.0484614,-3.364512,-2.0226922,-3.86842,-1.6733744,0.55880445,0.41803715,0.066594765,2.6090705,0.9970199,-0.66513735,1.3116591,0.2791608,surprise,7,c:\Users\Kacpiro Recenzje\Desktop\Studia\XAI_2026\data\raw\Actor_18\03-01-08-01-01-02-18.wav
-370.81332,61.71453,5.733733,15.87092,-12.726811,8.840956,-14.392188,5.6981125,-5.1788635,-14.852431,-6.5074267,-6.2387123,-9.863913,-5.1720405,-8.661439,-5.337655,-4.7409534,-2.7198157,-5.0889215,-6.310984,-3.495457,-6.746073,-6.4520707,-2.1321719,-5.871555,-0.64427614,-7.4414825,-0.5265122,-0.67986214,-2.0116456,-1.5992285,-2.1954706,1.0592607,-0.11366315,-0.87028426,0.24453281,0.39817575,-0.10418728,-1.5292364,0.1524063,surprise,7,c:\Users\Kacpiro Recenzje\Desktop\Studia\XAI_2026\data\raw\Actor_18\03-01-08-01-02-01-18.wav
-344.0779,63.812737,2.2440186,17.063805,-7.824672,10.892338,-11.676608,8.184874,-5.529616,-9.754739,-6.3245306,-5.825687,-8.208806,-5.4548755,-7.6005044,-5.079672,-4.077282,-1.759678,-4.840765,-7.3497825,-3.8852928,-6.8363414,-3.1635747,-3.5630906,-5.003228,-0.93902546,-7.8810515,-1.2823497,-2.9198825,-1.1670989,-2.277124,-0.30753294,1.1925797,1.7049985,1.6126281,2.6417813,2.1968217,0.357152,0.15680234,0.08376307,surprise,7,c:\Users\Kacpiro Recenzje\Desktop\Studia\XAI_2026\data\raw\Actor_18\03-01-08-01-02-02-18.wav
-329.8818,58.695747,-10.848753,11.054566,-10.130515,9.388972,-10.946237,10.873587,-6.618448,-6.4898596,-7.452667,-5.389816,-7.311483,-3.9251766,-5.5558634,-2.5543623,-5.0363145,-1.7694985,-3.4484982,-3.4919786,-5.30854,-2.8340802,-2.0001683,-0.71437263,-1.2806195,1.1194344,-1.4417564,2.08076,0.41267443,1.1813166,0.90596306,1.5263114,2.7866192,3.1159053,3.6760838,4.595776,1.3205032,1.8502797,2.3091085,1.1808172,surprise,7,c:\Users\Kacpiro Recenzje\Desktop\Studia\XAI_2026\data\raw\Actor_18\03-01-08-02-01-01-18.wav
-338.91617,57.060646,-5.185998,14.894699,-12.719036,4.3645797,-12.557755,9.969576,-4.764092,-8.992239,-9.535652,-7.3206577,-7.825071,-4.5112658,-7.524965,-3.7913198,-3.6429687,-4.4658237,-6.714659,-3.5154622,-4.458651,-5.563416,-2.0167449,-3.0000782,-1.756098,1.463963,-2.87125,2.4446433,1.2531983,1.2343273,-0.87975705,1.1490474,2.7112432,0.05590612,1.3633484,3.713004,1.240423,2.279547,1.6367352,1.2194566,surprise,7,c:\Users\Kacpiro Recenzje\Desktop\Studia\XAI_2026\data\raw\Actor_18\03-01-08-02-01-02-18.wav
-291.94907,57.20681,-0.6301486,16.489061,-13.9231615,7.445542,-17.68011,7.7975206,-8.300452,-13.775087,-13.011655,-7.884548,-11.786567,-6.3910666,-8.75366,-4.386388,-5.5768447,-4.196155,-6.4914527,-4.26765,-7.843819,-5.9756856,-4.370569,-2.0767503,-4.337044,0.5762949,-5.0749955,-0.14891225,-0.82911724,-0.75195223,-0.34602755,2.421384,2.6188529,2.650569,2.3937442,2.3639605,-0.82043684,0.21941625,0.22312784,-1.0409598,surprise,7,c:\Users\Kacpiro Recenzje\Desktop\Studia\XAI_2026\data\raw\Actor_18\03-01-08-02-02-01-18.wav
-309.9975,52.070915,-7.973077,14.487596,-13.224827,6.5560856,-11.8705,11.852339,-6.5301313,-5.248233,-9.222502,-5.192802,-7.548115,-3.9641707,-6.841726,-1.858453,-4.8434844,-2.030202,-5.2099714,-1.3828921,-4.887447,-2.6109009,-0.97493696,1.8062688,-0.62721705,3.0066476,-0.27334017,3.7354403,1.2123073,2.7790718,0.8181866,3.7135568,3.6826043,1.9319116,2.3538537,3.1880014,1.3132921,2.637837,1.7529502,0.2402265,surprise,7,c:\Users\Kacpiro Recenzje\Desktop\Studia\XAI_2026\data\raw\Actor_18\03-01-08-02-02-02-18.wav
-393.73224,102.522026,14.262756,22.677849,7.5828633,13.344813,1.1872299,8.743358,-1.6310846,-3.5796013,-4.6170855,-1.0489788,3.6537592,-3.366207,-0.15295064,6.5102096,1.4141289,-4.6871734,4.0674014,3.2166514,-2.219716,-1.8153391,3.019116,2.1004305,-2.868189,-3.1093714,-0.7757137,-0.39892918,-3.2945583,0.6414701,0.36390862,0.26582614,0.09812118,0.6659794,1.829531,-0.2066646,1.3947213,1.907282,-1.0410745,-1.2494648,neutral,5,c:\Users\Kacpiro Recenzje\Desktop\Studia\XAI_2026\data\raw\Actor_19\03-01-01-01-01-01-19.wav
-400.88403,100.608696,12.738122,24.48857,7.9393797,15.159453,0.4540786,8.948888,-5.624467,-4.8778024,-6.823069,-1.1536989,4.218202,-3.6330385,1.182376,4.5491486,1.0478833,-2.1607423,2.8615596,2.8330035,-1.8649472,-2.353136,3.3335211,3.9140322,-1.1590422,-2.5572264,-1.7033899,-0.4532622,-4.0632334,0.7394433,0.584504,-0.2784177,0.50604105,-0.2951126,1.626123,-0.2469971,1.3190407,1.7658895,-2.171918,-1.7975968,neutral,5,c:\Users\Kacpiro Recenzje\Desktop\Studia\XAI_2026\data\raw\Actor_19\03-01-01-01-01-02-19.wav
-364.14517,92.971634,9.667452,26.599937,10.505849,16.615604,2.7814014,9.66573,-3.343363,-3.0361168,-6.726435,2.0652254,5.418348,-4.4232774,-0.11497676,4.287376,0.13428892,-3.0312724,3.918138,4.074327,-1.3380923,-1.8486618,4.492429,2.478881,-2.3823566,-2.073316,-0.22626501,-0.44620726,-3.7072918,-0.14053933,0.20602569,-0.4566746,-0.48352993,-0.22151682,0.1902699,-1.5224131,0.3493667,1.2056499,-1.5439193,-1.3841126,neutral,5,c:\Users\Kacpiro Recenzje\Desktop\Studia\XAI_2026\data\raw\Actor_19\03-01-01-01-02-01-19.wav
-412.4767,86.27639,9.707197,25.284515,9.341927,13.933452,1.7917874,8.402596,-6.200924,-4.4918337,-6.536298,-0.025776424,3.513741,-4.833584,-0.8855515,5.109767,0.29468873,-3.1478398,3.4721048,4.976349,-2.3245468,-2.6769323,4.5945582,2.7351522,-3.1858692,-2.2435567,-0.21788754,-1.9221462,-4.181264,-0.91641605,-0.41846505,-1.2198457,-1.2659187,-0.80211365,0.35907885,-0.5903703,0.28835872,-0.5233283,-2.1413672,-0.7735096,neutral,5,c:\Users\Kacpiro Recenzje\Desktop\Studia\XAI_2026\data\raw\Actor_19\03-01-01-01-02-02-19.wav
-340.23114,94.0101,18.815271,36.35745,8.677631,19.011843,9.106234,6.7978754,-2.8489375,-0.6247233,-0.13966522,-1.2484317,4.6167407,-1.5746185,-1.5432321,0.9887782,-2.870487,0.17364794,3.8357146,1.9886994,-1.7836999,-2.0506146,3.0996444,1.3198975,-2.1716683,-0.4173187,-0.14700374,-3.7277555,-3.5064619,-1.0221552,-0.7678949,-0.73027813,-1.1841426,1.2525861,0.24206765,-0.6109721,0.5451505,-1.1342059,-1.6560102,-1.2021832,calm,1,c:\Users\Kacpiro Recenzje\Desktop\Studia\XAI_2026\data\raw\Actor_19\03-01-02-01-01-01-19.wav
-340.08664,101.70416,19.16568,36.4661,10.15664,21.190243,5.4169955,5.87531,-1.4600688,-2.5366209,-3.1905806,-0.6335235,5.187634,-0.9491247,-0.4600935,1.2152394,-1.0508739,-1.3630677,1.82942,0.5806305,-2.661253,-1.2359909,1.944779,0.043253932,-0.7726862,-1.2821591,-0.15129846,-2.296322,-5.3777018,0.859761,-1.2417192,-0.64109313,0.85751957,-0.8434658,-0.453435,-1.9897227,-1.1194277,-0.7355391,-3.0418732,-0.36848232,calm,1,c:\Users\Kacpiro Recenzje\Desktop\Studia\XAI_2026\data\raw\Actor_19\03-01-02-01-01-02-19.wav
-372.58273,83.41979,13.113337,34.67865,12.584874,18.245863,4.6775303,10.401727,-0.62369215,-1.8017596,-5.3667893,2.5207086,4.3381877,-3.3497663,0.7192164,3.209817,-1.0361164,0.9817294,2.6510124,0.43584633,-1.6275218,0.08259173,4.2895827,-0.56282246,-1.6086214,-0.07046517,-0.10287134,-2.064344,-3.6785936,0.27203035,0.54603577,0.028369281,-0.9868663,0.5159464,0.6405238,-0.9680071,-0.049264267,-1.2189107,-1.5732484,0.7965565,calm,1,c:\Users\Kacpiro Recenzje\Desktop\Studia\XAI_2026\data\raw\Actor_19\03-01-02-01-02-01-19.wav
-377.70087,85.07318,16.586264,39.687977,13.470217,19.753069,7.729214,9.035717,-3.2076364,-0.040900644,0.34239024,2.3102992,8.470106,0.74330044,-0.1703384,2.4479122,-0.8955406,1.1027933,2.7444828,1.2166159,0.5076736,-1.4105127,2.8959727,3.5037105,-2.3081367,-1.4639124,0.41339204,-3.1019464,-3.1156816,-0.02897855,-0.11886917,1.6031567,0.17756636,0.31489718,0.2366815,-1.0652189,-1.547536,-0.8391882,-0.0420444,0.6389363,calm,1,c:\Users\Kacpiro Recenzje\Desktop\Studia\XAI_2026\data\raw\Actor_19\03-01-02-01-02-02-19.wav
-264.20178,128.80478,7.989988,40.731903,0.75623834,20.399822,-0.0108352555,2.677047,-9.173973,-7.0280643,-9.84522,-12.10154,2.5150788,-13.011085,-8.405026,1.523968,-7.148055,-0.4330889,6.5572405,1.1448293,-7.8183384,-8.382165,3.6649663,-0.77399594,-9.094532,-2.167274,-2.4451368,-6.8244896,-6.421634,-2.9386725,-2.361554,-1.7485924,-2.3495445,-2.3346877,-2.7268522,-2.5442507,-3.8050685,-2.4984808,-3.720665,-2.7559028,calm,1,c:\Users\Kacpiro Recenzje\Desktop\Studia\XAI_2026\data\raw\Actor_19\03-01-02-02-01-01-19.wav
-314.39804,112.072014,6.0832424,39.77262,5.0614886,24.779818,1.2929713,7.1091685,-3.2032816,-1.8260349,-3.53826,-1.9219737,0.6874593,-7.263427,-2.6912558,1.974992,-4.134384,-0.41454926,5.559255,-1.2494329,-3.0015364,-1.8017007,2.3879485,0.89332366,-4.9373302,0.5929581,0.25759172,-5.416032,-4.1292214,-0.92459226,-0.053647928,-1.1491438,-0.37587833,1.2968678,-1.3534242,-1.3383079,-1.7398549,-1.4256103,-2.5671616,-0.6226787,calm,1,c:\Users\Kacpiro Recenzje\Desktop\Studia\XAI_2026\data\raw\Actor_19\03-01-02-02-01-02-19.wav
-281.50107,117.35085,9.349949,44.08766,10.088641,27.391743,4.4281354,8.233079,-9.048068,-5.900468,-2.9068222,2.6775138,4.389735,-4.9318542,-3.4917328,3.4888015,-5.3567033,-4.032262,4.8165207,0.8453698,-2.8798819,-4.9739237,3.612919,2.8748157,-7.3938575,-4.2547956,-0.11234473,-5.450396,-5.3711457,-2.31291,-2.9523833,0.6452441,-1.6990479,-1.4954219,-0.73048097,-2.190998,-1.6055727,-3.4088736,-3.9540782,-0.9912316,calm,1,c:\Users\Kacpiro Recenzje\Desktop\Studia\XAI_2026\data\raw\Actor_19\03-01-02-02-02-01-19.wav
-294.02118,120.357765,11.649142,45.255375,8.857667,25.265808,3.387263,3.192223,-7.4829316,-7.5524774,-10.500261,-6.169489,-0.6509774,-9.945969,-2.6166608,2.060117,-3.039214,-0.010817886,5.1793733,2.6348963,-9.515944,-8.291481,4.6489234,0.13505673,-8.362937,-1.9731824,-0.30722654,-4.6627545,-4.4565687,-0.8927011,-2.8222713,-2.0191927,-0.5452127,-1.1612917,0.69509053,-1.3232565,-2.858501,-1.5285794,-1.7689986,-0.66314465,calm,1,c:\Users\Kacpiro Recenzje\Desktop\Studia\XAI_2026\data\raw\Actor_19\03-01-02-02-02-02-19.wav
-323.12933,106.26769,9.145536,24.416107,-0.47731873,13.358133,2.0071614,2.9066932,-7.406037,-3.95378,-6.4068604,-5.549144,8.049734,-4.3464847,-4.538176,-1.1669939,-1.9558146,-0.8905563,-1.1061025,-1.5741336,-3.290295,-0.5869713,1.1524909,-0.08131506,-2.7769365,-1.5843725,-1.1809137,-2.2632527,-5.4116616,-1.923709,0.3445335,-3.5431054,-1.1852772,-1.3800163,-2.7487807,-1.6153992,-1.6819483,-2.3735313,-3.6391788,-2.0276642,happy,4,c:\Users\Kacpiro Recenzje\Desktop\Studia\XAI_2026\data\raw\Actor_19\03-01-03-01-01-01-19.wav
-338.25424,102.62975,0.9222204,27.175228,2.851734,14.044531,2.6982872,8.337554,-7.777036,-1.8871815,-3.54571,-6.7711253,6.8618245,-5.9821925,-7.273567,1.9567094,-0.8219086,-1.9478704,-0.26083282,-1.6223624,-1.769563,1.1706668,1.4808612,-1.4347416,-3.5559149,-1.1557331,-2.9483063,-2.3678095,-4.3193507,-2.5560615,-1.2679435,-1.8842051,-1.0646503,1.2023247,-0.9610272,-1.1462835,0.86703885,0.79999286,-0.3447106,1.321257,happy,4,c:\Users\Kacpiro Recenzje\Desktop\Studia\XAI_2026\data\raw\Actor_19\03-01-03-01-01-02-19.wav
-373.03644,94.226776,11.712129,27.092234,5.89011,13.054973,9.120132,8.0246725,-5.8040614,-0.8450051,-3.982114,-2.284823,5.357904,-3.4616704,-0.32528907,2.2047307,-1.7272968,-2.3721142,1.3409337,0.8741746,-2.999648,-1.4818262,1.2184302,-0.2565784,-2.5824776,-0.419609,-0.91674024,0.08740581,-2.2140222,0.0992733,-1.8721513,0.25798473,1.6539805,0.9909534,3.0553515,3.6321895,2.7901077,2.6562343,0.7310307,0.8600414,happy,4,c:\Users\Kacpiro Recenzje\Desktop\Studia\XAI_2026\data\raw\Actor_19\03-01-03-01-02-01-19.wav
-377.41727,94.170586,1.367523,22.16256,4.8851204,9.784344,4.979335,10.917662,-6.534585,-0.8522937,-5.0848536,-0.77794826,7.3726373,-4.75543,-1.2732987,4.049582,-1.4040945,0.9627829,0.32442155,-0.8960068,-4.035177,0.6597078,3.7650948,-0.9480031,-4.2553997,-1.2793161,-0.6888097,-0.07850466,-5.146762,-1.3880398,-1.1660148,-2.6406872,-1.4147804,-1.4318895,-1.4525247,0.032638848,-1.5653166,-1.6858151,-3.3031108,-1.3139654,happy,4,c:\Users\Kacpiro Recenzje\Desktop\Studia\XAI_2026\data\raw\Actor_19\03-01-03-01-02-02-19.wav
-371.30008,92.83078,1.0161704,26.586529,-1.5476114,9.617849,-2.0282323,5.105601,-9.962178,-2.8798676,-7.990011,-2.4201283,6.119095,-2.1033382,-6.5487986,1.5993899,0.19989425,1.0108876,0.27764294,-3.5279593,-3.1885855,-1.192243,-0.84800303,-1.0840846,-5.835005,-0.15873908,-0.6196738,0.5610832,2.6283982,2.8551996,2.9805772,2.1734421,-0.90498245,3.1477864,0.9856866,1.3833443,3.1811264,1.5436255,-0.989274,1.6999756,happy,4,c:\Users\Kacpiro Recenzje\Desktop\Studia\XAI_2026\data\raw\Actor_19\03-01-03-02-01-01-19.wav
-297.9988,86.16004,-21.06515,8.061991,-9.423572,7.3257027,-4.8668785,-0.89027435,-18.25279,-11.106596,-8.020569,-6.3148417,2.498096,-3.6748455,-10.082935,-0.47225648,-3.0067062,-2.4140518,0.9785269,-4.076434,-2.847175,2.2286093,-2.127976,-4.0728874,-6.589196,-3.3125536,-2.1680534,-0.49466023,5.8541665,11.438061,15.526769,17.862001,12.800645,9.742241,2.4205263,1.1864427,4.490836,2.4238095,3.8399312,4.893857,happy,4,c:\Users\Kacpiro Recenzje\Desktop\Studia\XAI_2026\data\raw\Actor_19\03-01-03-02-01-02-19.wav
-307.75992,85.310135,-12.982249,22.621641,-4.2893524,9.637544,-7.306064,2.6280487,-17.696611,-8.996653,-9.087315,-6.4214754,2.627492,-9.786498,-8.788211,0.6027066,-6.47827,-6.3234515,-3.762898,-2.4937966,-7.07191,-5.8344226,-3.6523018,-3.0638556,-8.166551,-1.7078973,-1.2984896,0.09987473,-0.67972547,4.6090426,4.8038564,4.484445,1.0496465,5.066263,2.6844323,1.4839969,6.5550475,6.2620234,3.3497663,5.0556936,happy,4,c:\Users\Kacpiro Recenzje\Desktop\Studia\XAI_2026\data\raw\Actor_19\03-01-03-02-02-01-19.wav
-310.03275,89.94125,3.9065053,33.984722,1.7257558,11.237668,-3.2504332,6.415951,-7.614819,-2.6468022,-8.550956,-5.937031,3.598325,-7.5061536,-7.261849,-0.122745946,-3.6031406,-1.8702679,-2.8757465,-5.2150126,-4.3527575,-1.546056,-0.059370026,-1.5525745,-5.6388297,-0.9690215,-4.1812797,-1.4119769,-4.8567214,-4.3844705,-2.0086398,-2.155057,-4.09268,2.0112443,1.6171654,1.1274271,2.2058504,2.417958,-1.1730206,0.34489378,happy,4,c:\Users\Kacpiro Recenzje\Desktop\Studia\XAI_2026\data\raw\Actor_19\03-01-03-02-02-02-19.wav
-374.6513,90.14504,15.526187,29.251642,5.679154,18.811918,3.436581,14.502921,-3.4522343,0.05728885,-0.4903427,-0.28454006,4.6621704,-1.7236495,-1.0378822,3.1360059,-1.1848444,2.1610284,5.0048056,-2.3728845,-0.8152706,0.7710069,0.47984824,1.9562465,-1.677667,-4.0590086,-0.22409257,0.040980723,-3.4473813,-0.7413138,0.48404184,-0.48426282,-1.3959628,0.21057351,-0.44328853,-0.07501697,1.3377011,-0.08332221,-2.0701442,-1.0217981,sad,6,c:\Users\Kacpiro Recenzje\Desktop\Studia\XAI_2026\data\raw\Actor_19\03-01-04-01-01-01-19.wav
-315.62372,98.3059,13.304828,29.643482,5.173258,18.969976,6.112949,12.115686,-5.852675,-4.5951796,1.9425477,-2.3489435,3.9569607,-2.3697562,-2.9894981,1.8226736,-1.6473678,2.1229107,4.659377,-1.3788615,-1.662939,-0.796665,-0.44534156,1.2459168,-2.6054251,-2.6831207,-1.7928023,-1.579243,-2.1418958,-1.6274852,0.3801138,-0.3232804,-0.9520374,0.15821844,0.4045008,0.17556898,0.18314564,-0.0009848006,-1.7152115,-0.68348294,sad,6,c:\Users\Kacpiro Recenzje\Desktop\Studia\XAI_2026\data\raw\Actor_19\03-01-04-01-01-02-19.wav
-385.51468,91.67463,10.875781,18.989323,3.4685493,15.187557,7.173939,10.011102,-7.158274,-6.2721915,-0.048423767,2.5116765,8.56954,-2.7675498,-0.6009487,5.8210855,-1.049218,0.6366621,4.896566,1.7668223,0.40424892,-1.503196,1.7633479,3.0821364,-2.9915693,-1.9527185,-1.0578455,-2.2616355,-2.3408356,-0.41759425,-0.8493222,0.13030595,0.6173567,0.3569204,1.2773823,0.5958342,0.26324618,0.59182066,-1.8187238,-1.8119478,sad,6,c:\Users\Kacpiro Recenzje\Desktop\Studia\XAI_2026\data\raw\Actor_19\03-01-04-01-02-01-19.wav
-359.55914,109.86005,15.911689,29.919651,9.531762,16.218845,5.174802,11.660368,-4.9106975,-3.9549665,-3.2644155,-1.6464181,7.1948924,-0.71122783,-0.18985695,6.536957,0.11540774,-1.7114979,4.255923,0.054132883,-1.7155432,-3.1291132,-1.1755868,2.0384698,-2.8575964,-2.4525242,0.41021442,-1.4722738,-4.4064593,-1.20562,-1.016025,-2.0837202,-1.5072156,0.47588998,0.86541265,-1.1102308,0.581355,-1.2570124,-2.0789375,-0.57811344,sad,6,c:\Users\Kacpiro Recenzje\Desktop\Studia\XAI_2026\data\raw\Actor_19\03-01-04-01-02-02-19.wav
-329.20187,77.167404,0.68865407,19.324041,6.4030523,18.704596,-2.2324588,-0.058566697,-12.764009,-0.4838499,-4.0272136,-8.099015,-1.61316,-4.6816497,-5.073392,-2.6287007,-2.155594,-0.8766899,-1.397922,-1.8783764,-0.39018887,0.82253283,-0.3587251,2.6408193,1.364323,1.5806482,0.47113666,0.87415516,0.46080503,2.2749665,0.022739654,2.6010685,0.48893705,2.0007684,3.4486942,3.6537652,5.0178905,4.390158,4.441384,2.184807,sad,6,c:\Users\Kacpiro Recenzje\Desktop\Studia\XAI_2026\data\raw\Actor_19\03-01-04-02-01-01-19.wav
-377.03705,95.359985,-1.0029937,18.671516,5.0422153,16.36426,-2.3194034,4.676346,-11.937691,-0.007850485,-5.4854207,-7.498183,0.23695363,-1.4575535,-3.8546014,-3.0098522,-1.5213605,-0.87803453,-3.3153002,-3.1098711,0.6364113,-0.4434191,-1.7466782,1.5019884,-0.5416516,-0.3208118,-2.6130877,-2.9403162,0.22865696,1.4956514,-5.1863885,0.14564574,0.15623295,0.3749613,-0.4645641,-1.5887383,1.9961039,1.2735957,-0.7015959,-1.0154042,sad,6,c:\Users\Kacpiro Recenzje\Desktop\Studia\XAI_2026\data\raw\Actor_19\03-01-04-02-01-02-19.wav
-355.28223,88.619026,7.3020167,16.70493,5.482735,11.343,3.2821174,-0.40458366,-10.471926,0.62443995,-2.4600232,-10.494307,-4.183573,-3.8108785,-1.0479219,-1.7968438,-1.5972892,-0.18399356,-0.41644806,-2.2396593,-0.36710092,-0.47592726,-1.6825299,1.2528971,1.6114799,-0.98998123,-4.1780367,-2.0494215,0.012207518,-1.8766657,-3.1325743,0.4904825,-0.2963958,1.0014282,0.3537303,-1.2935238,2.695694,0.21538696,-0.6181037,-2.6193037,sad,6,c:\Users\Kacpiro Recenzje\Desktop\Studia\XAI_2026\data\raw\Actor_19\03-01-04-02-02-01-19.wav
-356.2466,97.14672,4.565756,17.635002,8.312919,18.666962,2.6295419,1.4737439,-8.852412,4.623277,-2.8272429,-10.747877,0.59180486,-1.8923903,-1.962024,0.009403959,2.7217588,2.7234926,3.2210705,0.1726816,1.4638005,1.6267716,1.0802478,5.0969915,2.6539752,-1.3030484,-1.0780553,1.4166495,2.068889,2.314618,-0.24142672,1.5451837,0.7267706,2.6099212,2.556319,-0.782595,2.6158023,0.7677517,0.17400473,-0.17044982,sad,6,c:\Users\Kacpiro Recenzje\Desktop\Studia\XAI_2026\data\raw\Actor_19\03-01-04-02-02-02-19.wav
-361.13144,80.77835,-8.636906,14.140558,4.3085775,9.135399,-7.7752376,4.9816008,-6.502102,-2.4590232,-9.445261,-4.9071093,5.560413,-2.2935367,-5.575174,2.6779573,-2.1935425,-2.9432867,-0.5274552,-0.16961172,-2.7108455,-1.4992208,0.33948326,-0.425289,-3.750052,-0.6591501,-1.8930645,-0.6766688,-1.2079146,2.004489,2.6234322,1.7710507,-0.34501377,2.986556,2.6730404,1.2008615,2.547165,3.369969,0.2547865,1.338392,angry,0,c:\Users\Kacpiro Recenzje\Desktop\Studia\XAI_2026\data\raw\Actor_19\03-01-05-01-01-01-19.wav
-429.1836,90.12546,-2.8394005,15.826911,9.036717,11.77119,-2.1881685,2.0027514,-4.3831615,-2.2947426,-8.015086,-2.3890073,6.183264,-3.130431,-5.873053,3.6538606,-0.4979081,-2.7801523,1.3035636,-0.25913766,-3.515573,-0.27310738,1.0651524,1.6822094,-1.7675904,-0.31997317,-2.1280422,-1.3828529,-1.5409753,-0.6140122,-0.3724105,-1.3787587,-1.589993,-0.17350574,-0.05869461,-2.0411046,-0.31474087,0.3730739,-2.5551493,0.054606527,angry,0,c:\Users\Kacpiro Recenzje\Desktop\Studia\XAI_2026\data\raw\Actor_19\03-01-05-01-01-02-19.wav
-443.11282,61.68658,6.033567,17.963614,6.1372538,6.412863,-1.4494013,1.760218,-6.025762,-3.5442708,-3.6095202,-0.25806382,3.777233,-4.7321734,-2.7372453,3.6645036,-1.2300031,-2.3134232,0.509848,-1.8957307,-2.6270533,0.66386545,4.1070056,1.0488735,-3.0831935,-1.1015372,-2.078004,-3.2015843,-2.4804864,-0.87628555,0.25827464,1.3555818,2.2183769,2.4686797,1.2477016,0.10706427,-0.13899237,-0.51240015,-0.9607313,-0.6742232,angry,0,c:\Users\Kacpiro Recenzje\Desktop\Studia\XAI_2026\data\raw\Actor_19\03-01-05-01-02-01-19.wav
-364.91895,74.084206,2.9325833,22.222857,6.7344894,8.649718,-6.969759,3.7066486,-2.8417628,-2.8050299,-9.1015005,-3.8461463,4.5593324,-5.8659663,-5.6313095,1.0276929,-1.7181003,-1.6096759,-0.35888287,-2.9721189,-2.2538934,-0.77437216,0.3406609,-0.5498455,-4.139054,-1.7761124,-0.59584826,-1.17227,-5.547079,-2.9038973,-1.5261438,-1.8613358,-3.392965,-0.40681154,0.19687755,-2.5356882,-1.1246139,-0.49097654,-1.8290585,-0.09621542,angry,0,c:\Users\Kacpiro Recenzje\Desktop\Studia\XAI_2026\data\raw\Actor_19\03-01-05-01-02-02-19.wav
-378.9631,68.03111,-28.233747,5.055425,-1.324293,1.6853564,-18.446531,-1.4680341,-7.191239,-1.6626111,-13.4080515,-5.1713367,3.7348762,-6.997825,-8.976051,4.960248,-4.990563,-6.2951875,-4.8757386,-1.3283159,-4.2767396,-4.143803,2.5655317,2.5825636,-1.4871472,4.6989813,1.0830567,2.8064687,2.2579124,5.818558,2.9476936,3.8794594,0.775236,4.3164124,4.358408,2.69163,2.805028,2.955251,-1.0378811,1.8231076,angry,0,c:\Users\Kacpiro Recenzje\Desktop\Studia\XAI_2026\data\raw\Actor_19\03-01-05-02-01-01-19.wav
-247.40323,94.89277,-52.67417,-6.838258,-10.729079,-11.978526,-28.14977,-0.9110926,-12.593068,-0.012313951,-20.099463,-6.2600646,6.8648157,-7.1515775,-14.864657,4.0264745,-9.869878,-8.695377,-9.809108,-1.8855184,-3.8802936,-6.5195336,7.3819323,11.71568,4.0375834,13.763753,10.118729,12.34877,1.3855371,0.63758105,4.6786585,6.845255,-2.0493574,7.422599,2.3204904,-0.7489895,1.1231325,4.754553,1.5870123,1.9471695,angry,0,c:\Users\Kacpiro Recenzje\Desktop\Studia\XAI_2026\data\raw\Actor_19\03-01-05-02-01-02-19.wav
-261.13654,73.52079,-41.004803,-8.913799,-14.239218,-6.808915,-22.603405,-4.1959243,-14.071336,1.6543676,-16.073626,-6.635788,6.7668166,-10.598587,-9.349491,2.3867218,-10.968381,-7.8699484,-9.591389,-3.0139208,-2.6467726,-4.6815224,8.266699,9.55101,2.9008641,7.640969,6.454125,8.979929,-0.7261294,-0.6090708,4.3709908,1.7250444,-3.628817,4.1768174,0.9804004,0.71475965,1.7745496,2.7241013,0.42414153,-1.8544123,angry,0,c:\Users\Kacpiro Recenzje\Desktop\Studia\XAI_2026\data\raw\Actor_19\03-01-05-02-02-01-19.wav
-354.0179,68.29179,-32.40589,7.6129894,0.71209997,0.66206145,-21.536156,-4.4755487,-9.442054,-3.024041,-15.352428,-5.8327484,4.8163614,-6.421201,-9.4756155,2.8792558,-6.5720797,-9.028027,-9.277076,-2.9710662,-8.277555,-8.794712,1.097889,2.3213692,-2.3860354,0.7275051,0.26471227,3.4805717,-1.6155714,1.2043815,4.9243703,4.2195725,2.591703,6.773399,5.804066,3.3074625,-0.06126111,3.1906404,0.5701872,0.5788755,angry,0,c:\Users\Kacpiro Recenzje\Desktop\Studia\XAI_2026\data\raw\Actor_19\03-01-05-02-02-02-19.wav
-333.66452,90.20578,-7.357632,23.51721,0.8956895,15.562638,-10.16556,6.2002907,-13.660914,-3.3447835,-4.7470694,-6.0377655,3.2337413,-8.476712,-5.431023,2.3065882,-3.3381727,-5.5018272,-0.8331819,-1.6323334,-4.56722,-2.2990394,1.1271161,-1.644841,-3.7004108,-3.3308115,-5.479912,-2.774913,-3.8604095,-4.0005784,-2.8251383,-2.0569077,-3.2711165,-0.47310558,-0.73421246,-3.5955474,0.19708186,2.0326774,-3.450705,-1.2730515,fear,3,c:\Users\Kacpiro Recenzje\Desktop\Studia\XAI_2026\data\raw\Actor_19\03-01-06-01-01-01-19.wav
-358.46298,82.59966,-4.2463794,20.7456,1.1825556,17.537224,-1.9383675,1.9781663,-10.350913,-3.3254158,-0.36403292,-1.4124024,1.4216166,-2.7729352,-3.048989,2.4654953,0.45114905,-0.7514821,2.541526,2.988411,-0.8408872,-2.6938536,-0.6473209,0.87818074,0.36643386,-2.3575144,-3.7393842,-0.94314337,-0.7243849,-2.178774,-0.5969009,2.072151,0.36348718,0.8847883,0.527567,-1.0817202,1.2625433,2.586898,-0.43830645,2.3205047,fear,3,c:\Users\Kacpiro Recenzje\Desktop\Studia\XAI_2026\data\raw\Actor_19\03-01-06-01-01-02-19.wav
-333.66162,69.64015,-16.223698,28.638235,-4.4104896,13.252859,-1.851878,8.469316,-17.139692,-5.7203565,-2.5301907,-3.2090445,-1.9192219,-6.851235,-6.0887527,1.1712941,-3.0940783,-3.5386138,-0.10701044,-2.4343872,-6.331935,-5.1036644,-0.03307456,-1.9315822,-4.9172173,-3.836084,-6.135306,-1.5639958,-1.7052352,-1.6863214,-0.19332464,4.8209767,2.4846778,1.1226012,0.7502701,1.5725827,2.7766907,3.1553786,2.3939724,4.6948433,fear,3,c:\Users\Kacpiro Recenzje\Desktop\Studia\XAI_2026\data\raw\Actor_19\03-01-06-01-02-01-19.wav
-367.93677,81.75831,4.81274,30.960169,3.1993327,15.759634,-0.9882501,8.688033,-11.77131,-3.003675,-1.940215,0.7173116,1.9549191,-5.180152,-0.9703829,2.9494288,-1.0946015,-3.7149928,2.4648361,0.25040236,-3.759486,-2.607545,-0.14876284,1.1944224,-0.8062814,-2.4064581,-4.453039,0.5459644,-0.93986404,-4.6502523,-1.4469177,2.8016899,-2.129814,-0.8678631,1.1511248,-1.4795368,-0.24132246,0.5670134,-2.31363,-1.1973147,fear,3,c:\Users\Kacpiro Recenzje\Desktop\Studia\XAI_2026\data\raw\Actor_19\03-01-06-01-02-02-19.wav
-312.18762,88.89572,-36.184372,-2.1789398,-4.9338803,5.447604,-12.62299,-6.1259975,-26.143873,-9.008014,-15.307982,-11.183686,6.521023,-11.169731,-14.50855,6.669089,6.996557,-4.8292274,-0.5372707,4.2939243,-2.947842,-2.7460196,0.94226724,4.4000106,2.1716309,2.209245,1.1814092,10.023422,10.206938,9.647726,7.6678805,8.5293865,1.3297199,2.5757434,3.7260492,0.04604659,2.2150097,4.3506193,0.8841676,0.78717685,fear,3,c:\Users\Kacpiro Recenzje\Desktop\Studia\XAI_2026\data\raw\Actor_19\03-01-06-02-01-01-19.wav
-303.33377,52.024696,-40.59774,-1.1573416,-13.223151,-4.46127,-21.916016,-8.590591,-28.510395,-12.046624,-11.47147,-6.114376,-5.36323,-0.25203925,-1.3320959,6.2061653,10.067597,2.1081202,-7.6275973,-2.3013947,-6.212493,-5.7026906,1.9868419,13.259336,10.524558,11.022901,6.134172,10.316252,9.512392,6.070206,-2.7191777,3.352817,2.5657063,4.1963677,2.5015852,-1.4623126,-1.4436933,0.68685025,0.7247256,0.4157674,fear,3,c:\Users\Kacpiro Recenzje\Desktop\Studia\XAI_2026\data\raw\Actor_19\03-01-06-02-01-02-19.wav
-399.5466,45.67603,-26.12669,3.9915528,-13.713345,-2.5632353,-11.341461,-0.020355765,-18.751125,-4.7667193,-3.4358182,-5.070123,-1.2988887,-6.2320204,-2.0154383,7.061018,0.8344119,2.907709,3.7591054,4.5866113,0.03758164,-1.1029472,7.8347464,10.969538,5.5280466,7.5863843,3.4803467,6.886235,2.1292632,1.8831705,4.7364435,6.9423947,2.12678,2.7375345,2.430681,2.8417802,1.3412936,1.7054642,0.9367073,0.70731205,fear,3,c:\Users\Kacpiro Recenzje\Desktop\Studia\XAI_2026\data\raw\Actor_19\03-01-06-02-02-01-19.wav
-316.6332,56.662506,-40.058968,10.347765,-14.762197,-0.8995323,-14.44724,-0.93772554,-22.830381,-10.108343,-1.8710706,-5.4588995,-0.67233634,-6.3460016,-4.7279296,7.693872,-0.87468684,-0.16344349,2.722045,3.6657608,0.5696182,6.7460737,11.680827,13.457158,10.971597,7.268064,-0.6451871,4.7229967,0.4121198,1.0987672,1.6151586,7.44786,1.6300654,1.1717969,1.4055111,3.042703,3.092929,2.4542649,-0.9062963,2.6667924,fear,3,c:\Users\Kacpiro Recenzje\Desktop\Studia\XAI_2026\data\raw\Actor_19\03-01-06-02-02-02-19.wav
-379.726,102.23986,1.3225843,27.904043,2.5058248,6.5430274,-7.38638,6.47149,-15.478934,-4.0645723,-4.7053385,-11.730286,3.2039855,-3.944525,-5.50279,4.4059625,-7.418889,-4.488472,2.1633668,-1.3367044,-4.5158634,-3.1729584,-1.2377871,-0.8825167,-2.177507,-4.299993,-5.076422,-1.5743991,-4.055,-1.9205214,-2.734092,-0.6829256,-2.224087,0.60070455,-1.9641174,-0.46013063,0.8823355,-0.9782662,-2.2266932,0.08518657,disgust,2,c:\Users\Kacpiro Recenzje\Desktop\Studia\XAI_2026\data\raw\Actor_19\03-01-07-01-01-01-19.wav
-245.79616,125.90268,3.5498705,18.002193,-4.869912,7.035835,-9.871164,8.692782,-25.815855,-9.063844,-6.4634385,-7.8573966,-0.16489838,-5.8911633,-7.751505,4.7722764,-12.355483,-7.970164,1.5732135,-4.152409,-5.405863,-3.0536654,-3.775214,-0.6594804,-2.4075165,-2.7216225,-6.9058995,-1.1398376,-1.9142075,-3.3931293,-1.2845117,1.8259165,-3.7120712,1.1732548,-0.21300407,-1.5735701,-1.5944809,-2.434843,-2.6038926,0.8781332,disgust,2,c:\Users\Kacpiro Recenzje\Desktop\Studia\XAI_2026\data\raw\Actor_19\03-01-07-01-01-02-19.wav
-329.83923,92.71077,2.3751585,30.342676,-3.6787868,8.531901,-3.0155346,6.3376536,-15.420393,-3.909117,-4.2294626,-1.8617315,2.5288389,-6.930472,-2.4408453,4.166745,-6.664185,-1.019894,2.4529097,-2.2129006,-1.8284155,-2.5070248,-1.3538845,2.857621,0.17280865,-1.750896,-3.513349,0.028502282,-3.0037098,-1.3481598,-1.9071664,0.8648761,-1.9547735,0.10546469,-0.25191438,-0.5080825,1.5385941,2.9160757,0.89598227,3.808711,disgust,2,c:\Users\Kacpiro Recenzje\Desktop\Studia\XAI_2026\data\raw\Actor_19\03-01-07-01-02-01-19.wav
-355.7509,81.7334,-0.6602108,18.49033,-5.5427084,4.2543044,-8.2427,5.438607,-16.917736,-5.5764017,-6.0035086,-5.866339,1.541381,-6.367698,-5.8015585,0.85103655,-7.195812,-6.3318295,-0.04618857,-3.7600617,-4.8024626,-1.5284657,0.11891028,-0.12792969,-1.1461295,-1.9723399,-5.212367,-1.8701448,-2.686386,-3.2047722,-2.9530816,-0.026386289,-2.4641373,0.339558,1.5372941,0.77101225,1.3864682,0.46570733,-2.0960853,-0.6919172,disgust,2,c:\Users\Kacpiro Recenzje\Desktop\Studia\XAI_2026\data\raw\Actor_19\03-01-07-01-02-02-19.wav
-264.93628,84.76198,-7.0280294,27.643148,-4.3084893,5.628174,-10.693144,1.8165512,-15.439067,-11.461162,-10.637959,-15.026325,-4.4296994,-0.13938764,-14.982794,-1.8467814,-1.8152885,-7.3124266,-1.5574178,-1.2721679,-1.9284748,2.165795,3.0584908,3.3046477,-0.59213364,0.19746993,-3.45566,-2.6310792,-2.9558725,-0.05409928,-1.3145169,-1.3726907,-4.1486273,1.6499581,3.7032907,4.830275,4.225801,4.7363687,-0.3749247,1.309832,disgust,2,c:\Users\Kacpiro Recenzje\Desktop\Studia\XAI_2026\data\raw\Actor_19\03-01-07-02-01-01-19.wav
-273.97116,69.98341,-29.5917,22.954659,-6.2720017,-2.3820007,-21.572006,-0.05383766,-17.917051,-6.0965714,-10.822776,-12.840704,-1.8085518,-6.642321,-10.392624,-2.024595,-7.3816037,-8.397024,-4.1201653,-2.5322435,-7.4291162,-2.983761,-2.7188067,-4.5366554,-4.1079783,0.7919909,-3.658486,2.3522074,3.2975655,4.5208564,2.9478295,6.604443,2.9882886,2.6808763,2.1332915,0.9642871,-0.41730943,4.28782,-0.25927183,1.0991384,disgust,2,c:\Users\Kacpiro Recenzje\Desktop\Studia\XAI_2026\data\raw\Actor_19\03-01-07-02-01-02-19.wav
-233.31783,53.98004,-40.17488,38.086082,-27.112108,-12.762024,-14.965882,3.0660486,-24.920393,-12.997765,-6.185515,-7.380905,-4.694573,-3.7595348,-7.825829,-1.312068,-10.576256,-3.0753572,2.0287316,-2.812973,-0.14535847,11.388432,8.882121,4.8035326,3.4706237,6.012836,-0.93977445,5.195103,3.692533,11.450994,9.352929,8.023652,-1.1765559,5.2299795,5.9614344,4.8262043,3.9854274,5.0303636,-2.2850277,1.8081995,disgust,2,c:\Users\Kacpiro Recenzje\Desktop\Studia\XAI_2026\data\raw\Actor_19\03-01-07-02-02-01-19.wav
-245.78297,82.59971,-14.665115,28.40046,-1.8301047,13.220537,-20.4236,6.2726903,-11.676839,-1.548662,-11.6416235,-5.9776225,4.0659966,-3.594213,-10.5641575,2.309952,-2.9500704,-8.879898,-2.9598927,4.1481724,-5.638811,-2.0634875,-0.008740852,1.0836011,-1.5313883,1.2678305,-3.6668532,2.6091814,1.6141628,5.80211,-0.8019013,4.5012603,-1.9147968,2.7018163,1.4742233,2.4410486,3.9387631,4.3133235,-0.36775267,1.598336,disgust,2,c:\Users\Kacpiro Recenzje\Desktop\Studia\XAI_2026\data\raw\Actor_19\03-01-07-02-02-02-19.wav
-376.8505,105.963875,6.6513944,24.580978,3.739691,15.913693,-1.3538604,8.36401,-9.67495,-6.374611,-6.617157,-5.43394,2.588711,-5.727183,-2.2269793,1.9247372,-1.9532112,-2.313297,2.1872716,0.98648745,-2.9831553,-1.889149,2.1128652,1.3189281,-1.2565098,-0.06789788,-2.1291225,-0.05482947,-2.355795,-0.4384858,0.24881682,-0.3581107,0.36413792,1.177667,1.6057699,1.4651622,-0.035337407,2.148,-0.4593791,-1.0636698,surprise,7,c:\Users\Kacpiro Recenzje\Desktop\Studia\XAI_2026\data\raw\Actor_19\03-01-08-01-01-01-19.wav
-353.28772,107.2888,6.758147,14.642058,0.17062876,8.237662,-1.5478677,4.5582113,-10.49084,-6.1909404,-2.164109,-7.557419,3.2772713,-2.7583091,-3.2890675,3.5219758,-2.4735913,-6.8482165,1.0121928,0.3448996,-5.024421,-1.6013614,2.373497,1.9108491,-0.48080438,-2.4610603,-4.196341,-1.1345555,-1.6061724,-2.786803,-1.0419375,-0.29153597,-2.5119052,0.12808937,1.7999111,-2.4883769,-0.47349906,0.5628388,-1.3352144,-1.2428197,surprise,7,c:\Users\Kacpiro Recenzje\Desktop\Studia\XAI_2026\data\raw\Actor_19\03-01-08-01-01-02-19.wav
-321.05664,113.992256,0.11495907,37.891697,5.1093817,11.826488,-6.5418177,9.888721,-8.643564,-9.416141,-0.4054338,-0.110882156,1.8384854,-6.6529016,-5.195697,5.0946403,-5.5832734,-6.5422864,4.3638616,-1.1284236,-9.116248,-3.7549114,1.2641766,1.1725874,-3.6010513,-2.8741114,-3.8959758,-0.16538909,-3.3911145,-2.9248831,0.41786525,0.52095294,-2.8251045,1.6926581,0.5973771,-1.5922787,-0.81176776,0.013637367,-1.0757523,1.2188251,surprise,7,c:\Users\Kacpiro Recenzje\Desktop\Studia\XAI_2026\data\raw\Actor_19\03-01-08-01-02-01-19.wav
-426.29196,77.42408,13.553423,24.785166,7.608928,10.1039915,0.91370493,9.4051,-0.55400455,-1.8778105,-2.2318063,0.31153578,5.281797,-1.4315313,0.59100103,4.636033,0.08407593,-0.55204976,3.7773411,0.53819203,-0.32210708,-0.13156858,3.5160143,2.987845,-0.026153294,1.2483948,-0.25226474,0.57042605,-0.14592594,0.7028547,0.8628921,0.9387507,0.6342566,0.89963293,0.43870184,0.1419543,0.97960764,0.37394845,-0.46407518,-0.03402879,surprise,7,c:\Users\Kacpiro Recenzje\Desktop\Studia\XAI_2026\data\raw\Actor_19\03-01-08-01-02-02-19.wav
-335.6472,104.8362,-2.2385836,24.21564,-2.2361283,12.276879,-6.725318,2.819693,-13.954983,-11.603134,-3.93246,-10.400083,-2.5374527,-6.595219,-8.148726,2.656469,-2.8814757,-4.64598,2.7073767,0.58606786,-7.7809367,-3.6502807,2.2619183,-1.3369685,-2.9305644,0.5309651,-4.63762,-4.0585146,-3.983305,-4.5333505,-3.1692111,-0.09276083,-2.2874556,-1.3139352,2.26511,-1.1005454,-1.4682113,0.8357207,-2.771622,-0.9171238,surprise,7,c:\Users\Kacpiro Recenzje\Desktop\Studia\XAI_2026\data\raw\Actor_19\03-01-08-02-01-01-19.wav
-297.82526,108.69146,-10.852284,23.432953,-0.15874422,16.588373,-10.289986,2.8838556,-20.000357,-11.719334,-10.943681,-7.0924826,2.0910847,-9.273454,-7.8281517,5.1213846,-2.4490526,-4.626108,0.69421893,-2.284026,-10.077412,-4.7240214,-0.8919239,-4.114147,-6.6561975,-0.50504905,-5.2558646,-2.8326275,-3.266857,-4.4224186,-2.8506742,-2.1751158,-2.2768178,-0.9539771,-0.3997976,-1.6619259,-2.7547066,-0.03308155,-1.5448798,-0.38661087,surprise,7,c:\Users\Kacpiro Recenzje\Desktop\Studia\XAI_2026\data\raw\Actor_19\03-01-08-02-01-02-19.wav
-418.9648,89.04149,2.9333537,20.163147,3.619219,10.329235,-5.059884,5.207945,-6.077766,-4.295807,-0.24909584,-1.7679682,2.3164644,-5.144662,-2.647781,4.994353,-0.5200127,0.12224898,4.949027,-0.40108418,-2.2983992,1.2054132,0.93154204,0.15889575,-0.27809602,-1.7063737,-2.2880003,-0.35406575,-2.2067819,-0.825952,-0.67929435,0.13264671,-0.34490755,0.038682222,1.240482,0.7362997,1.3922513,1.4587755,0.3415292,1.7094787,surprise,7,c:\Users\Kacpiro Recenzje\Desktop\Studia\XAI_2026\data\raw\Actor_19\03-01-08-02-02-01-19.wav
-391.98846,78.035614,6.7611265,26.093681,2.3712137,9.7867365,0.3620374,9.599952,-6.2809353,-2.3963318,0.22240724,-3.8813667,4.139379,-3.8838773,-2.8002055,2.7524207,-0.6473773,-0.14696789,0.39738297,-0.5300286,-0.03002183,0.82230985,3.1706512,2.205173,-1.6200174,1.1544447,-1.1175662,-0.7874926,-2.7641814,-1.3282958,-1.7387004,-0.15967116,-0.4375199,0.013768893,0.44286978,0.19179362,0.3661816,1.3667399,-0.20986944,0.824303,surprise,7,c:\Users\Kacpiro Recenzje\Desktop\Studia\XAI_2026\data\raw\Actor_19\03-01-08-02-02-02-19.wav
-349.42963,63.213688,-9.787059,11.696707,-2.0091634,2.4421618,-12.944258,0.34912473,-11.785861,-6.905886,-3.4891117,-4.6127334,-2.7165718,-3.4395776,-8.666039,-1.1641363,-4.629209,-3.8625796,-6.736891,-5.0269723,-3.0006495,-4.562419,-3.2176769,-4.11841,-4.516272,-1.5612859,-4.2599554,-1.32737,-1.030203,2.1275523,-0.25014675,0.39023715,1.1597832,-0.9458841,-0.16203438,-0.04402413,0.7584143,2.2890232,1.6044438,2.1526537,neutral,5,c:\Users\Kacpiro Recenzje\Desktop\Studia\XAI_2026\data\raw\Actor_20\03-01-01-01-01-01-20.wav
-364.6324,66.88462,-15.229726,12.81193,-2.622983,2.264778,-16.432014,-0.062795006,-11.125892,-8.740778,-3.656949,-3.8598924,-5.946541,-2.8418121,-7.717024,-2.860654,-2.9999425,-4.5008802,-7.874379,-4.214578,-3.6648548,-4.9176598,-1.9114242,-2.857279,-2.6245427,2.8718376,-2.602444,-0.0889464,-1.2842232,-0.5462299,-1.010174,1.2774357,4.526244,3.4643867,2.8573267,3.4226017,1.5298653,1.373685,-0.32550493,0.7721824,neutral,5,c:\Users\Kacpiro Recenzje\Desktop\Studia\XAI_2026\data\raw\Actor_20\03-01-01-01-01-02-20.wav
-393.59476,61.1316,-4.8392587,12.214913,-2.7635307,3.6918,-12.6030035,0.8762908,-11.451238,-6.513037,-2.8018014,-3.5847273,-4.2626762,-3.3157427,-7.514485,-1.2358319,-2.8713062,-4.1833005,-6.734704,-3.2128305,-3.3836567,-4.0015097,-2.6523862,-4.1043663,-2.8552003,0.014990353,-4.664707,-0.5621243,-1.3215537,2.1789496,0.35899606,1.6993262,2.271002,2.9372382,1.7898438,1.9867065,1.6103014,2.2664363,1.9604301,2.1615903,neutral,5,c:\Users\Kacpiro Recenzje\Desktop\Studia\XAI_2026\data\raw\Actor_20\03-01-01-01-02-01-20.wav
-388.3412,60.304672,-10.296147,13.055015,-4.0918746,4.210062,-15.648304,0.33563864,-13.3703575,-7.4742303,-2.8538766,-4.2333493,-5.3700066,-2.3418474,-8.671111,-1.2392788,-3.4539523,-5.7966228,-6.889838,-3.7866678,-3.3006556,-5.1559877,-2.0791326,-4.826105,-3.4925213,0.17024328,-4.286435,0.07333266,-0.003899324,3.226066,1.8166138,2.1275694,2.0124218,1.685898,0.014038952,1.1352471,0.16514836,0.37849474,0.19864628,1.3869427,neutral,5,c:\Users\Kacpiro Recenzje\Desktop\Studia\XAI_2026\data\raw\Actor_20\03-01-01-01-02-02-20.wav
-329.86496,65.03271,-11.126615,15.273735,0.6149559,5.414591,-14.5472145,-1.312954,-13.14878,-7.792941,-2.4555488,-7.181044,-1.7238879,-6.5113716,-7.3322763,-0.6469882,-5.9738693,-4.286039,-5.84252,-4.29593,-5.012208,-3.8922102,-3.128588,-6.054711,-4.660746,-1.4636148,-5.7008457,-3.3974123,-3.3475118,-2.3882744,-3.638768,-3.3099883,-1.6979222,-2.3014019,-1.8369392,1.2175558,-0.7544801,0.87265044,1.8442303,2.567104,calm,1,c:\Users\Kacpiro Recenzje\Desktop\Studia\XAI_2026\data\raw\Actor_20\03-01-02-01-01-01-20.wav
-358.84665,61.536846,-12.370154,12.544614,-3.2734818,3.8048234,-11.152365,-2.555714,-10.982481,-9.161145,-3.232233,-6.9299655,-2.4644134,-8.574294,-8.07317,-1.7343818,-3.4493625,-5.0181293,-7.409012,-4.624707,-5.035286,-3.805825,-4.8478427,-6.3445916,-4.2622843,-1.8748761,-4.5545583,-2.5500734,-1.3604649,-0.5891951,-1.548007,-0.94232017,0.7539011,-2.6579037,-1.1345446,0.5323298,-2.0717783,0.70217973,1.2987949,1.8136239,calm,1,c:\Users\Kacpiro Recenzje\Desktop\Studia\XAI_2026\data\raw\Actor_20\03-01-02-01-01-02-20.wav
-360.86758,53.656357,-2.4629927,16.692863,-3.6119146,7.931947,-6.9050126,0.9403632,-9.51772,-6.843086,-4.4321547,-4.330157,-3.4744108,-5.0385814,-5.07236,-1.8162998,-1.5339216,-5.679992,-6.7005205,-3.5827086,-2.5312166,-3.0167131,-2.9623232,-4.44585,-3.4179246,-0.78089815,-4.7921176,-2.0488567,-1.6071452,-0.012153246,-0.11241637,-0.07152855,1.8370215,-0.3838382,-0.30790558,0.3779285,-1.4842407,-0.43022612,0.42218208,0.6248814,calm,1,c:\Users\Kacpiro Recenzje\Desktop\Studia\XAI_2026\data\raw\Actor_20\03-01-02-01-02-01-20.wav
-340.83325,61.26352,-4.728521,19.368317,-4.782148,9.013911,-11.27636,0.5557713,-10.585539,-7.907442,-0.968508,-6.4971766,-1.3654108,-5.191988,-7.355682,-0.30659825,-2.2542987,-5.2370095,-6.4161634,-4.37792,-2.0033612,-2.9867861,-3.639504,-5.27114,-3.5850472,-0.50595826,-5.476687,-3.5130212,-2.6875367,-2.112975,-3.8726776,-2.1666126,0.8075809,-0.83292145,1.6182915,2.718072,0.7971124,1.9970907,2.328487,2.4544928,calm,1,c:\Users\Kacpiro Recenzje\Desktop\Studia\XAI_2026\data\raw\Actor_20\03-01-02-01-02-02-20.wav
-307.3794,74.5367,-5.424023,15.00152,1.7977759,5.6687226,-10.657694,-2.4337077,-11.074736,-7.4502196,-2.924456,-6.947154,-4.623307,-3.3736317,-5.8183913,-0.68250334,-2.4948397,-5.4600673,-3.1731064,-3.3830352,-4.943581,-2.2505786,-0.9912064,-6.437695,-3.0807614,0.78997546,-3.178666,-1.3994712,-0.46983802,-0.21650513,-2.8919914,-3.2813993,-0.5655001,-3.1591449,-1.2678969,0.25999722,-1.7511778,-0.12416813,0.3862525,1.3279881,calm,1,c:\Users\Kacpiro Recenzje\Desktop\Studia\XAI_2026\data\raw\Actor_20\03-01-02-02-01-01-20.wav
-305.63913,77.1092,-8.403633,18.504366,6.4364133,7.9351106,-10.415667,0.61630154,-9.317062,-10.070595,-1.3977628,-6.2790275,-2.4901881,-7.1224422,-7.343265,-1.2865319,-2.5903766,-7.038483,-7.2831545,-4.8013043,-5.509205,-4.421706,-3.413391,-7.1776967,-5.7025347,-1.3463185,-7.8891187,-4.384988,-3.714124,-3.419578,-5.0228295,-3.8668952,-1.0002972,-4.0662045,-1.7991195,1.0488485,-1.1087104,1.3665138,3.320003,2.5078588,calm,1,c:\Users\Kacpiro Recenzje\Desktop\Studia\XAI_2026\data\raw\Actor_20\03-01-02-02-01-02-20.wav
-327.98105,69.65005,-4.417137,19.250263,-1.7148855,9.001592,-11.061252,0.051785626,-11.752095,-8.446279,-0.1822528,-3.2795367,-1.6489933,-5.612617,-4.89349,-1.8935701,-2.6934671,-4.2355747,-4.787671,-2.7954419,-2.6184661,-3.8684108,-0.6930883,-7.0099387,-4.626167,-0.14558722,-5.334527,-2.2535655,-1.8691295,-0.99131453,-2.640885,-2.7465234,-0.83515656,-3.9661822,-2.7113986,-1.2689577,-2.456722,1.4651159,2.047252,2.8963628,calm,1,c:\Users\Kacpiro Recenzje\Desktop\Studia\XAI_2026\data\raw\Actor_20\03-01-02-02-02-01-20.wav
-342.60498,56.963966,-5.083893,17.864792,-2.129967,4.9997077,-9.524814,0.7685815,-10.247657,-8.676498,-3.7666051,-5.052676,-3.3218973,-7.76816,-7.193177,-2.5709288,-2.2462695,-7.1168814,-6.402107,-3.9061296,-3.4250972,-4.5322723,-3.4503524,-5.2146983,-3.1765504,-0.48912016,-2.657533,-1.2747272,-1.3510782,-0.5406653,-2.5303981,-3.4196146,0.41446298,-2.388589,-2.252676,-0.19430137,-1.0881852,-0.2302062,0.11666356,2.295001,calm,1,c:\Users\Kacpiro Recenzje\Desktop\Studia\XAI_2026\data\raw\Actor_20\03-01-02-02-02-02-20.wav
-412.0036,63.509342,-17.314978,4.789811,-2.8191166,-1.1657695,-17.124783,-2.9727511,-10.76478,-15.442833,-5.373446,-5.871919,-9.628271,-4.2231746,-4.3268337,-9.102312,-3.324292,-2.7705731,-9.195716,-3.2477148,-3.2862222,-3.670606,-2.8128576,-3.1434433,-0.22288145,2.0923877,-1.6835831,0.28152043,-0.84906816,0.63109034,1.7358171,0.89475507,2.4186258,1.1815886,-0.35536876,0.6688555,0.774021,1.2942243,0.4101879,1.5817977,happy,4,c:\Users\Kacpiro Recenzje\Desktop\Studia\XAI_2026\data\raw\Actor_20\03-01-03-01-01-01-20.wav
-367.75296,71.1084,-19.15563,8.605679,-6.8292036,-0.14506206,-19.273731,-1.3940085,-13.3438,-13.564267,-3.5754359,-9.384152,-8.463046,0.26537243,-10.335115,-5.5067205,0.36204648,-7.061607,-8.120403,-3.9029248,-5.983698,-5.663516,-4.1007123,-2.3831956,-0.6761371,3.7742465,0.12902832,3.7506783,2.286965,2.7732213,0.19613758,-1.4071043,0.40079117,0.43976268,0.36324906,3.8827531,-0.11261073,1.2667574,-0.61527735,-0.13337563,happy,4,c:\Users\Kacpiro Recenzje\Desktop\Studia\XAI_2026\data\raw\Actor_20\03-01-03-01-01-02-20.wav
-405.2453,70.426926,-9.093463,17.49398,0.46584976,4.5900836,-10.114481,-0.5972684,-12.257293,-10.4320545,-4.6469145,-7.2972198,-8.666852,-3.3238914,-6.055487,-5.0657897,-1.4376954,-6.536929,-10.852151,-3.852794,-2.3863711,-5.7454433,-7.798428,-4.75886,-4.228208,-3.683647,-5.595635,-4.8038116,-6.032511,-4.1369023,-3.2289896,-3.7876492,-0.26424804,2.9092093,1.9350852,5.274519,3.691955,0.16248067,-0.9869781,-0.0303819,happy,4,c:\Users\Kacpiro Recenzje\Desktop\Studia\XAI_2026\data\raw\Actor_20\03-01-03-01-02-01-20.wav
-393.4838,58.362297,-19.537937,6.443548,-9.6877985,3.4844534,-15.161553,-2.7216032,-12.623036,-14.366799,-4.0917563,-7.4752197,-7.499392,-0.4087578,-5.6918974,-5.765559,1.139733,-4.425942,-7.707562,-2.418695,-1.2973708,-0.14984542,1.3300607,3.312029,1.2471534,5.02435,-0.52834934,0.8878913,-1.1905422,-0.5139327,-0.034341797,-1.229469,0.16128701,0.5212253,-2.247674,-0.28430846,-1.505914,-2.0680463,-1.1258588,0.34925446,happy,4,c:\Users\Kacpiro Recenzje\Desktop\Studia\XAI_2026\data\raw\Actor_20\03-01-03-01-02-02-20.wav
-380.06195,64.830605,-37.491886,-6.928034,-10.421079,-10.318623,-24.470938,-6.821052,-14.387127,-17.219395,-7.4789042,-3.7671897,-12.19741,-5.7035365,-4.310737,-9.173399,-4.072826,-0.23122996,-4.480931,1.2568731,4.103489,0.640435,2.1091454,-0.5664,1.4309108,5.130424,-0.08868602,1.5783885,1.6528076,1.3366368,2.4704416,1.2846992,1.999302,1.2407093,-0.19223055,-0.0030753494,1.0900152,2.1087594,0.7607269,1.6829121,happy,4,c:\Users\Kacpiro Recenzje\Desktop\Studia\XAI_2026\data\raw\Actor_20\03-01-03-02-01-01-20.wav
-305.87045,81.024574,-48.571136,-3.210029,-16.789333,-8.057332,-30.617498,-7.4060645,-15.473845,-22.271957,-6.903521,-8.901047,-15.207689,-1.35211,-2.4376283,-1.7539097,5.264774,5.3633213,-1.0664271,7.135388,3.7069092,1.7047117,3.0248864,0.71287173,-0.28021732,1.2340747,-3.2236388,3.0869405,1.3914804,-1.0727656,-2.78306,-0.9082149,0.7734866,-0.31386474,-3.0107453,1.145918,1.2430081,-0.7971417,0.18676801,0.5074359,happy,4,c:\Users\Kacpiro Recenzje\Desktop\Studia\XAI_2026\data\raw\Actor_20\03-01-03-02-01-02-20.wav
-396.65002,52.008213,-31.733679,-3.8012211,-9.750215,-8.681316,-20.36415,-8.9945545,-17.220613,-13.438937,-5.4479265,-3.5871034,-3.742422,-1.3176786,-3.1459136,-1.523771,1.4443794,-2.7424788,-4.556584,1.6155676,2.2351837,2.7625017,4.0129547,0.9765613,-0.093784735,3.7822394,-0.95504695,0.39939103,0.33862382,1.1718029,1.2106531,-1.5068524,1.0045221,0.45071125,-0.9415814,2.4943843,0.47114417,-0.013360314,0.17543013,0.2117688,happy,4,c:\Users\Kacpiro Recenzje\Desktop\Studia\XAI_2026\data\raw\Actor_20\03-01-03-02-02-01-20.wav
-360.85184,40.72676,-38.35966,-11.456234,-21.760674,-10.217924,-23.689375,-11.462054,-13.5837555,-16.62737,-3.0839071,0.6885502,2.4846165,11.16095,8.62272,5.901501,4.804286,-3.9777157,-10.130817,-1.3023734,-0.711043,-6.2263393,-2.5810866,-1.9566574,1.6007614,9.620413,1.7799733,0.8648652,0.082095966,0.42322206,-0.099253036,-2.7731934,-0.50268507,-0.43175873,-0.801787,2.8538864,1.9558724,0.12249572,0.23429233,-0.9967443,happy,4,c:\Users\Kacpiro Recenzje\Desktop\Studia\XAI_2026\data\raw\Actor_20\03-01-03-02-02-02-20.wav
-316.01147,76.75176,-17.011986,16.843376,-2.6204066,5.31051,-11.939585,3.6537886,-19.029863,-11.686677,-2.6127784,-6.2866187,-5.253323,-6.788525,-5.0289536,-1.7631241,-6.022684,-3.9395998,-2.8301957,-3.5156388,-2.6633298,-3.581826,-2.9199297,-4.757153,-3.2524784,-0.91866004,-2.9279585,-3.7030323,-2.5011523,-1.1577178,-3.3947139,-1.7154754,-0.7663956,-3.3947048,-3.2735038,-2.8299663,-0.93889624,-0.46782836,-0.057611912,3.119226,sad,6,c:\Users\Kacpiro Recenzje\Desktop\Studia\XAI_2026\data\raw\Actor_20\03-01-04-01-01-01-20.wav
-340.36536,62.502243,-4.7196336,13.362301,2.9305549,4.647699,-3.1811788,0.7599449,-10.412407,-5.0022287,-5.045858,-3.6458611,-2.472418,-4.531736,-3.8113484,1.5049878,-3.2278595,-4.3623004,-3.9853315,-5.562968,-2.3633168,-3.0197423,-1.507403,-4.820595,-3.1369128,-0.17172898,-2.032421,-2.2549775,-2.1417067,-1.5016267,-1.9482498,-1.5093224,-0.5655879,-1.5153049,-1.3482188,-0.38641828,-0.7960454,-0.24508975,0.25034955,-0.10689604,sad,6,c:\Users\Kacpiro Recenzje\Desktop\Studia\XAI_2026\data\raw\Actor_20\03-01-04-01-01-02-20.wav
-342.35733,58.121662,-3.3764708,13.985235,-0.99957424,6.515816,-4.9542565,5.2404995,-12.885093,-7.1437216,-2.5624497,-1.8388293,-3.2220573,-2.3885307,-4.9563065,0.33084276,-1.5255492,-3.1556826,-6.136306,-5.0181885,-2.6214647,-2.9936523,-4.205756,-4.6571217,-3.2283256,-0.8798837,-3.3908622,-2.3543384,-2.688091,-1.4186176,-3.6716526,-1.6577272,-0.45828724,-2.9672666,-1.4030151,-2.3152514,-0.7908888,-0.299032,-0.25456953,1.4016292,sad,6,c:\Users\Kacpiro Recenzje\Desktop\Studia\XAI_2026\data\raw\Actor_20\03-01-04-01-02-01-20.wav
-349.9073,66.073235,-5.2173047,17.417171,1.8963315,8.099132,-2.0460253,4.202436,-12.997184,-9.699857,-4.943763,-1.8295678,-1.2059543,-5.014471,-4.899985,-0.374045,-1.1500565,-3.5956903,-5.8002715,-4.884892,-3.2886937,-3.5506501,-0.98006976,-3.8306568,-4.4452934,-2.1529524,-3.35096,-2.6137238,-1.6178199,-0.50456226,-2.6624174,-1.5846235,0.45830962,-1.999633,-1.916868,-0.7837214,-0.2394796,-0.47969592,-1.320715,-0.3574621,sad,6,c:\Users\Kacpiro Recenzje\Desktop\Studia\XAI_2026\data\raw\Actor_20\03-01-04-01-02-02-20.wav
-369.8834,77.64592,-12.354046,6.3322225,3.4223819,2.6276214,-17.499449,-9.514907,-12.044217,-18.332762,-7.3194866,-5.296202,-8.590929,-5.3607955,-1.0101098,-6.2842226,-6.939244,-1.4644881,-5.8526278,-6.8293386,-4.728434,-5.315052,-2.132516,-6.859265,-6.665231,-1.5338702,-2.8073914,-0.7517699,1.4646621,4.8253274,2.4279232,2.4107518,3.4277642,-1.1108054,0.5726772,2.1473703,2.3068557,4.266883,3.061209,2.0091376,sad,6,c:\Users\Kacpiro Recenzje\Desktop\Studia\XAI_2026\data\raw\Actor_20\03-01-04-02-01-01-20.wav
-340.6474,68.44521,-39.796124,-8.22717,-12.376247,-5.352438,-32.445602,-14.108203,-12.709046,-28.579193,-19.533169,-3.4640925,-13.157336,-9.823982,1.7500069,-2.2439237,-1.3424696,6.8777514,1.3026502,0.7773669,10.663171,10.285774,5.385331,1.6472975,-0.7330608,0.20320833,-2.4427836,-0.19825356,-1.7159512,-1.2624282,-1.7035027,-2.320133,-0.2941138,-3.200484,-4.7606974,0.18940967,1.9356616,2.0741942,-1.1968296,-2.2555811,sad,6,c:\Users\Kacpiro Recenzje\Desktop\Studia\XAI_2026\data\raw\Actor_20\03-01-04-02-01-02-20.wav
-350.1086,65.138824,-5.5042086,10.766172,-5.511374,3.3341367,-13.934218,-8.619881,-13.559863,-17.437347,-8.54722,-3.8729105,-9.832324,-5.3217936,-0.96529067,-5.6219974,-6.10047,-0.5340767,-6.1312437,-8.006846,-0.4105587,-2.8765788,-3.1278818,-1.3732935,-1.25078,2.2357857,0.67526287,0.20247202,2.9804566,3.5759294,2.6109378,3.5998595,2.014091,0.38951772,-1.4156868,-1.1294832,0.42818096,1.8440753,0.15888265,0.22117291,sad,6,c:\Users\Kacpiro Recenzje\Desktop\Studia\XAI_2026\data\raw\Actor_20\03-01-04-02-02-01-20.wav
-365.08078,66.458336,-36.561844,-3.090706,-13.257437,-5.294695,-31.33084,-15.37579,-15.231849,-24.35557,-21.77708,-4.548038,-6.1645575,-9.98283,-0.15060966,-2.464528,-3.7447546,5.141402,4.617455,-1.3289195,6.187581,10.326286,3.6545973,0.28679165,-0.99134445,-0.5257429,-2.1939528,-1.7733351,-0.29467827,2.0389142,-3.3764486,-2.8714306,-0.36505592,-1.71668,-1.0745665,0.06473057,-0.77984196,0.7328517,-0.7942165,0.1005534,sad,6,c:\Users\Kacpiro Recenzje\Desktop\Studia\XAI_2026\data\raw\Actor_20\03-01-04-02-02-02-20.wav
-407.37064,57.029915,-4.528499,12.623005,-3.7129436,3.6904123,-6.934218,0.27592927,-8.420713,-7.9824996,-3.4202046,-7.395442,-4.348862,-1.2157798,-6.7497396,-3.8443153,-2.5954702,-4.49701,-3.8986146,-4.960334,-3.912473,-4.0353494,-3.0763004,-4.2961035,-3.6711438,-2.6744983,-3.665033,-2.9437792,-2.966871,-1.6691926,-1.669961,-1.2761209,-0.70751196,-2.362759,-3.5112162,-1.7299075,-1.4943959,-0.54643136,0.9223581,1.059603,angry,0,c:\Users\Kacpiro Recenzje\Desktop\Studia\XAI_2026\data\raw\Actor_20\03-01-05-01-01-01-20.wav
-371.8274,58.067383,-17.426245,5.6626754,-13.402735,-1.2794505,-12.68305,-1.8675299,-9.263201,-12.94191,-6.5302415,-7.7654486,-7.275604,-2.7243445,-9.045141,-6.1768494,-5.6627545,-6.945133,-7.7994404,-4.089686,-2.9800696,-0.44168183,3.198161,3.4789722,4.552108,5.5210705,-1.4606415,1.8987743,-0.23297909,2.652307,1.8619382,-0.40844527,0.009428308,-2.1659198,-1.3427382,0.76200783,-0.675325,-0.8699895,-2.816765,-1.6098659,angry,0,c:\Users\Kacpiro Recenzje\Desktop\Studia\XAI_2026\data\raw\Actor_20\03-01-05-01-01-02-20.wav
-363.75092,65.61695,-22.023548,10.621155,-4.962971,-0.10768696,-15.118372,-2.6494935,-16.191301,-11.245942,-5.5680304,-4.7789435,-4.8161583,-2.2674422,-6.488227,-4.8116527,-5.259601,-3.7014568,-6.281463,-3.5106678,-2.94208,-3.7319708,-4.6023874,-5.474789,-3.6820562,-0.37509853,-3.1826394,-2.892827,-4.413487,-2.3974495,-3.0608191,-3.3442817,-2.26145,-2.683897,-2.6683424,0.504491,2.1228666,3.6485505,1.9075004,4.4640055,angry,0,c:\Users\Kacpiro Recenzje\Desktop\Studia\XAI_2026\data\raw\Actor_20\03-01-05-01-02-01-20.wav
-353.07193,66.9434,-27.270206,3.3216717,-14.443322,-1.6952542,-21.030006,-5.887627,-13.421456,-16.131018,-6.2376614,-7.3987265,-6.1535764,-3.9621396,-11.018728,-6.555492,-5.273195,-9.396625,-12.5512,-6.97017,-8.805932,-7.6620603,-7.411067,-3.7263687,-1.8053071,3.4402387,0.043658968,2.4524426,-0.1595143,1.4625405,-0.1369144,-0.5920774,0.66252863,-0.81124574,-0.8227407,2.5441527,1.3396014,1.3037639,0.16361567,1.6983539,angry,0,c:\Users\Kacpiro Recenzje\Desktop\Studia\XAI_2026\data\raw\Actor_20\03-01-05-01-02-02-20.wav
-345.32175,73.03437,-22.324207,18.952902,-4.302087,-3.346264,-20.394604,2.9345474,-11.692003,-11.982696,-4.9763584,-8.325554,-9.689177,-1.636053,-7.8638077,-3.9142802,-3.1771755,-3.866058,-6.5597644,-2.1991541,-2.5108223,-4.272111,-4.746126,-5.426793,-4.7359233,0.02995127,-2.033571,0.8190667,-0.95663387,0.018012188,-2.895692,-0.78892606,1.2407397,0.707158,-0.36927384,2.0081284,1.8275043,2.062973,-0.026039936,0.31600416,angry,0,c:\Users\Kacpiro Recenzje\Desktop\Studia\XAI_2026\data\raw\Actor_20\03-01-05-02-01-01-20.wav
-334.4516,59.94769,-36.880493,-5.746615,-21.608322,-12.033709,-29.343702,-5.086735,-12.530465,-14.108653,-4.4622545,-4.144131,-5.2695374,0.5536461,-5.25348,-5.941978,-2.9449317,0.6951149,-1.4536581,4.181161,5.645548,5.1376815,4.3486705,3.193333,3.4688852,2.3681126,-4.5291357,-1.9927888,-1.6612252,-2.3251197,-3.3914564,-2.6367729,0.39120883,1.6847819,0.1847077,1.2259927,1.419403,1.6081954,0.57560354,1.3426265,angry,0,c:\Users\Kacpiro Recenzje\Desktop\Studia\XAI_2026\data\raw\Actor_20\03-01-05-02-01-02-20.wav
-295.3968,54.67167,-32.220425,-9.195671,-23.473082,-7.6957655,-26.777617,-4.805734,-10.834518,-12.668266,-6.084669,-7.9740744,-5.105871,-4.87466,-9.2611885,-0.99082214,0.20218751,-0.7171384,-0.5163284,3.0839298,3.8034048,5.097399,-0.0922146,-0.9312772,-0.30659592,2.0600832,-0.62170064,2.7254708,-0.48894927,-0.20944831,-2.5182593,-1.3278915,1.0375916,0.0273003,-1.718567,-0.76114935,0.70694685,2.3629909,0.35001412,1.2013532,angry,0,c:\Users\Kacpiro Recenzje\Desktop\Studia\XAI_2026\data\raw\Actor_20\03-01-05-02-02-01-20.wav
-367.15668,43.93514,-16.775026,9.355643,-2.8799381,-3.775526,-11.020943,-0.99058414,-14.614942,-9.877336,-6.776334,-7.8727593,-7.321462,-3.0649126,-8.939008,-5.28018,-3.6402428,-3.8808568,-5.504866,-2.0431974,-1.3501626,0.5433839,0.6933371,0.9401639,-1.1656525,2.1579797,-1.3097694,-0.073520824,-1.2196746,0.7316704,-0.25522444,0.30466473,0.36464563,-0.20366074,-1.9570793,0.72260654,-0.9190784,0.4892521,-1.6268209,-0.4817386,angry,0,c:\Users\Kacpiro Recenzje\Desktop\Studia\XAI_2026\data\raw\Actor_20\03-01-05-02-02-02-20.wav
-366.90857,53.66661,-10.670462,8.77481,-2.3527174,-1.327627,-12.226802,-5.7146697,-9.935776,-9.471283,-1.8601555,-5.316575,-7.7780175,-2.6743574,-4.43621,-5.483632,-2.7758584,-2.2999158,-4.9064846,-4.8802853,-1.6720802,-3.815886,-4.2133064,-3.5004568,-2.8177054,-0.08725787,-3.114307,-1.241869,-0.41492116,0.7341135,2.718715,1.6572117,5.823197,4.083678,1.9285157,3.9022,1.303647,0.44292083,1.4896288,0.08587199,fear,3,c:\Users\Kacpiro Recenzje\Desktop\Studia\XAI_2026\data\raw\Actor_20\03-01-06-01-01-01-20.wav
-357.84213,63.038383,-15.381296,9.587266,-5.910538,0.7737091,-17.545137,-6.5997343,-13.270556,-13.215705,-0.26397115,-7.7115784,-11.395337,-1.417033,-5.6641097,-7.0003057,-3.2020423,-2.8474367,-6.172409,-6.833161,-1.7472558,-4.737274,-5.0769434,-2.6508524,-3.9919322,1.7163204,-1.169644,2.0711472,3.4835482,2.6252568,5.512222,3.6521087,6.816145,5.6584373,2.6548474,2.26132,0.24308339,-0.92890376,-0.18035913,-0.32472363,fear,3,c:\Users\Kacpiro Recenzje\Desktop\Studia\XAI_2026\data\raw\Actor_20\03-01-06-01-01-02-20.wav
-384.88907,49.578384,-9.691478,16.198372,-3.150976,7.024117,-10.631239,-3.0499592,-19.070711,-6.284128,0.32189044,-3.8330498,-6.726434,-4.1645184,-5.5182877,-1.9920198,-1.210088,-3.2846744,-5.4085093,-5.425761,-2.1599133,-3.7731519,-3.5734642,-4.110547,-4.514503,-0.29825518,-4.9999547,-1.5750028,-2.487158,-0.7921374,1.3121388,2.3044016,5.221187,4.593715,1.9160994,3.2619815,1.7809092,0.45134944,2.544763,2.506454,fear,3,c:\Users\Kacpiro Recenzje\Desktop\Studia\XAI_2026\data\raw\Actor_20\03-01-06-01-02-01-20.wav
-347.76306,61.91704,-8.800508,18.10107,-1.2779201,5.0240707,-10.835174,-4.077025,-17.17885,-9.864417,-1.3007096,-3.838181,-7.8932705,-2.5554957,-4.4024167,-2.7526984,-3.017084,-2.970262,-6.3115826,-6.7616043,-3.333843,-3.0792952,-4.3042436,-5.069315,-3.646032,-0.93956137,-5.0622888,-1.4302642,-0.5760694,-1.9862864,-0.34968296,-0.9143572,2.1457257,2.389134,1.9406301,4.9655204,7.0891337,4.1682787,6.332233,5.247822,fear,3,c:\Users\Kacpiro Recenzje\Desktop\Studia\XAI_2026\data\raw\Actor_20\03-01-06-01-02-02-20.wav
-322.20847,61.614784,-37.875404,-9.889104,-17.566496,-7.8626986,-25.777891,-3.899392,-13.773063,-11.987412,-1.0798359,-2.9448338,-7.037501,2.756361,-2.2805197,2.0358827,7.687695,2.974537,-1.5412322,6.8926754,6.2368555,1.6940559,4.6382093,2.904353,1.3479308,8.59178,1.06051,2.394517,0.99391866,-1.8180367,-2.7169554,-1.3703885,1.8549229,0.023073561,-3.3426652,0.9079305,0.63436013,0.8684779,2.5193605,2.852037,fear,3,c:\Users\Kacpiro Recenzje\Desktop\Studia\XAI_2026\data\raw\Actor_20\03-01-06-02-01-01-20.wav
-304.10068,61.962296,-45.46077,-10.273236,-26.102861,-11.444361,-27.292772,-6.1227074,-13.895023,-18.625128,-1.7165204,-0.59486854,-8.891806,4.6107697,2.9555767,2.3613229,10.031528,3.9846222,-2.9449048,3.445654,3.9155447,0.31865388,0.71605474,5.282038,2.850482,7.972063,0.4257212,0.5163483,1.4993894,0.6344165,-0.37073955,-1.3886423,0.44530442,1.0614182,-0.7667691,0.48680022,-0.71086466,-3.572832,-1.0338817,1.4919333,fear,3,c:\Users\Kacpiro Recenzje\Desktop\Studia\XAI_2026\data\raw\Actor_20\03-01-06-02-01-02-20.wav
-345.0129,47.645027,-37.7311,-19.44736,-25.405039,-7.431753,-27.835407,-7.626694,-14.138726,-8.985371,-2.4291854,1.058323,-0.9015466,3.1818788,-8.416536,-1.5219669,1.6132277,3.7508523,0.8136711,4.5555854,1.4804558,-2.7049868,1.7090992,0.34378594,-2.0936556,2.0486438,-4.8919144,-5.6243544,-4.0941663,-2.4663436,-2.8095577,-0.18993162,-0.35511863,0.357015,-0.6645234,3.2018392,3.2401814,-0.40297824,-2.4617038,0.7072709,fear,3,c:\Users\Kacpiro Recenzje\Desktop\Studia\XAI_2026\data\raw\Actor_20\03-01-06-02-02-01-20.wav
-338.37207,32.39258,-29.190817,-6.9015307,-20.416319,-8.041831,-21.525948,-8.216337,-11.16393,-13.613052,-1.0477762,3.8888762,3.2880826,11.063863,10.693814,3.4907365,4.7880244,-2.6406674,-9.72221,0.18416284,3.9481833,1.1670078,-1.8865088,0.37600222,2.9036865,7.30276,4.22895,-1.0277065,-4.0008745,-2.870227,-1.0906353,-1.2941402,-0.88342506,-0.0687692,-0.1800417,2.0187466,2.7445474,0.93299943,-0.46902838,1.188775,fear,3,c:\Users\Kacpiro Recenzje\Desktop\Studia\XAI_2026\data\raw\Actor_20\03-01-06-02-02-02-20.wav
-355.04834,72.53811,-10.478325,9.204658,-9.748272,3.999013,-17.344122,0.43684426,-14.177007,-8.986238,-6.3497534,-4.0482445,-4.7790995,-7.942401,-4.9993587,-2.4776406,-6.5284953,-3.785245,-9.631128,-6.619251,-5.6698217,-2.639104,-5.676951,-3.482074,-1.4010322,0.22741006,-2.985992,-1.6374035,-2.6824224,0.8943759,-1.8596022,-0.06723704,-0.14050612,-1.1745963,-1.6474633,2.3923304,0.824352,2.400275,0.3417588,1.1552104,disgust,2,c:\Users\Kacpiro Recenzje\Desktop\Studia\XAI_2026\data\raw\Actor_20\03-01-07-01-01-01-20.wav
-314.6917,88.57182,-6.0805125,9.112947,-6.8303127,8.744748,-17.228052,-0.1977867,-14.282549,-0.7658377,-1.2661644,-2.377976,-4.288465,-3.1364443,-4.1415253,0.06378542,-1.8082541,-1.414035,-5.2753835,-5.0655537,-3.6125429,-3.1751292,-3.9879622,-4.455888,-3.5953429,0.2675318,-2.0307817,-0.32898447,-1.6312308,0.76526713,-0.1289148,2.1933296,0.67367405,1.7311598,0.16269256,2.2536845,-0.75983953,0.5037111,-0.9497555,0.43946415,disgust,2,c:\Users\Kacpiro Recenzje\Desktop\Studia\XAI_2026\data\raw\Actor_20\03-01-07-01-01-02-20.wav
-346.80716,64.9501,0.9629915,14.743988,-10.291311,8.166746,-12.375565,1.1094997,-16.24688,-5.0221324,-4.7694163,-5.415986,-6.303749,-5.338766,-6.2842145,0.17034544,-6.345354,-2.218614,-8.331384,-5.1971445,-4.301745,-4.3657775,-5.950265,-6.2601666,-5.950165,-2.8122346,-5.1564384,-4.380669,-5.0812407,-3.0648394,-4.20768,-0.47123918,-0.156113,1.0038723,-0.34073353,2.209147,1.5010943,2.1651103,1.8127542,2.6231437,disgust,2,c:\Users\Kacpiro Recenzje\Desktop\Studia\XAI_2026\data\raw\Actor_20\03-01-07-01-02-01-20.wav
-306.07944,62.749115,-1.7265508,16.15735,-11.666832,10.474783,-16.760862,-1.9005616,-19.716711,-4.5210085,-6.948779,-4.5719013,-8.852019,-4.8030615,-7.568187,-2.1952672,-5.5761476,-5.7186775,-10.789082,-7.31478,-6.864298,-5.750279,-6.718039,-7.9553795,-7.962461,-3.3769379,-6.3539524,-2.2993512,-3.0735345,-1.9174705,-4.440437,-2.1518636,-2.0806732,-0.1154138,0.39760888,4.0841513,3.1288378,5.067457,2.0620062,3.1242096,disgust,2,c:\Users\Kacpiro Recenzje\Desktop\Studia\XAI_2026\data\raw\Actor_20\03-01-07-01-02-02-20.wav
-355.46277,64.1108,-11.6051235,14.6811285,-12.118451,4.037257,-16.398157,0.84476244,-11.400976,-10.745744,-10.348556,-3.6289577,-3.966358,-7.3623357,-5.1896796,-0.6129835,-4.0755167,-2.4959428,-5.6759405,-5.058928,-3.194941,1.0325755,-0.9649507,1.0868132,2.0194385,2.7180727,-0.9026645,3.030262,0.046283923,2.3473113,0.082645364,1.7078248,1.6370504,-0.46503907,-0.52148455,1.411752,-1.5924821,0.7371307,-0.43058097,0.3273738,disgust,2,c:\Users\Kacpiro Recenzje\Desktop\Studia\XAI_2026\data\raw\Actor_20\03-01-07-02-01-01-20.wav
-395.1701,56.358814,-12.291726,7.3794827,-9.311697,1.8747067,-16.59256,-2.832239,-10.938231,-8.999709,-6.4285145,-7.2478333,-6.102172,-3.8714626,-5.9897633,-4.647414,-5.187432,-5.1016273,-8.511692,-5.506833,-5.60972,-4.1569357,-1.5392036,-2.4563015,-1.1522362,2.997838,-1.613458,1.0004905,-0.20924118,3.2085521,2.8396873,5.614813,7.200178,3.4544728,2.8806164,1.0069647,-1.0769664,1.0902296,-0.31370926,-1.2867408,disgust,2,c:\Users\Kacpiro Recenzje\Desktop\Studia\XAI_2026\data\raw\Actor_20\03-01-07-02-01-02-20.wav
-313.42618,48.96136,-14.263918,4.947043,-25.49167,-0.7871704,-21.117403,-10.489488,-17.726124,-15.133921,-10.880568,-4.5012593,-9.35004,-12.926056,-10.817682,-3.3420775,-6.8397145,-6.533759,-6.343248,-3.1777215,-0.6250857,-1.3847932,-0.10192227,0.16172887,-0.13554426,4.8623195,-1.9897379,5.3514056,-2.524376,-0.6921993,-1.175183,-1.3132476,1.5046847,-1.5492864,0.5237556,0.7386888,-1.7404517,0.45944905,-1.4546998,0.18817517,disgust,2,c:\Users\Kacpiro Recenzje\Desktop\Studia\XAI_2026\data\raw\Actor_20\03-01-07-02-02-01-20.wav
-297.9221,70.18047,-18.933062,8.609069,-24.407347,0.8740072,-18.189043,-0.06467048,-15.785492,-14.655921,-10.424896,-5.309016,-5.7690334,-9.104788,-11.717095,-4.408521,-8.368902,-7.212459,-10.052532,-5.81972,-2.0894852,0.6919756,-1.1958902,1.8352348,3.7283337,5.8023043,-0.21688959,2.2570062,-2.0846758,-1.3522507,-3.3311841,2.3987114,1.0753365,-2.6102867,-0.57286525,-0.18942499,-3.083094,0.43590757,-1.2757357,-0.50017935,disgust,2,c:\Users\Kacpiro Recenzje\Desktop\Studia\XAI_2026\data\raw\Actor_20\03-01-07-02-02-02-20.wav
-387.16257,55.544674,-16.14468,2.9999728,-1.4491442,0.6867837,-11.912729,-0.9492153,-14.237124,-9.643279,-3.9171376,-4.6159296,-6.7857046,-3.435585,-4.2478695,-3.576004,-3.073659,-3.493623,-7.3253164,-5.693855,-6.005886,-5.554927,-3.6833622,-4.6123447,-2.7796137,0.07962144,-2.4376602,1.2356739,0.4562458,1.3084464,1.1718442,-1.0974032,1.0055711,0.92671365,0.29191092,3.0982766,1.2670331,1.4418612,-0.74081975,-1.9879028,surprise,7,c:\Users\Kacpiro Recenzje\Desktop\Studia\XAI_2026\data\raw\Actor_20\03-01-08-01-01-01-20.wav
-373.58838,68.50032,-17.77437,5.597097,-5.6677666,0.74981904,-16.375582,-1.8113037,-11.874582,-9.7553005,-6.3500485,-6.5173993,-6.3721685,-4.8795986,-7.5094643,-3.7094674,-4.7759566,-4.610545,-8.032441,-3.994741,-1.0910515,0.5165742,2.750426,0.17357619,2.4950137,4.621297,0.055815134,3.5471854,1.1500258,1.4915323,0.15211476,-2.1715665,-1.025101,0.30534244,-1.1874039,1.1106726,-1.2283022,-0.54808426,-1.3129069,-1.2961073,surprise,7,c:\Users\Kacpiro Recenzje\Desktop\Studia\XAI_2026\data\raw\Actor_20\03-01-08-01-01-02-20.wav
-431.02164,53.364395,-11.126792,6.6825747,-5.5212474,3.7161636,-8.129181,-0.5767497,-13.894992,-7.4214897,-3.7336564,-3.551853,-5.4907804,-3.82745,-4.8376384,-1.2284403,-4.0981703,-3.2554305,-6.175603,-4.8505816,-4.4914994,-3.6797273,-3.2230337,-4.072041,-2.2933304,0.929396,-2.9060414,-1.2871586,-1.588268,0.07374173,-2.8764215,-2.4136345,-1.4579072,-1.7745842,-2.3199878,-0.50043666,-1.4809728,-0.5537727,0.06246294,1.3694085,surprise,7,c:\Users\Kacpiro Recenzje\Desktop\Studia\XAI_2026\data\raw\Actor_20\03-01-08-01-02-01-20.wav
-396.42438,60.932148,-15.271612,5.4897428,-2.878116,-0.45698494,-11.383842,-0.8848779,-15.079235,-8.859447,-1.1557136,-5.7361755,-5.7564135,-2.3331523,-4.584165,1.3411154,0.130356,-0.0657946,-2.2897358,-4.1315804,-1.6888859,-4.3685875,-1.8482943,-3.5248165,-3.5400133,-1.0940764,-3.0854201,-2.23131,-2.5334988,-0.39224017,-0.411001,-1.6169016,0.88394034,-0.7715648,-1.5477759,-0.19257079,-1.4907972,-1.5034089,-0.16296718,0.72264963,surprise,7,c:\Users\Kacpiro Recenzje\Desktop\Studia\XAI_2026\data\raw\Actor_20\03-01-08-01-02-02-20.wav
-329.39407,69.80039,-31.109388,2.6905296,-10.165532,-3.8889341,-22.053673,-1.1804597,-16.77053,-12.512846,-6.891765,-5.4886875,-9.957029,-6.412401,-5.3655176,-1.5146056,0.13418178,-0.40271884,-6.6639185,-0.5137556,1.2613927,-0.5800315,0.22836412,-2.9095318,-0.25997558,1.6600847,-4.342991,0.6579428,1.3291091,2.2314184,-1.5524955,-0.90082055,0.6069506,1.0330054,-0.2949005,1.6702915,-0.6149803,1.6700549,1.4246188,1.1871458,surprise,7,c:\Users\Kacpiro Recenzje\Desktop\Studia\XAI_2026\data\raw\Actor_20\03-01-08-02-01-01-20.wav
-417.19382,63.69836,-15.3060465,2.991974,-6.2671537,-1.5327007,-14.271198,0.057234257,-15.188984,-9.747905,-6.2210054,-6.2271514,-6.9676266,-4.714766,-6.41675,-4.2511597,-3.5800319,-2.6674147,-5.827715,-4.114502,-3.9214983,-5.595323,-2.6922612,-3.7124145,-2.7191408,1.1087587,-2.328089,-1.0086378,-1.0423201,-0.053450458,-0.24246454,-0.45543167,-0.024081238,-0.08827213,-0.4699838,1.1153383,-0.2758144,-0.017677361,-0.4651355,0.51138055,surprise,7,c:\Users\Kacpiro Recenzje\Desktop\Studia\XAI_2026\data\raw\Actor_20\03-01-08-02-01-02-20.wav
-313.33536,74.32488,-36.566032,6.457881,-10.049656,3.731648,-19.58407,1.8483359,-19.094357,-18.21762,-10.769128,-3.0492435,-12.962261,-8.577292,-7.3811398,-4.5694957,-4.409511,-5.8664155,-9.430241,-3.9949303,0.055659734,1.0203671,1.9930221,0.9951304,2.9558213,5.8353233,-2.4466558,1.3633053,1.6756918,1.3159676,1.571615,0.92235357,1.0435641,1.4581481,-0.6160709,3.3982153,-0.2204618,1.2394595,1.1530278,0.04931327,surprise,7,c:\Users\Kacpiro Recenzje\Desktop\Studia\XAI_2026\data\raw\Actor_20\03-01-08-02-02-01-20.wav
-350.16196,61.337753,-21.687054,5.7665334,-5.8978167,3.2506077,-14.37357,0.6904237,-18.10822,-10.180014,-3.0215242,-3.7759569,-8.6788845,-5.5087833,-6.4118185,-4.046472,-5.160827,-6.725418,-9.198843,-6.921563,-6.8108845,-5.904477,-4.9198847,-6.175807,-2.1880388,1.8518,-0.14623374,3.5161471,3.4881527,4.388798,0.7664957,-0.06282855,1.4429938,0.50132143,1.9411101,3.6154156,1.301012,0.25468495,0.138414,-0.19749486,surprise,7,c:\Users\Kacpiro Recenzje\Desktop\Studia\XAI_2026\data\raw\Actor_20\03-01-08-02-02-02-20.wav
-379.67813,97.99738,12.172603,13.642654,9.17075,16.02143,-11.658396,5.5043616,0.32124665,-6.9761653,-6.837812,-1.5522907,1.5976863,-3.854542,-3.2731564,0.8792287,1.3037684,-1.0345894,-1.7286792,-2.7527626,-1.0771811,-0.8233221,-0.054406755,-0.21955025,-2.9013276,-0.7671311,-1.4260445,-2.6891043,-4.998301,-2.0644658,-1.792102,-2.7021775,-2.9705412,-2.180114,-0.4721547,-1.6700238,-0.5214236,-1.0167496,-1.6324351,-1.5151341,neutral,5,c:\Users\Kacpiro Recenzje\Desktop\Studia\XAI_2026\data\raw\Actor_21\03-01-01-01-01-01-21.wav
-383.5347,107.39662,17.36374,19.048056,11.699777,15.677014,-9.051252,6.919995,-0.075498976,-8.628991,-5.9647884,-1.2223549,2.0390408,-3.1069207,-2.707262,1.7829645,2.0422258,-0.27663955,-0.70968866,-1.4885283,-0.76108557,0.08456602,1.1534066,-0.48844504,-2.7494044,-0.7757634,-1.0501269,-1.836012,-4.000138,-2.201907,-1.4488662,-2.2358558,-2.434894,-1.821871,-0.77483857,0.5050683,0.46137843,-0.8676058,-1.2913872,-1.5073382,neutral,5,c:\Users\Kacpiro Recenzje\Desktop\Studia\XAI_2026\data\raw\Actor_21\03-01-01-01-01-02-21.wav
-410.5245,98.63033,9.604025,15.591847,8.327181,15.204707,-7.229232,5.7244167,-1.09946,-8.100033,-7.0886264,-1.1531436,1.142511,-1.3811507,-4.2275953,-0.59827906,0.42677146,0.13788548,-0.68202424,-1.4763112,0.8090861,-0.44449335,0.06919433,-1.0656532,-3.9764326,-0.8760937,-1.0653203,-1.7567399,-5.0987325,-2.1119573,-1.1542522,-0.92278254,-2.3032146,-2.0280173,-0.37459505,0.026697619,-0.13302149,-0.72419447,-2.047597,-1.3588351,neutral,5,c:\Users\Kacpiro Recenzje\Desktop\Studia\XAI_2026\data\raw\Actor_21\03-01-01-01-02-01-21.wav
-386.00482,99.19376,10.175827,14.913626,9.353703,17.625364,-3.9694555,4.654851,-2.0246217,-7.938433,-5.7007384,0.14106767,1.2969308,-2.0036657,-2.2838078,1.0951333,1.4659106,-0.08211144,-1.012046,-3.048569,-1.0954863,-0.17327286,-0.3939448,-0.70301443,-3.8204691,-1.6011289,-1.4852042,-1.538863,-4.9710875,-2.6183627,-1.7016271,-1.733041,-1.3841491,-2.3501816,-0.7720565,0.32795092,-0.7914735,-1.8119233,-2.57816,-2.1611714,neutral,5,c:\Users\Kacpiro Recenzje\Desktop\Studia\XAI_2026\data\raw\Actor_21\03-01-01-01-02-02-21.wav
-358.05835,114.5071,18.05769,20.74147,10.575022,20.831062,-7.5793095,7.0762377,-2.812079,-5.945672,-3.61001,-0.51203823,3.1730585,-0.039189655,-2.6092274,2.5272872,2.6765172,-0.46403384,-0.7100855,-4.2834196,0.08180854,-1.211819,-0.17402197,-1.4102182,-4.6572704,-0.8086946,-0.55913633,-2.7543006,-5.7695494,-0.9762344,-1.6898422,-1.7637875,-1.5489708,-2.0111768,-0.18884861,-0.4412277,0.47588494,-1.128488,-2.665446,-1.7340841,calm,1,c:\Users\Kacpiro Recenzje\Desktop\Studia\XAI_2026\data\raw\Actor_21\03-01-02-01-01-01-21.wav
-341.09848,119.70325,13.119532,16.213263,10.922881,20.329247,-10.367181,3.2360356,-0.97813565,-9.194177,-4.117936,-0.6319309,1.8345932,-1.7033732,-3.956105,3.582726,2.7132454,-1.7448914,-0.8832759,-3.9294841,0.450984,-0.5104651,0.118791565,-1.3912865,-4.380693,-1.2216332,-1.8247486,-2.7324502,-4.974226,-1.0168082,-1.5271683,-2.4647377,-1.5546954,-2.10163,0.16441424,-0.22999756,0.06520815,-0.88738424,-3.0155466,-1.8197147,calm,1,c:\Users\Kacpiro Recenzje\Desktop\Studia\XAI_2026\data\raw\Actor_21\03-01-02-01-01-02-21.wav
-373.4517,104.05308,18.66168,24.521358,10.863532,22.345572,-5.866074,10.126856,-2.027844,-5.8406763,-1.5174805,-0.30723733,2.765412,0.8232555,-0.18601876,4.9476905,2.8326044,2.6522238,1.4855721,-1.7272692,1.4547119,0.4298832,1.0893884,-0.83635974,-3.8172984,0.16113043,-0.6775522,-0.80595636,-4.772791,-0.39003035,-1.4230944,-1.0577891,-0.9911157,-1.8902436,0.58039427,0.029438155,0.2175221,0.106281094,-2.3262362,-1.223177,calm,1,c:\Users\Kacpiro Recenzje\Desktop\Studia\XAI_2026\data\raw\Actor_21\03-01-02-01-02-01-21.wav
-348.20456,120.94739,12.874724,24.33412,11.420837,24.026903,-6.3909674,4.64935,-4.2304273,-6.6743116,-2.037653,0.2275107,2.0661435,-1.5504917,-3.6074274,4.029268,1.7544411,0.25267056,-0.1886044,-2.9922426,-0.7735921,-0.7814939,0.78775066,-0.62540466,-5.167065,-1.5767124,-0.89302105,-2.8582928,-6.0370774,-1.2772236,-2.919908,-0.9081081,-0.3486114,-2.045667,-0.027806059,0.5241045,-0.46810395,-0.9920475,-2.0503159,-1.1858677,calm,1,c:\Users\Kacpiro Recenzje\Desktop\Studia\XAI_2026\data\raw\Actor_21\03-01-02-01-02-02-21.wav
-308.15833,113.78261,4.645641,23.458065,11.336994,21.159727,-8.874173,8.424352,-4.9127784,-5.6522145,-2.1338346,0.72834456,3.575179,-0.3859808,-3.0601685,3.402406,2.952021,-1.2793001,-0.10567967,-2.3673155,0.20238544,-0.02272702,2.424285,1.2227695,-4.7447796,-0.3823494,-1.5646776,-1.9045349,-4.42793,-0.05778417,-2.0654986,-2.69981,-0.06778831,-1.3656374,-0.050039764,-0.02402307,0.7824942,-1.1544211,-3.5388298,-1.5657566,calm,1,c:\Users\Kacpiro Recenzje\Desktop\Studia\XAI_2026\data\raw\Actor_21\03-01-02-02-01-01-21.wav
-307.38806,123.52573,5.81139,19.002575,15.335863,19.4743,-9.525685,6.167539,-4.1779056,-9.344075,-4.320159,-0.01942487,3.5968351,-3.0771778,-4.5349493,1.6402651,1.0535071,-1.4136014,-1.5890046,-3.381915,-1.6193814,-1.0648252,0.86407405,-0.71704537,-4.069735,-1.9137976,-1.1020133,-3.2775595,-6.5338426,-1.3473201,-3.1990023,-4.10556,-1.9346659,-2.5111914,0.2233301,0.49761108,-0.14906602,-1.7664232,-2.378125,-1.648814,calm,1,c:\Users\Kacpiro Recenzje\Desktop\Studia\XAI_2026\data\raw\Actor_21\03-01-02-02-01-02-21.wav
-347.22495,113.87094,5.790884,17.22054,12.515292,24.097393,-14.130241,7.082481,-3.7293642,-10.7056,-4.9098325,-0.89733446,1.6546526,-3.5827272,-3.3632574,3.1503315,2.5265,-0.7114386,-0.7064971,-3.9601388,-0.4666273,-0.2492968,0.08894557,-1.6864622,-5.779565,-0.35485673,-1.0146222,-2.1790295,-7.2653913,-1.8792058,-2.8442128,-3.3541355,-1.9998182,-2.7261364,-0.008888624,0.017845424,0.5907359,-1.0034848,-3.641828,-1.4285208,calm,1,c:\Users\Kacpiro Recenzje\Desktop\Studia\XAI_2026\data\raw\Actor_21\03-01-02-02-02-01-21.wav
-297.1271,121.64722,1.8127948,19.144594,10.519167,24.742142,-10.908484,6.644881,-8.622618,-8.246986,-3.643742,-0.56671673,0.4612495,-3.0133526,-2.6547415,2.6755087,2.5157292,0.35085487,-0.21386875,-3.5032682,0.16892265,-1.5595456,0.83611023,-1.8605827,-5.9856215,0.6271105,-0.41872808,-1.8445268,-6.9957967,-0.056966145,-3.2049124,-3.1044822,-0.70469385,-3.8199506,-0.07864997,0.8285462,0.7890277,-0.70851296,-4.560269,-0.8981083,calm,1,c:\Users\Kacpiro Recenzje\Desktop\Studia\XAI_2026\data\raw\Actor_21\03-01-02-02-02-02-21.wav
-358.83786,101.27926,3.9793096,11.407346,10.450225,14.956522,-10.653371,1.8425587,-2.6139362,-7.8008895,-7.47454,0.39773673,-0.93625367,-5.7842307,-3.7616992,1.0907047,-2.0634644,-3.0756125,-3.7486832,-4.0720463,-2.0276835,-1.2891943,-0.7262512,-2.4354045,-4.0331864,-1.274215,-2.3180325,-3.0915258,-5.0383186,-1.8952212,-1.6380104,-3.1091475,-1.2520349,-2.0056617,-1.223261,-0.46159145,-1.7431155,-2.0568414,-1.9601626,-1.2091168,happy,4,c:\Users\Kacpiro Recenzje\Desktop\Studia\XAI_2026\data\raw\Actor_21\03-01-03-01-01-01-21.wav
-401.14972,103.12764,-0.3068999,9.660625,12.428103,19.607933,-11.06283,1.227291,-0.7503439,-7.139411,-7.886376,1.0122229,1.608317,-5.71527,-3.4999447,2.530767,-0.20995629,-1.6260675,-2.7707648,-3.5495794,-2.8489766,-2.3069234,-1.2287986,-1.8475324,-4.7748547,-1.8725275,-1.393734,-2.2058444,-4.729856,-2.2482462,-1.6732512,-3.0345602,-2.0271225,-1.0235589,-0.8803045,-0.46825117,-0.924793,-2.1713085,-2.1126122,-1.4489495,happy,4,c:\Users\Kacpiro Recenzje\Desktop\Studia\XAI_2026\data\raw\Actor_21\03-01-03-01-01-02-21.wav
-387.69833,101.47008,-4.350488,9.085777,14.409772,15.689897,-11.457052,1.0001141,-5.5161796,-9.921945,-8.746366,0.7566292,-2.0172858,-6.465606,-4.120828,2.2224135,-0.5677947,-2.1197042,-2.4548914,-5.5546947,-2.6814013,-1.5747235,0.24274431,-3.856414,-5.0703983,-2.6511803,-1.6788735,-1.4768007,-6.5890093,-0.62910515,-1.3635012,-2.6158655,-1.3423882,-2.2117617,-0.36125737,0.5565701,-1.1980276,-1.6034403,-1.9503567,-1.2190369,happy,4,c:\Users\Kacpiro Recenzje\Desktop\Studia\XAI_2026\data\raw\Actor_21\03-01-03-01-02-01-21.wav
-393.14508,105.14408,-1.4562919,11.113082,8.31094,15.885617,-8.404809,0.784442,-7.087706,-8.949936,-6.423757,-0.87174857,-0.27591684,-5.8401523,-4.0278788,1.0809721,-1.5902182,-1.5143313,-3.4699507,-5.754201,-3.2824156,-2.6452394,-2.0975099,-4.799244,-6.2403054,-2.6876326,-2.408412,-2.3724546,-6.8478684,-1.937392,-1.7112161,-2.1914766,-2.1503558,-2.1791143,-1.7650692,-0.5321442,-1.3287371,-2.7773943,-3.022826,-1.7249037,happy,4,c:\Users\Kacpiro Recenzje\Desktop\Studia\XAI_2026\data\raw\Actor_21\03-01-03-01-02-02-21.wav
-348.24484,94.52682,-13.414262,3.735195,10.381662,11.439124,-15.516418,-3.0239506,-2.090656,-8.703045,-13.329193,-1.655391,-0.4199627,-10.33947,-5.9741497,1.0647287,-5.573567,-4.2272673,-2.875877,-5.0844607,-4.1704803,-5.008593,-2.5323381,-4.4673533,-7.0561194,-3.1672108,-2.6363304,-3.4056046,-7.141989,-3.7890859,-2.3548193,-5.138312,-3.9947355,-2.4489067,-0.86725825,-0.1089319,-1.0133213,-0.3421982,-0.77056783,0.054361872,happy,4,c:\Users\Kacpiro Recenzje\Desktop\Studia\XAI_2026\data\raw\Actor_21\03-01-03-02-01-01-21.wav
-349.82648,94.8984,-16.12739,4.5232873,8.827021,14.120917,-13.936872,-4.475451,0.77339464,-9.6312,-13.976777,-0.63062173,-0.46168107,-9.128694,-6.443374,1.1871591,-5.067053,-5.2301,-4.103257,-5.4747376,-5.571273,-5.79612,-1.8923932,-4.3926935,-6.498403,-3.0476484,-3.5707576,-4.2060013,-7.5247726,-3.834006,-2.5192702,-5.422059,-3.4090767,-0.8854962,-0.16312739,0.5029625,0.1614664,0.64200944,0.12281788,-0.66644436,happy,4,c:\Users\Kacpiro Recenzje\Desktop\Studia\XAI_2026\data\raw\Actor_21\03-01-03-02-01-02-21.wav
-359.19403,92.41523,-3.7689815,5.292823,8.321232,12.884106,-12.922013,-2.5219913,-5.115351,-8.071486,-10.955364,0.67036325,-0.65863067,-8.831202,-3.3625054,-0.049967855,-4.1612844,-3.144728,-2.1866338,-5.915948,-4.5466022,-2.1089535,-1.5758612,-3.314932,-5.2361326,-2.4261649,-2.4675922,-2.0674276,-6.8640523,-3.6310797,-1.6212152,-3.9363573,-2.8455966,-2.591122,-2.2897677,-0.8574716,-1.9007722,-2.0045185,-3.0775478,-3.2561467,happy,4,c:\Users\Kacpiro Recenzje\Desktop\Studia\XAI_2026\data\raw\Actor_21\03-01-03-02-02-01-21.wav
-328.3599,89.92641,-11.306991,4.4216313,8.567707,9.277403,-14.869013,-3.981144,-3.7917047,-9.000368,-13.911829,-2.1040406,-0.42329267,-10.3935585,-5.318811,0.46354827,-4.008698,-4.8242455,-3.7239194,-5.8954754,-5.980183,-4.2678766,-2.2716703,-5.04608,-7.130409,-3.816672,-2.5456297,-3.9688041,-7.8388705,-3.6880524,-1.9267966,-3.6558206,-2.1406314,-2.0587027,-2.086225,-0.4888684,-1.775471,-2.5351837,-3.4860256,-2.29354,happy,4,c:\Users\Kacpiro Recenzje\Desktop\Studia\XAI_2026\data\raw\Actor_21\03-01-03-02-02-02-21.wav
-322.64636,118.89448,6.1218376,25.167,11.8671255,20.01323,-12.234467,10.4314575,-2.2587028,-10.595596,-7.320427,-4.060889,-0.80482817,-4.884166,-7.294497,1.0333061,-3.19136,-2.2578042,0.73826265,-6.905164,-2.103628,-1.3591229,-2.0658956,0.24641922,-5.025427,-0.3304975,-1.5403392,-2.9325926,-5.358914,-1.7525721,-0.77654815,-3.080415,-3.1266189,-2.4604886,-0.91260564,-0.17184418,-1.7402463,-1.9553686,-1.4702587,-1.0645269,sad,6,c:\Users\Kacpiro Recenzje\Desktop\Studia\XAI_2026\data\raw\Actor_21\03-01-04-01-01-01-21.wav
-296.933,129.87859,6.763447,28.133429,12.606864,19.210754,-12.715008,12.000049,-2.8976903,-10.201339,-3.6094224,-4.449617,-1.9853895,-4.2967052,-5.344551,0.6621881,-2.6966288,-1.7538115,0.9443025,-7.7672663,-2.7248313,-1.8238558,-1.7202055,-0.9805007,-5.98149,-1.7930621,-3.5063157,-3.9824505,-5.2134004,-1.6839457,-0.24046525,-0.84907657,-2.573076,-2.0001948,0.1341001,-1.1846545,-1.5538322,-1.8006808,-1.9728247,-1.5099953,sad,6,c:\Users\Kacpiro Recenzje\Desktop\Studia\XAI_2026\data\raw\Actor_21\03-01-04-01-01-02-21.wav
-354.22708,106.246445,4.8233304,23.481525,10.688736,16.853584,-9.076416,11.096722,-4.504602,-10.433605,-5.4569426,0.039742596,0.4474307,-2.332815,-5.012771,0.7576521,-1.5263698,-1.5462509,-0.6609383,-8.517178,-2.6039293,-0.0061827246,1.6903254,0.33835092,-6.3402753,-0.6878597,-1.5348172,-2.1990345,-5.489919,-1.0087438,-3.307683,-1.3556219,-2.1147912,-0.3472736,2.1893554,-0.5781247,-1.5778322,-0.5043561,-0.41250324,-2.0585124,sad,6,c:\Users\Kacpiro Recenzje\Desktop\Studia\XAI_2026\data\raw\Actor_21\03-01-04-01-02-01-21.wav
-329.08218,113.34039,1.3292916,22.82212,10.838635,19.49032,-10.756434,10.943222,-3.6355202,-9.393093,-8.065004,-1.7133017,-1.387761,-3.8142557,-6.890806,1.301764,-3.028636,-2.1142764,1.1003429,-6.6159754,-2.6727662,0.31238955,0.16686963,0.56721574,-6.1963515,0.33450064,-1.8444129,-3.1060917,-3.805258,-1.2848057,-2.3561933,-1.8988358,-3.0365329,-1.6377918,-0.08425351,-0.20329437,-1.1466051,-1.6692433,0.103304975,-0.95201683,sad,6,c:\Users\Kacpiro Recenzje\Desktop\Studia\XAI_2026\data\raw\Actor_21\03-01-04-01-02-02-21.wav
-345.11935,118.15681,-16.390213,6.6468368,10.985403,20.90269,-11.574243,-16.805273,-6.216733,-7.5379744,-23.882881,-10.543605,5.3102508,-11.009469,-14.286002,-1.4915873,-1.889337,-6.1550684,-3.9511373,-0.67734843,-7.4300423,-2.2967546,1.0097481,-6.187359,-2.6093543,-1.9400157,-6.3867497,-2.4861891,-2.7971387,-4.767592,-2.680635,-3.0966241,-3.2797394,-2.3444157,-2.929159,-2.259696,-0.88010174,-0.5919232,-5.175158,-2.680814,sad,6,c:\Users\Kacpiro Recenzje\Desktop\Studia\XAI_2026\data\raw\Actor_21\03-01-04-02-01-01-21.wav
-352.4167,111.49386,-13.6891575,7.5487223,9.390574,19.648815,-10.875411,-16.21447,-6.58111,-9.864457,-23.318148,-9.015398,6.5177784,-10.958362,-14.753529,-0.63886535,-4.122233,-7.6721826,-4.152833,-2.9323902,-6.6672206,-3.3082874,0.60369885,-5.6677856,-3.587528,-0.63039136,-7.0613804,-2.3589015,-2.492091,-5.7594275,-2.9823089,-3.6073244,-3.6356366,-2.2048345,-3.3780184,-2.6353502,-0.58621997,-0.52546597,-5.5402236,-3.400758,sad,6,c:\Users\Kacpiro Recenzje\Desktop\Studia\XAI_2026\data\raw\Actor_21\03-01-04-02-01-02-21.wav
-324.9083,114.01432,-8.140679,10.072315,15.132584,21.328451,-14.276698,-7.7198477,-1.4225614,-16.373455,-17.607975,-3.7066216,0.9074236,-10.518546,-10.195898,-1.1623018,-6.228366,-4.5598216,-2.503213,-5.648243,-4.0176272,-1.2083783,-1.4223869,-2.4677453,-4.148548,-3.7600532,-2.7197778,-0.8547858,-4.9176497,-3.7403538,-2.5940506,-3.4542851,-2.8749888,-1.6417713,-1.1458969,-0.8591478,-0.65725523,-1.988252,-2.5077174,-0.26634336,sad,6,c:\Users\Kacpiro Recenzje\Desktop\Studia\XAI_2026\data\raw\Actor_21\03-01-04-02-02-01-21.wav
-362.28528,119.45948,-11.903776,11.931851,11.125814,23.364605,-11.79888,-9.460414,-2.6548624,-12.410851,-17.812048,-5.5082803,3.456484,-10.537508,-10.33662,0.46001276,-4.503212,-3.360323,-1.8856041,-2.6729007,-4.195698,-1.1424186,-0.496575,-3.871711,-2.3592575,-1.7377629,-4.090013,-0.27492338,-2.7344706,-3.5277884,-2.5802133,-1.3866521,-3.5558314,-3.3929875,-0.40716088,-2.1605082,0.2879261,-0.095238104,-4.283459,-0.4225069,sad,6,c:\Users\Kacpiro Recenzje\Desktop\Studia\XAI_2026\data\raw\Actor_21\03-01-04-02-02-02-21.wav
-382.19788,99.34139,-21.242693,9.785309,10.196752,14.630312,-17.763443,-3.4862459,0.45367625,-13.140888,-16.846422,0.08242446,0.51645094,-7.688203,-9.586097,0.8965198,-3.2975183,-5.400367,-1.537269,-5.7785177,-4.729047,-1.900485,-2.9101326,-3.9191046,-3.9519138,-3.701633,-4.41985,-1.7490125,-6.1522164,-3.2190526,-1.2102711,-3.9663887,-4.1053395,-3.232897,-1.9552268,-2.5557814,-2.0427783,-2.527427,-5.4628057,-4.2017007,angry,0,c:\Users\Kacpiro Recenzje\Desktop\Studia\XAI_2026\data\raw\Actor_21\03-01-05-01-01-01-21.wav
-367.10144,98.41617,-17.341738,9.398571,10.669472,16.727913,-16.503958,-1.7389766,1.5658978,-12.344778,-16.225018,-0.033714943,0.41084316,-7.078855,-9.415758,0.7096115,-3.159223,-6.290415,-1.8269765,-4.970977,-5.4251366,-2.033206,-2.4481494,-3.638828,-3.0906572,-2.4447129,-3.585507,-1.3341483,-5.948418,-4.209524,-2.0676248,-3.592028,-3.7497187,-3.1200464,-2.5068593,-3.1167307,-2.4265141,-2.2945216,-3.9011204,-3.0768437,angry,0,c:\Users\Kacpiro Recenzje\Desktop\Studia\XAI_2026\data\raw\Actor_21\03-01-05-01-01-02-21.wav
-358.6898,85.41029,-14.467758,11.162233,7.7413588,11.9203615,-15.811884,-3.1711977,0.4772737,-12.067334,-14.768118,-4.0246897,-0.051494516,-9.190911,-9.686174,-0.2444642,-4.4178076,-4.103092,-1.3723007,-6.8736844,-4.7214856,-1.6002091,-2.150029,-4.0332503,-6.12337,-2.0371916,-3.5289452,-2.6711903,-6.1711903,-5.261391,-3.2321289,-4.632563,-5.1009693,-4.1066446,-3.0172508,-3.5637748,-2.1039076,-1.9825681,-4.6582212,-3.8601298,angry,0,c:\Users\Kacpiro Recenzje\Desktop\Studia\XAI_2026\data\raw\Actor_21\03-01-05-01-02-01-21.wav
-394.0242,91.80111,-17.126244,11.911238,9.151107,15.333967,-16.588001,-1.500794,-0.18751363,-13.006889,-16.541529,0.021535184,0.4814686,-9.509111,-10.901761,1.1677155,-4.0778694,-5.3697395,-1.4297552,-6.635529,-4.4414444,-1.3547992,-2.6040084,-2.7882164,-4.5422096,-3.254949,-4.0426545,-1.0783778,-6.146337,-4.3480635,-1.6847094,-3.942646,-4.1052194,-3.3367326,-3.1481361,-2.833365,-1.9940437,-2.3231063,-4.834475,-4.11203,angry,0,c:\Users\Kacpiro Recenzje\Desktop\Studia\XAI_2026\data\raw\Actor_21\03-01-05-01-02-02-21.wav
-316.30682,96.60706,-25.567564,2.6804714,7.278265,12.964939,-19.782995,-10.39465,0.588803,-10.455351,-15.730311,-0.74826807,0.6347931,-8.763582,-10.043094,0.02221474,-4.290463,-6.1491017,-3.9469476,-6.922953,-2.8216484,-3.4352694,-3.7729955,-6.3142905,-7.319923,-4.761377,-6.0555162,-2.7663076,-8.108621,-6.371718,-3.6150715,-7.260181,-6.3606725,-4.423642,-2.4562788,0.6314991,2.521459,6.7846413,4.867764,2.0887487,angry,0,c:\Users\Kacpiro Recenzje\Desktop\Studia\XAI_2026\data\raw\Actor_21\03-01-05-02-01-01-21.wav
-317.83167,100.674965,-32.85624,0.89449054,5.4990582,15.15389,-19.902073,-7.1556134,-6.0722256,-10.010156,-18.38664,-1.5665379,0.44934103,-11.270043,-9.3039465,-0.58458847,-7.066573,-7.0264635,-7.0639014,-7.7895293,-4.771801,-6.608652,-5.8311753,-7.0767016,-9.511873,-4.8571906,-5.3396864,-4.116678,-7.499252,-3.2456858,1.0847342,-3.8973424,-1.8445034,2.475038,-0.08473725,1.8630471,2.0883472,5.10419,2.1246583,1.6176718,angry,0,c:\Users\Kacpiro Recenzje\Desktop\Studia\XAI_2026\data\raw\Actor_21\03-01-05-02-01-02-21.wav
-329.93677,82.88618,-21.129503,5.974357,4.4584866,11.516088,-16.729313,-5.1136804,-2.1902714,-15.330705,-15.525327,-2.1560912,-1.0987281,-9.316071,-10.4951515,-1.1651676,-3.5575716,-4.394106,-2.524798,-7.0233974,-4.4247365,-0.3222243,-3.8668048,-5.1272397,-5.555922,-3.0834908,-5.311029,-4.086636,-8.198934,-6.2496257,-2.884856,-6.352121,-5.6749153,-3.331823,-5.0801024,-4.579142,-3.5804636,-2.4777937,-1.5019037,0.85435283,angry,0,c:\Users\Kacpiro Recenzje\Desktop\Studia\XAI_2026\data\raw\Actor_21\03-01-05-02-02-01-21.wav
-335.8675,82.960175,-28.143167,4.955552,4.5362167,11.688964,-19.83774,-7.7401614,-3.5308163,-13.060514,-16.216436,-3.255838,-1.1885593,-8.9616995,-8.630359,-0.45670983,-3.195749,-5.010766,-3.515053,-8.461807,-5.387904,-3.9825785,-5.4884853,-7.0191965,-9.189816,-5.857994,-6.7249727,-4.535549,-8.275354,-6.9661093,-2.92506,-5.2787504,-3.5188656,-0.10522196,0.43738827,3.242259,3.2817304,4.204008,0.9458985,-1.6163242,angry,0,c:\Users\Kacpiro Recenzje\Desktop\Studia\XAI_2026\data\raw\Actor_21\03-01-05-02-02-02-21.wav
-382.99207,98.95666,-2.8585794,12.843563,11.694708,15.5321455,-10.255925,3.1060135,-2.1217523,-9.448335,-8.875053,0.01527145,2.0347998,-7.3936224,-7.9956555,1.7285306,0.7835098,-1.6959093,-0.08981837,-2.5827818,-2.126954,-1.6515625,-1.1311041,-1.3822783,-2.7986805,-1.7965372,-2.3900342,-3.1503189,-5.0015755,-0.9165052,-1.3917907,-2.3520987,-1.795921,-1.4128635,-0.06607528,-0.33984244,-0.31189868,-1.2605342,-1.6506705,-1.2054671,fear,3,c:\Users\Kacpiro Recenzje\Desktop\Studia\XAI_2026\data\raw\Actor_21\03-01-06-01-01-01-21.wav
-385.0668,98.82342,-4.179271,11.817706,9.743243,15.310542,-12.503185,3.5740662,-3.3902466,-8.534568,-8.922546,0.04810896,1.051195,-6.3608456,-7.731352,0.7006634,-1.3264635,-2.026047,-0.18846124,-3.821579,-2.7860003,-0.33738455,-1.4049344,-1.7880524,-4.5337124,-2.0856664,-3.2166383,-3.5566835,-4.4864106,-0.7572764,-1.689696,-2.2692559,-1.67296,-1.8949646,0.18340391,-0.3487885,-1.4610096,-1.4844025,-2.136735,-0.91991043,fear,3,c:\Users\Kacpiro Recenzje\Desktop\Studia\XAI_2026\data\raw\Actor_21\03-01-06-01-01-02-21.wav
-346.04382,94.81953,-2.30846,15.741985,6.825066,21.08238,-9.348127,6.8239374,-3.3523178,-8.067374,-6.0032897,0.7055597,1.4318818,-8.439179,-3.9167147,0.9634909,-0.9528936,1.0260237,0.69437134,-3.5986624,-4.7650228,-2.6110547,-1.4294568,-1.2039932,-4.697862,-3.2264261,-3.0226765,-1.8999127,-5.5271635,-1.517412,-0.882608,-2.194124,-2.3247223,-1.8363262,-0.8459889,-0.094549924,-0.6171344,-1.7679123,-3.0604093,-1.8156158,fear,3,c:\Users\Kacpiro Recenzje\Desktop\Studia\XAI_2026\data\raw\Actor_21\03-01-06-01-02-01-21.wav
-379.2726,92.190056,5.262689,15.9219265,8.234457,14.283611,-6.770127,6.46092,-1.0437664,-9.271106,-6.154401,-1.1969998,-1.6002015,-6.3139734,-6.759847,-0.43917412,-2.564749,-1.0705913,-1.2421666,-5.4222574,-5.2636685,-4.052279,-1.8941284,-2.8700902,-5.6306458,-3.3733275,-3.9009218,-3.0324817,-4.620035,-1.0022354,-1.7860465,-2.4574132,-2.1658187,-1.0825562,-0.48175943,-0.45821348,-1.308647,-1.7643679,-2.1340296,-1.1250466,fear,3,c:\Users\Kacpiro Recenzje\Desktop\Studia\XAI_2026\data\raw\Actor_21\03-01-06-01-02-02-21.wav
-383.18634,93.60742,-19.868837,10.215018,6.381546,16.201136,-13.647508,-3.4703455,-2.4389977,-9.082324,-11.393553,-0.95839417,2.4196765,-8.53087,-6.750637,1.1584691,-0.62601596,-1.5402547,0.19946149,-4.818283,-5.736516,-2.1459825,-1.8807408,-5.2935133,-3.7129745,-2.3267832,-5.1639194,-1.7828962,-4.298655,-2.55283,-2.1842315,-4.048605,-1.9646773,-3.006281,-2.1495352,-0.6891737,-0.9652589,-2.0926912,-3.496909,-2.9538705,fear,3,c:\Users\Kacpiro Recenzje\Desktop\Studia\XAI_2026\data\raw\Actor_21\03-01-06-02-01-01-21.wav
-379.89362,94.43033,-18.082762,10.790992,4.788156,15.658152,-11.918089,-3.72563,-3.3638856,-7.1479664,-12.366782,-2.9902093,2.495217,-8.625977,-7.8546686,-0.005198458,-1.8863395,-1.4563864,0.5896632,-5.0605164,-7.1315794,-2.5842578,-1.3614162,-5.478458,-2.9871657,-3.0781398,-6.379976,-1.6842623,-5.247078,-4.560888,-1.9010135,-4.600761,-3.6767387,-3.513154,-3.2488432,-1.6488167,-1.3548214,-3.3279457,-5.9183507,-3.182786,fear,3,c:\Users\Kacpiro Recenzje\Desktop\Studia\XAI_2026\data\raw\Actor_21\03-01-06-02-01-02-21.wav
-396.30383,92.54181,-10.001652,9.745787,7.388084,15.788122,-10.567518,-1.2126515,-3.4005063,-10.17638,-11.5555,-3.293026,-0.10797552,-9.012738,-7.2538757,-0.33497864,-2.5980544,-2.1855478,-0.6837758,-4.488467,-6.647492,-3.1687505,-1.4273179,-4.877656,-4.258354,-3.6171749,-4.7391715,-2.1844935,-5.476845,-3.3093877,-3.0083892,-3.660868,-3.4340289,-2.999062,-1.2808118,-1.540468,-1.9962286,-3.6419175,-3.5139117,-2.2007532,fear,3,c:\Users\Kacpiro Recenzje\Desktop\Studia\XAI_2026\data\raw\Actor_21\03-01-06-02-02-01-21.wav
-363.79272,81.32478,-4.9746103,10.456185,6.076535,16.464155,-9.930989,-0.20612027,-1.9692298,-6.6727314,-9.414058,-2.4347806,-1.9883808,-9.041532,-6.3662066,-0.7145666,-2.627478,-2.54089,-0.8391065,-3.9232395,-6.2980447,-2.8430634,-2.1507227,-3.7020013,-3.6635864,-4.27239,-3.9309354,-1.7232445,-5.2878933,-2.4143186,-2.672682,-3.9703794,-4.1204734,-2.9892895,-2.1144235,-1.5892645,-1.8483785,-3.2193124,-2.686914,-2.1088152,fear,3,c:\Users\Kacpiro Recenzje\Desktop\Studia\XAI_2026\data\raw\Actor_21\03-01-06-02-02-02-21.wav
-377.50372,97.98781,-3.9980607,14.676246,10.515165,15.763107,-12.231433,2.2835572,1.8941308,-9.380701,-8.348681,0.749333,1.3366275,-3.1617224,-8.662232,-1.7609881,-3.131658,-2.9175475,-1.0696012,-4.795671,-2.8868656,-1.4635144,-2.1851647,-1.7506126,-4.302056,-1.883844,-1.4864907,-3.654542,-4.165561,-1.2226412,-2.1176465,-2.191891,-2.1977673,-1.8488032,-0.17835665,-0.5376015,-1.9566157,-0.7379843,-2.0271397,-1.8695809,disgust,2,c:\Users\Kacpiro Recenzje\Desktop\Studia\XAI_2026\data\raw\Actor_21\03-01-07-01-01-01-21.wav
-399.63232,104.85964,-8.195231,12.3745775,11.380567,19.35268,-16.457308,3.0002687,0.91125166,-8.18909,-9.273249,0.44445825,0.3488763,-0.64158523,-9.056282,0.36573002,-0.69269603,-4.0196066,-0.6988412,-5.762515,-3.3908656,-0.98533297,-2.8750923,-1.3327596,-3.506343,0.023203207,-2.5905788,-4.348911,-3.9198024,-1.2808182,-2.9534276,-3.1369836,-2.3465464,-1.5130343,-0.87792903,-1.169433,-2.1770375,-0.6170205,-2.6173759,-1.0455682,disgust,2,c:\Users\Kacpiro Recenzje\Desktop\Studia\XAI_2026\data\raw\Actor_21\03-01-07-01-01-02-21.wav
-403.0966,91.672134,-5.6444836,13.407214,8.543525,18.879873,-12.438267,-0.63733447,-1.3651811,-7.629232,-7.4280667,1.6185029,-1.1464419,-4.605391,-8.212922,-1.0167246,-2.1671243,-2.5784042,-0.18499935,-4.0008473,-1.1695384,-0.72785616,-3.026105,-1.3551936,-2.5097773,-1.2106277,-2.2898226,-3.113615,-3.3638499,-1.8267576,-4.1250196,-1.5917857,-0.6826639,-1.3057383,-0.63842773,-0.54647154,-1.803277,-0.18870956,-1.7440138,-2.7860553,disgust,2,c:\Users\Kacpiro Recenzje\Desktop\Studia\XAI_2026\data\raw\Actor_21\03-01-07-01-02-01-21.wav
-406.9765,84.52611,-9.707151,12.764979,9.814014,15.8102045,-12.909736,-1.919031,1.6725863,-8.675267,-8.303715,0.9193087,-0.4660704,-3.1899223,-6.519156,-0.7660422,-3.3767734,-3.365033,-0.43220532,-4.5811906,-0.7820017,-0.89378923,-2.5630393,-1.8738714,-3.364103,-0.026142716,-0.7739282,-2.4335465,-3.5751421,-1.2523094,-2.7918305,-1.5192066,-1.8728733,-1.7996594,-0.39340517,-0.4173076,-1.79344,-1.6238856,-2.290365,-2.4643826,disgust,2,c:\Users\Kacpiro Recenzje\Desktop\Studia\XAI_2026\data\raw\Actor_21\03-01-07-01-02-02-21.wav
-400.96945,111.23602,-7.7995586,11.271414,8.62044,24.345337,-14.533373,3.8497686,1.1816359,-9.696902,-5.5876703,4.8958716,1.7356617,1.587854,-7.061933,3.5236392,1.2244996,-0.28519857,1.6705692,-5.3691545,-1.9475098,-0.026548779,-1.3653874,-0.23794447,-3.9036663,-0.7538379,-2.1373866,-3.0524998,-4.75852,-0.6144181,-2.6780784,-2.2198493,-1.9525404,-1.1161233,0.82654476,-0.7276776,-1.860761,-0.4385414,-1.7965337,-0.70913154,disgust,2,c:\Users\Kacpiro Recenzje\Desktop\Studia\XAI_2026\data\raw\Actor_21\03-01-07-02-01-01-21.wav
-397.43222,107.51058,-6.792865,12.791067,9.851715,19.52478,-14.569839,6.1380377,4.8102665,-10.059463,-7.4073634,2.173631,1.5472338,0.38182512,-5.8626328,3.041408,-0.31001833,-1.1414675,1.330006,-4.4010687,-2.2895894,-0.75498295,0.15325679,-0.38533014,-2.7409961,-0.65855926,-0.55778736,-3.3677838,-4.9107146,0.45085198,-2.0007343,-2.712437,-2.472196,-1.91708,1.1153034,-0.780014,-0.54411554,-0.594218,-2.3491316,-0.5852738,disgust,2,c:\Users\Kacpiro Recenzje\Desktop\Studia\XAI_2026\data\raw\Actor_21\03-01-07-02-01-02-21.wav
-374.57596,103.72848,-11.480089,18.562258,8.67534,20.803888,-14.405005,3.1120622,0.8367424,-7.4076543,-8.428868,4.7593966,0.66208446,-1.3056428,-5.7749715,2.6136534,-0.72825253,-0.7435448,0.5217232,-5.838484,-3.6357787,0.035356075,-3.2911065,-0.7531286,-5.3666368,0.48128256,-2.1063662,-4.190721,-4.813723,-0.8890605,-3.472067,-2.6173272,-1.3130487,-0.7232482,-1.3748233,-0.06642365,-2.1468823,-0.4300567,-1.6514293,-1.5394253,disgust,2,c:\Users\Kacpiro Recenzje\Desktop\Studia\XAI_2026\data\raw\Actor_21\03-01-07-02-02-01-21.wav
-374.7861,108.11401,-5.2585006,20.73513,8.9481125,23.615318,-11.769893,4.065001,1.1655236,-7.14196,-7.0430894,3.1747518,3.7761195,0.4748496,-3.966859,3.2897005,2.7568638,0.5784527,0.05282214,-4.0712533,-1.6953884,0.8440475,-2.0597072,0.3288991,-3.5605628,-0.7505745,-1.6122979,-3.788863,-4.78532,-0.5010071,-2.9061584,-2.6137853,-0.998537,-1.3494034,0.13400637,-0.10095978,-2.1699183,-0.2391122,-1.4097238,-0.6961775,disgust,2,c:\Users\Kacpiro Recenzje\Desktop\Studia\XAI_2026\data\raw\Actor_21\03-01-07-02-02-02-21.wav
-388.961,83.819824,-1.1636106,10.592327,2.9865198,13.222786,-12.440217,-1.8051221,-2.5381746,-8.918485,-9.587226,-1.7700292,-2.5835052,-8.753993,-5.217436,-0.9593826,-4.136256,-3.4413228,-0.62647855,-4.7727466,-3.1392193,-2.273309,0.030829625,-1.8390763,-3.4281664,-1.533067,-3.2777982,-2.7428412,-4.3051662,-1.5346911,-1.223549,-4.68636,-1.8981512,-1.1170975,-2.0075788,-0.2347555,-1.5850875,-1.5984331,-1.7349637,-1.2699385,surprise,7,c:\Users\Kacpiro Recenzje\Desktop\Studia\XAI_2026\data\raw\Actor_21\03-01-08-01-01-01-21.wav
-402.35495,79.13195,-1.54366,11.864281,2.082662,12.649062,-10.56858,0.6889533,-0.8426031,-7.269129,-8.811775,-2.2764082,-2.8811467,-7.1589193,-5.930352,-1.326568,-5.297549,-3.32222,-1.2650807,-4.573635,-3.1253572,-2.3470933,-1.4083306,-3.03372,-4.867047,-2.7441897,-3.6355565,-2.5591848,-4.0296607,-2.2900417,-1.5046989,-3.606575,-0.9255514,-0.4442933,-1.0500549,0.66104525,-0.38254455,-0.46816128,-0.69804996,0.21546239,surprise,7,c:\Users\Kacpiro Recenzje\Desktop\Studia\XAI_2026\data\raw\Actor_21\03-01-08-01-01-02-21.wav
-382.44247,73.12803,-5.9292502,9.549732,2.5581949,10.998762,-10.600193,-0.17400625,-4.289698,-8.7799425,-8.509027,-1.8665665,-3.6667364,-9.697013,-6.604566,-2.2345648,-3.7530553,-1.8195803,-1.8991481,-4.848017,-4.438817,-3.0925477,-1.5060031,-3.180192,-4.422596,-1.4548193,-1.9064806,-0.19458653,-4.84554,-2.158416,-0.82832783,-3.8706596,-1.1991367,-0.3495447,-1.8779068,0.15268183,0.7328234,-0.17484084,-0.9086744,-1.1705434,surprise,7,c:\Users\Kacpiro Recenzje\Desktop\Studia\XAI_2026\data\raw\Actor_21\03-01-08-01-02-01-21.wav
-380.98874,77.787224,0.5383738,13.255252,2.1922007,11.146076,-9.725768,-1.419372,-0.76096326,-9.4099865,-7.137652,-1.2739179,-4.3002696,-8.163062,-6.666537,-3.1873033,-4.535418,-3.382083,-1.8309774,-4.038958,-2.5593235,-2.279378,-2.3683553,-4.1213026,-5.203101,-1.5729916,-2.1637633,-1.4731569,-5.7379446,-3.7319458,-1.2638472,-3.7468362,-1.7807832,-1.4324863,-1.9254962,-0.2494881,-2.6362286,-2.6188464,-2.4366667,-1.6399002,surprise,7,c:\Users\Kacpiro Recenzje\Desktop\Studia\XAI_2026\data\raw\Actor_21\03-01-08-01-02-02-21.wav
-366.54865,78.61579,-9.755224,12.790738,2.895218,11.653004,-12.216336,-3.8557658,-3.4487853,-8.637283,-13.609998,-0.9313108,-2.6404548,-11.02475,-6.865564,0.18354543,-5.331519,-2.7075663,-2.5462892,-5.1772466,-4.7303348,-3.29984,-0.06200674,-3.8146162,-3.7973926,-0.95110697,-3.8887334,-2.5636687,-4.427902,-2.077547,-0.7745391,-3.2614686,-0.18244025,1.055594,-0.6019523,2.1754963,1.7516459,0.9707185,1.323542,0.91205657,surprise,7,c:\Users\Kacpiro Recenzje\Desktop\Studia\XAI_2026\data\raw\Actor_21\03-01-08-02-01-01-21.wav
-378.41467,86.38241,-12.455988,11.793066,3.986775,10.427212,-14.571291,-4.4955535,-4.0394998,-7.586521,-14.190705,-2.9782157,-2.8452795,-10.6758995,-6.768753,0.13244218,-6.5980067,-2.5161536,-2.6137755,-7.174121,-5.6489716,-4.1518154,-2.383503,-3.9365828,-4.437366,-0.3965003,-4.025588,-1.502775,-2.8927453,-0.93466043,1.3635343,-2.0514114,0.10991544,1.5490718,-0.7252374,0.25866598,0.8865007,-0.5180399,-0.7922097,1.0985891,surprise,7,c:\Users\Kacpiro Recenzje\Desktop\Studia\XAI_2026\data\raw\Actor_21\03-01-08-02-01-02-21.wav
-408.93054,73.599144,-9.558562,12.270705,1.6287444,12.781825,-10.524506,-2.0213864,-3.494986,-11.545419,-11.424493,1.5590637,-1.1571974,-9.523484,-6.538195,-0.83266705,-3.7575247,-2.2857552,-2.3192585,-4.226675,-4.737443,-3.4653416,0.33997184,-1.7401522,-4.7795444,-1.53979,-2.5322034,-0.34064695,-4.122413,-2.00294,-1.3769314,-4.4549456,-1.027038,0.76102513,-0.7469715,1.8583543,1.039627,0.7089115,0.62297904,-0.33706012,surprise,7,c:\Users\Kacpiro Recenzje\Desktop\Studia\XAI_2026\data\raw\Actor_21\03-01-08-02-02-01-21.wav
-369.15442,72.28693,-10.999793,16.88365,0.8032156,11.814036,-10.316254,-2.6562536,-3.9007483,-10.370121,-11.025179,-0.46908727,-2.508003,-10.717763,-5.3414946,-1.3090928,-6.0595264,-1.4305046,-1.0343912,-5.0252895,-4.855457,-3.4866781,-0.39152187,-3.8521647,-5.135807,-0.5617827,-3.720188,-2.3288002,-3.600675,-2.6137893,-0.28431082,-2.50852,1.1904005,1.9699893,-0.34281018,2.2069097,0.40527046,-1.418295,-0.89718926,-0.17562279,surprise,7,c:\Users\Kacpiro Recenzje\Desktop\Studia\XAI_2026\data\raw\Actor_21\03-01-08-02-02-02-21.wav
-354.7591,89.762505,1.2947427,14.926038,-7.260034,15.666154,-11.263885,1.6657895,-5.961989,-8.411855,-7.7590733,-7.1125116,1.3242279,-8.145334,-3.7454495,1.5902988,-5.870633,3.8197563,-9.365655,-4.9569497,-1.9867843,-2.9438918,-5.1849923,-2.8876026,-7.561843,-4.245673,-5.996267,-3.743335,-3.4108686,-4.9556675,-3.8662746,-4.323263,-5.1210523,-2.8045075,-2.5969894,0.74915254,0.5956287,0.9381443,0.0065775122,-0.48681727,neutral,5,c:\Users\Kacpiro Recenzje\Desktop\Studia\XAI_2026\data\raw\Actor_22\03-01-01-01-01-01-22.wav
-380.3402,69.97585,-2.2598946,11.909822,-5.551774,14.670931,-9.915984,-3.7452796,-6.8744,-9.178328,-5.8490753,-5.16281,1.4204826,-8.0926,-4.183043,-1.5229906,-4.4127493,3.085369,-7.2197847,-4.220087,-1.7211319,-4.135005,-4.1128035,-2.576675,-6.843061,-2.529157,-5.13104,-4.448521,-4.6172853,-4.3636436,-3.6469111,-3.077726,-1.401657,0.06713272,-0.06421721,1.4720743,0.8407253,0.009472353,-0.78757465,-0.07497736,neutral,5,c:\Users\Kacpiro Recenzje\Desktop\Studia\XAI_2026\data\raw\Actor_22\03-01-01-01-01-02-22.wav
-384.0088,84.06462,2.339968,13.453503,-8.929902,15.653469,-9.623977,-0.6645289,-11.0454,-10.4822035,-6.6383653,-3.5432305,1.5674468,-9.721948,-6.780218,-0.630577,-4.506289,3.440235,-8.638211,-4.0285816,-1.3606476,-4.5312457,-5.660517,-3.8728833,-6.490862,-3.0598633,-5.9340672,-4.7554812,-3.4522943,-3.6249363,-3.5165453,-2.8342226,-2.0951746,0.9729398,-1.0192715,1.8334571,0.70906574,1.7860264,0.14030781,-0.070324406,neutral,5,c:\Users\Kacpiro Recenzje\Desktop\Studia\XAI_2026\data\raw\Actor_22\03-01-01-01-02-01-22.wav
-382.08044,75.59544,1.0043226,14.644175,-6.6193953,16.262753,-8.598137,3.1805878,-9.800276,-11.621487,-7.4634266,-3.0960376,1.3007226,-7.787021,-6.49473,0.4795061,-6.511102,2.7103112,-7.825088,-3.560731,-1.0782592,-2.7328544,-4.8148155,-2.8045988,-4.803462,-3.4856098,-6.370065,-3.3788018,-4.5282545,-3.7063074,-4.2249746,-3.423619,-3.35007,-1.5253127,-0.7982821,1.2526184,0.42340347,1.8007715,0.08271876,0.1660127,neutral,5,c:\Users\Kacpiro Recenzje\Desktop\Studia\XAI_2026\data\raw\Actor_22\03-01-01-01-02-02-22.wav
-343.93018,74.008896,0.6802113,20.576885,-5.3967304,15.84866,-8.12366,0.38498574,-7.4089174,-5.6334863,-3.6983817,-4.9499874,1.5759039,-9.072974,-4.2904363,0.70148057,-6.119458,4.515594,-6.58287,-4.288594,0.08947454,-2.5650566,-5.8833356,-2.387049,-6.2700324,-2.4951549,-4.628487,-4.240715,-2.0201643,-3.6854157,-3.6784132,-1.3594502,-2.3151867,0.54173136,0.14483102,0.40414083,1.2001808,-0.29835045,-1.6954923,-1.9904015,calm,1,c:\Users\Kacpiro Recenzje\Desktop\Studia\XAI_2026\data\raw\Actor_22\03-01-02-01-01-01-22.wav
-355.88376,77.82857,-0.5982034,13.754333,-0.7281793,13.910458,-7.294097,0.8544098,-7.304131,-7.291297,-5.4714265,-3.9436774,3.0133662,-7.93185,-3.3918135,0.22327645,-3.9166641,2.7528539,-5.1099267,-6.4893064,-1.5588497,-3.9904535,-5.050082,-2.8261518,-5.937099,-1.8167077,-4.1984353,-3.573763,0.11529909,-0.37308952,-0.5445021,0.5593844,0.31997874,-0.6468783,-0.8795623,-0.37134817,-0.7411236,-0.7518162,-2.1347315,-0.93599015,calm,1,c:\Users\Kacpiro Recenzje\Desktop\Studia\XAI_2026\data\raw\Actor_22\03-01-02-01-01-02-22.wav
-364.7049,75.539375,2.3433695,13.284666,-7.2380123,13.839126,-9.474799,-0.6084729,-10.998811,-6.874308,-4.737946,-2.3232846,0.5315097,-8.68878,-6.5107064,1.4866747,-4.9309125,2.686059,-9.023034,-4.796676,-2.5402162,-1.9545583,-6.226881,-3.7727847,-7.122181,-4.121091,-5.44205,-4.2058573,-2.393468,-2.901737,-2.6975234,-0.3827453,-2.037683,0.08739953,-0.80063546,1.5173489,-0.44304705,0.04075785,-0.81728065,-0.5809285,calm,1,c:\Users\Kacpiro Recenzje\Desktop\Studia\XAI_2026\data\raw\Actor_22\03-01-02-01-02-01-22.wav
-393.32898,76.62233,-1.849241,13.241125,-5.2115927,14.789797,-5.6126685,2.1825306,-10.646838,-10.303741,-5.509234,-0.54457426,2.1482887,-9.99958,-5.097696,0.8161121,-2.5575464,3.9536636,-7.302835,-4.7768908,-3.2514505,-1.2205544,-4.1441226,-3.4470003,-6.161781,-2.32638,-4.4861803,-3.9954782,-1.6588376,-2.8689036,-3.1266458,-1.4475,-1.4477838,0.6661791,-1.592605,-0.2767819,-0.1472353,-0.88718766,-2.5205793,-1.465551,calm,1,c:\Users\Kacpiro Recenzje\Desktop\Studia\XAI_2026\data\raw\Actor_22\03-01-02-01-02-02-22.wav
-324.1122,81.70574,-4.3900366,15.716792,-4.343794,16.083302,-10.128019,1.7816015,-6.7538557,-4.556929,-3.8654673,-3.6706846,1.4121794,-8.606643,-6.871222,0.23521802,-5.481478,5.647203,-8.4288025,-6.1002645,-2.3837254,-3.0512023,-5.741254,-2.242647,-7.9430814,-1.7807838,-4.4245367,-4.5028806,-3.266612,-3.9989166,-5.14599,-2.8030856,-4.1223702,-1.084305,-1.6983389,2.2911704,1.8193192,0.9027162,-0.29995596,-2.2234025,calm,1,c:\Users\Kacpiro Recenzje\Desktop\Studia\XAI_2026\data\raw\Actor_22\03-01-02-02-01-01-22.wav
-346.91986,82.098015,-1.7195162,18.605797,-6.421842,13.479171,-11.329074,0.05913971,-8.035873,-3.6399632,-3.5727057,-2.8983967,0.24792898,-10.324291,-3.1223423,1.4612979,-7.70399,4.843156,-6.0783377,-5.1149087,-4.0786743,-1.7141433,-7.558882,-2.5831358,-5.993819,-1.0529743,-4.921544,-4.3311744,-2.465516,-5.6571608,-4.5055947,-1.141144,-4.3519745,0.6021776,0.006935498,1.7499398,1.008869,-0.16003786,-3.0568793,-2.1912866,calm,1,c:\Users\Kacpiro Recenzje\Desktop\Studia\XAI_2026\data\raw\Actor_22\03-01-02-02-01-02-22.wav
-311.84927,98.31335,-10.38803,11.158378,-9.453507,11.620378,-6.5207486,2.6565416,-9.90415,-10.91336,-7.074273,-1.6293494,1.4751323,-8.762818,-8.000302,0.4025609,-5.233573,3.614398,-8.438155,-4.892276,-2.404467,-3.2928658,-5.851587,-2.6173902,-7.737964,-1.7931426,-3.7750583,-3.916723,-2.0730333,-4.015496,-4.2087836,-2.9791296,-3.1921282,-0.3815319,-2.3121853,2.2620862,1.5981,2.0817554,3.025314,0.43411818,calm,1,c:\Users\Kacpiro Recenzje\Desktop\Studia\XAI_2026\data\raw\Actor_22\03-01-02-02-02-01-22.wav
-299.50122,94.824936,-6.793042,17.477203,-7.4338994,13.300382,-9.958478,2.2671924,-10.618904,-11.643488,-6.745654,-3.1740472,0.7387524,-9.166255,-8.289997,2.0036054,-7.329524,3.4869142,-9.24645,-4.8232217,-1.8193588,-3.1133208,-6.350128,-1.4041903,-6.8656163,-2.8029594,-6.104713,-3.1467402,-3.6952913,-4.047667,-4.017,-3.5913029,-4.179627,-1.6667804,-2.6303477,-0.7426446,-0.0747685,0.5800199,-0.6329278,0.43327776,calm,1,c:\Users\Kacpiro Recenzje\Desktop\Studia\XAI_2026\data\raw\Actor_22\03-01-02-02-02-02-22.wav
-353.07697,88.86797,-3.7398553,6.5687146,-5.1313033,14.3498955,-9.720798,-2.902659,-10.862899,-9.640977,-7.014497,-3.9712334,-1.7165744,-10.610498,-5.8737345,-1.4737167,-8.8880825,1.2324337,-7.6233187,-6.907209,-3.4591553,-2.7960653,-6.8965406,-4.263125,-5.9791427,-3.801518,-6.2589135,-4.222941,-0.6341015,-3.8910253,-3.0646899,-0.8168809,-2.8662753,-0.048117887,-2.3871331,-0.81066203,1.1658462,1.0446523,1.1909984,1.7797879,happy,4,c:\Users\Kacpiro Recenzje\Desktop\Studia\XAI_2026\data\raw\Actor_22\03-01-03-01-01-01-22.wav
-381.886,77.43078,-11.419557,0.62597567,-5.389637,12.557622,-11.405781,-5.240063,-9.658077,-10.67183,-6.9942155,-1.5883062,-3.3241398,-8.357066,-6.110202,-0.24737392,-6.5520434,2.5496783,-6.5664034,-7.517573,-3.7706416,-4.005255,-3.8074558,-4.4103694,-6.2284446,-2.5672927,-4.0938296,-1.362677,1.5531292,2.391026,-0.5450777,2.8353384,-1.8872055,-1.6855919,-2.2048743,0.16790032,2.416523,2.2603357,1.4540461,-0.72330916,happy,4,c:\Users\Kacpiro Recenzje\Desktop\Studia\XAI_2026\data\raw\Actor_22\03-01-03-01-01-02-22.wav
-375.98758,74.49588,-4.196622,9.202474,-8.230148,11.521067,-11.52209,-3.9831781,-11.05384,-9.783652,-8.499356,-1.3695934,-2.2538288,-9.25534,-6.2587605,-1.1001214,-8.538005,1.9615169,-7.1906075,-7.702695,-3.0504804,-3.6090436,-5.621204,-4.6249647,-5.3511753,-4.0829043,-4.757287,-5.581874,-3.4795942,-3.2442505,-3.8233829,-1.8089836,-2.3221705,3.7982044,1.436765,4.7994776,6.3888607,5.060197,2.800516,-0.008495223,happy,4,c:\Users\Kacpiro Recenzje\Desktop\Studia\XAI_2026\data\raw\Actor_22\03-01-03-01-02-01-22.wav
-398.12305,75.36512,-0.52821296,8.83555,-9.540375,14.448087,-8.175342,-2.0134106,-9.816465,-8.678028,-5.9923177,-1.97659,-0.13160968,-10.404485,-3.7086458,0.7405692,-6.8912387,1.7093732,-6.8200097,-4.95891,-2.6609864,-1.5765028,-4.928644,-2.9303281,-5.1436067,-3.229062,-4.8238783,-5.0314803,-2.3694303,-3.0295947,-4.2886925,-2.2004886,-3.153974,-0.61420155,-1.6118555,1.6374844,-0.5846932,-1.4118348,-2.4005828,-3.126542,happy,4,c:\Users\Kacpiro Recenzje\Desktop\Studia\XAI_2026\data\raw\Actor_22\03-01-03-01-02-02-22.wav
-361.7273,65.75627,-20.276611,-5.522325,-11.309558,1.8155984,-14.807569,-12.019597,-10.9033375,-12.034183,-13.95703,-3.4977546,-3.8627055,-10.100863,-10.007662,-5.9321384,-11.947495,-1.3632663,-8.309157,-8.934245,0.3259483,0.8253161,-0.18504095,0.70721567,-0.15288073,1.3907654,-2.9057035,-2.0985289,0.5836094,1.9671917,0.8406638,2.539049,0.8235429,-0.17905605,-2.1379144,-0.33713135,1.9912643,0.47971132,0.3385766,-0.012162662,happy,4,c:\Users\Kacpiro Recenzje\Desktop\Studia\XAI_2026\data\raw\Actor_22\03-01-03-02-01-01-22.wav
-315.77542,69.532036,-15.267695,-0.7137428,-10.349974,8.430732,-14.375962,-11.158927,-14.173506,-11.274195,-13.5378275,-3.25982,-4.4310017,-10.860933,-12.595006,-1.5803187,-10.870202,-2.749715,-10.887061,-11.350949,-5.642598,-3.5744326,-3.7239423,-0.07795337,-1.2832346,3.3767993,-1.2569461,-0.28364292,0.81774265,1.7617906,1.0229454,5.135488,2.0645995,1.7144959,-2.7143128,-0.8841076,0.66408443,-0.31461936,-0.30730045,0.6222663,happy,4,c:\Users\Kacpiro Recenzje\Desktop\Studia\XAI_2026\data\raw\Actor_22\03-01-03-02-01-02-22.wav
-337.0409,52.705612,-8.5187025,4.5313735,-14.966039,7.934428,-13.484114,-7.7711105,-13.862061,-11.981163,-16.038269,0.064050876,-8.523254,-11.9443035,-11.428652,-1.5504465,-11.398334,-2.4197855,-10.381619,-9.184905,-3.5913472,-2.8763065,-2.2074704,2.8254447,0.973301,5.25435,-0.12018033,1.4365225,1.0705824,4.220322,-0.015052687,1.8261238,-0.5193543,0.4971176,-3.907707,-0.7165604,2.3831944,0.3595743,-2.4634624,-1.8592176,happy,4,c:\Users\Kacpiro Recenzje\Desktop\Studia\XAI_2026\data\raw\Actor_22\03-01-03-02-02-01-22.wav
-315.65863,70.642105,-15.95196,-2.046705,-15.359088,10.570501,-17.060678,-10.304946,-13.542225,-14.324571,-13.893174,0.008799126,-6.36276,-12.154823,-12.671849,-1.1104324,-11.656878,-3.0454082,-12.500606,-8.855349,-5.08194,-5.119615,-2.7670858,1.9852263,-0.8696687,3.3154318,-3.5012593,-0.66504467,0.50141454,2.8563583,0.36603412,4.7152786,3.5710795,0.9436591,-1.5525541,1.8060465,1.1703935,1.6493446,-1.1093545,-1.1533232,happy,4,c:\Users\Kacpiro Recenzje\Desktop\Studia\XAI_2026\data\raw\Actor_22\03-01-03-02-02-02-22.wav
-353.75833,85.369,-2.7335167,8.952119,-3.601168,16.104939,-13.261188,-2.5240993,-9.4015875,-11.694317,-7.4207044,-3.6480098,0.21928157,-10.026848,-2.1763747,-0.82477295,-6.002862,3.2225554,-6.8758507,-2.4316704,-3.1195848,-3.3168507,-4.014276,-3.3689613,-5.925965,-2.5507796,-5.3807077,-4.1211514,-2.604345,-4.7731752,-3.0774083,-1.4279668,-1.3029907,-0.35241568,-0.26546288,0.59796023,0.4618805,0.2964168,-1.6261657,0.075549185,sad,6,c:\Users\Kacpiro Recenzje\Desktop\Studia\XAI_2026\data\raw\Actor_22\03-01-04-01-01-01-22.wav
-344.89584,83.364456,-5.146498,5.3516703,-6.507416,13.206187,-12.774435,-5.1770806,-10.715027,-11.909571,-7.7790127,-3.606515,1.9096807,-9.565101,-3.896841,-0.5339958,-6.3425484,1.510252,-8.160199,-4.307337,-5.2456717,-3.9865897,-5.085842,-5.453674,-6.755444,-4.135159,-5.3167515,-5.551833,-2.1490376,-4.0833697,-3.4308913,-0.8001093,-2.6586535,0.22266816,-0.73177624,0.54959863,0.73087025,0.4137651,0.22636013,0.09629876,sad,6,c:\Users\Kacpiro Recenzje\Desktop\Studia\XAI_2026\data\raw\Actor_22\03-01-04-01-01-02-22.wav
-337.16,80.301476,-6.841283,7.281411,-10.809409,12.326946,-10.785178,-1.7113547,-13.900276,-16.574253,-7.59097,-1.913764,2.1220577,-10.08374,-8.082672,1.2469946,-8.050771,-0.34003004,-10.743336,-4.848184,-3.6861382,-4.6296577,-5.8148737,-3.9864624,-6.2696733,-1.7546405,-6.4421835,-5.397294,-4.3822045,-6.4168043,-4.874848,-2.5714161,-1.2099782,1.3205677,1.7001301,4.0746613,1.3949654,1.0469321,-1.43913,-1.4880838,sad,6,c:\Users\Kacpiro Recenzje\Desktop\Studia\XAI_2026\data\raw\Actor_22\03-01-04-01-02-01-22.wav
-345.85834,81.56915,-4.0475364,6.6427426,-12.202931,11.593007,-10.21016,-1.2662054,-13.241385,-16.409891,-7.867246,-1.3339571,-0.057520386,-11.638216,-7.492527,2.5877922,-8.090766,1.5553963,-10.111041,-4.1825523,-3.7354252,-2.3277507,-6.764156,-4.4717174,-7.495702,-1.7367895,-6.119055,-5.225592,-4.7273607,-6.0617423,-4.3525596,-4.480721,-3.6228344,1.8001895,-0.59450924,2.3804967,2.5676541,1.8057755,-0.86448526,1.4354143,sad,6,c:\Users\Kacpiro Recenzje\Desktop\Studia\XAI_2026\data\raw\Actor_22\03-01-04-01-02-02-22.wav
-336.4186,85.392494,-7.6945972,6.5943065,-5.788693,12.403635,-11.326494,-4.924185,-9.050357,-10.509409,-10.562551,-4.015128,-0.09326426,-10.443108,-5.529575,-0.87070847,-6.788762,2.2824924,-4.9057097,-7.628243,-5.961603,-2.4186313,-5.979895,-4.1640215,-5.535169,-4.076544,-4.5257387,-6.4590874,-2.4841375,-4.170661,-3.9513047,-1.5891058,-3.1678362,-1.0307447,0.66844034,2.122494,3.4137516,2.7462869,2.8968482,3.0420506,sad,6,c:\Users\Kacpiro Recenzje\Desktop\Studia\XAI_2026\data\raw\Actor_22\03-01-04-02-01-01-22.wav
-357.33237,78.35733,-13.081106,7.9292016,-2.938166,11.303023,-13.980598,-8.023226,-11.936659,-11.933727,-10.134798,-5.5001574,-3.1058578,-9.932003,-4.8487515,0.03498886,-8.781114,2.0579255,-3.6133168,-7.651674,-4.2494936,-3.409592,-5.0671983,-4.0635915,-5.936253,-4.0733194,-4.178884,-6.570361,-2.617628,-5.2776546,-2.7971601,-0.06010567,-1.7769473,1.9243792,3.5928075,4.533042,4.4397917,2.8118298,3.5504968,4.8689957,sad,6,c:\Users\Kacpiro Recenzje\Desktop\Studia\XAI_2026\data\raw\Actor_22\03-01-04-02-01-02-22.wav
-363.3976,78.75988,-5.6484356,12.747999,-9.871039,13.426169,-8.358494,-4.3872733,-12.805044,-14.26421,-12.543791,-4.875768,-2.2788134,-11.969843,-8.47351,-0.5719125,-9.719413,0.7953647,-6.507173,-7.1198263,-5.108491,-1.6503526,-6.916018,-3.9312215,-7.7643704,-5.1414165,-4.680993,-6.1596856,-3.3146973,-6.4273787,-5.579973,-4.1502333,-6.158579,-0.10540317,-1.3785683,2.435116,5.746581,7.654418,6.7031198,7.758547,sad,6,c:\Users\Kacpiro Recenzje\Desktop\Studia\XAI_2026\data\raw\Actor_22\03-01-04-02-02-01-22.wav
-313.7054,79.81729,-9.198846,15.384563,-3.7430844,14.58953,-11.841993,-5.00051,-10.820994,-10.363171,-12.711787,-7.4202404,-2.5376647,-13.0649395,-6.503055,-1.7581675,-9.961484,-0.5840151,-5.306575,-9.22982,-5.750724,-0.5942852,-7.6353407,-4.822612,-6.7871,-5.72738,-4.4227834,-7.7090206,-3.2337325,-6.4232144,-3.5882556,-1.2671899,-6.2541156,-2.3996227,-4.2103844,-2.0450604,1.4861635,3.671926,5.2760344,7.682253,sad,6,c:\Users\Kacpiro Recenzje\Desktop\Studia\XAI_2026\data\raw\Actor_22\03-01-04-02-02-02-22.wav
-358.3565,70.08571,-0.9199167,8.8647995,-3.965758,7.3788753,-12.822458,-3.4898362,-9.28908,-7.9713855,-8.543489,-4.556792,1.9788373,-10.444212,-5.9677343,0.81129754,-7.4410996,-0.35892805,-5.037329,-6.0292335,-3.1107705,-2.4273012,-4.418966,-4.6596394,-4.912074,-4.0137568,-5.602098,-3.9618237,-3.4519124,-1.5004574,-1.8933891,-1.1635472,-0.007190461,-0.65026295,-1.6116236,-1.1631275,-1.5548329,-0.19550978,-1.0114354,0.14150871,angry,0,c:\Users\Kacpiro Recenzje\Desktop\Studia\XAI_2026\data\raw\Actor_22\03-01-05-01-01-01-22.wav
-381.62396,78.61002,-0.44577482,11.260154,-5.3691587,8.285152,-13.192263,-3.9011118,-6.48061,-7.0139446,-8.68395,-4.789769,2.1538658,-9.845033,-4.26453,-0.74047995,-8.75857,0.7066051,-4.1540275,-5.4599824,-3.843908,-1.6865698,-5.734171,-3.5916936,-4.9928,-3.1819046,-4.4372115,-4.2237725,-1.9927891,-1.4492639,-1.4654015,-0.060893174,-1.0451223,-1.6976486,-1.5497895,-0.8423406,0.05773666,1.1195884,0.67390084,0.61239797,angry,0,c:\Users\Kacpiro Recenzje\Desktop\Studia\XAI_2026\data\raw\Actor_22\03-01-05-01-01-02-22.wav
-358.6399,80.41581,-9.026572,9.322399,-9.465474,8.337539,-14.240209,-3.5020425,-10.330781,-9.32608,-10.379216,-4.0587826,2.6088612,-11.969366,-5.327411,-0.066131674,-9.8519335,-1.2033018,-6.722762,-7.137177,-4.336096,-2.8158555,-5.199315,-4.85019,-5.0179496,-2.086994,-4.103418,-1.7538487,-0.30172458,0.3869958,-0.86426044,-0.108364455,-1.2629975,0.45867682,-0.39727524,1.3055277,2.5970433,1.600031,0.50788295,-0.03710158,angry,0,c:\Users\Kacpiro Recenzje\Desktop\Studia\XAI_2026\data\raw\Actor_22\03-01-05-01-02-01-22.wav
-366.87933,84.64507,-8.516354,11.1249895,-8.45418,7.2040305,-15.691032,-4.019388,-9.134348,-11.955983,-13.312765,-6.458418,0.25734663,-13.367352,-9.650979,-1.116521,-10.398349,-2.0436084,-8.754519,-7.496131,-4.3003,-4.3581023,-7.3975077,-4.7502484,-5.8448796,-3.8611255,-6.023873,-7.286106,-4.521205,-3.6022108,-5.3640885,-2.1473634,-2.5165553,0.060971092,1.4842927,3.6297054,4.0836873,2.502405,1.3762084,-0.9463261,angry,0,c:\Users\Kacpiro Recenzje\Desktop\Studia\XAI_2026\data\raw\Actor_22\03-01-05-01-02-02-22.wav
-334.24924,69.58986,-20.857504,3.6689208,-7.4154267,3.6777759,-19.127913,-7.724639,-8.867615,-12.628826,-9.813918,-2.3548884,-4.848479,-10.330334,-7.9107866,-1.9038527,-11.592181,1.3551419,-7.9074206,-10.34639,-5.226186,-6.413898,-8.492294,-4.657689,-2.6897705,0.44960684,-1.5394015,-1.0345464,-0.08910662,-1.9843954,-2.1333394,1.4072388,2.5684607,5.6370044,5.247237,5.8188276,2.7572021,0.72228414,-0.3103472,-1.3454311,angry,0,c:\Users\Kacpiro Recenzje\Desktop\Studia\XAI_2026\data\raw\Actor_22\03-01-05-02-01-01-22.wav
-372.52325,72.90479,-16.121433,1.3334748,-8.01931,3.578385,-16.552122,-7.0882792,-8.732851,-10.46951,-13.910118,-3.481639,-2.414053,-11.311131,-8.636315,-2.0175335,-11.619043,0.7198561,-7.0077024,-10.923038,-5.5348005,-4.679676,-7.1663203,-7.857892,-4.7740297,-3.0147905,-1.2711673,0.89666444,0.68267345,1.9447812,0.191166,2.808538,0.95122033,2.992678,4.3518367,5.337915,4.9753666,3.4648836,1.1616886,-0.8739929,angry,0,c:\Users\Kacpiro Recenzje\Desktop\Studia\XAI_2026\data\raw\Actor_22\03-01-05-02-01-02-22.wav
-348.3839,64.725685,-23.364586,6.0276675,-11.744028,3.927781,-21.560362,-6.081392,-11.063697,-16.734838,-17.537518,-3.809825,-6.0101476,-10.894338,-10.1972885,-1.5548311,-13.313951,-1.3878093,-6.916256,-13.967259,-6.2587233,-5.9446316,-12.041785,-7.7644,-4.087121,-5.299538,-4.8550625,-3.5702562,-1.6029692,3.816109,1.4789563,5.9758267,4.375704,4.495292,4.1402307,4.044304,3.4693196,3.7494545,1.6085187,-1.5589808,angry,0,c:\Users\Kacpiro Recenzje\Desktop\Studia\XAI_2026\data\raw\Actor_22\03-01-05-02-02-01-22.wav
-328.24942,66.88212,-29.823063,4.430366,-14.418086,2.8943465,-24.683115,-5.9424624,-12.711736,-17.297882,-16.656008,-4.3272424,-3.8172603,-11.650555,-11.224142,-1.3379943,-14.519924,-3.9242942,-8.811012,-15.64602,-5.0790453,-5.5449367,-10.469299,-4.300827,-2.295493,-2.6936984,-2.8690772,-3.1602066,0.20822078,4.21043,3.3609,8.642952,4.9090786,5.8645124,2.4186928,2.0484748,0.19476935,1.261617,0.36601093,-1.5515312,angry,0,c:\Users\Kacpiro Recenzje\Desktop\Studia\XAI_2026\data\raw\Actor_22\03-01-05-02-02-02-22.wav
-342.70993,70.61208,-15.789686,7.6331058,-3.9045866,10.955231,-15.500469,-7.2944736,-12.994503,-12.380177,-9.410067,-3.7912445,-4.308898,-8.923823,-4.744962,0.6874081,-9.344569,2.3277743,-7.942612,-7.9957943,-4.734436,-2.0624826,-6.356785,-5.1983423,-6.2000523,-3.7402444,-7.268038,-6.435151,-3.9603345,-5.1954985,-1.4551874,2.3315,0.5736257,3.722948,1.8705736,1.9883178,2.5640078,2.1172295,2.9980173,5.803577,fear,3,c:\Users\Kacpiro Recenzje\Desktop\Studia\XAI_2026\data\raw\Actor_22\03-01-06-01-01-01-22.wav
-363.97702,72.45768,-13.210257,7.6578813,-4.0821166,10.553152,-14.045636,-6.9900403,-10.611245,-10.614768,-10.5472145,-5.0318003,-2.8579638,-10.290864,-5.372165,-0.22930208,-8.744795,1.4705054,-6.709108,-7.6568766,-5.193086,-2.8971674,-6.219297,-4.8611236,-4.7928123,-4.1187315,-4.7897277,-6.596966,-3.7315218,-3.9064994,-1.9744326,1.3636974,-1.0960269,3.516505,1.9229847,0.4502544,3.3736246,2.8960688,4.8454137,6.7862663,fear,3,c:\Users\Kacpiro Recenzje\Desktop\Studia\XAI_2026\data\raw\Actor_22\03-01-06-01-01-02-22.wav
-337.0752,83.260254,-23.873724,7.8239365,-7.356511,10.489831,-17.70873,-4.7627726,-15.789464,-17.097864,-7.4469028,-3.6743155,-3.996083,-10.652696,-6.348581,-0.23170525,-8.020532,1.8362092,-9.69822,-6.853736,-4.6117244,-3.2916346,-6.475032,-4.9066234,-7.352346,-3.0481982,-6.543544,-6.418149,-3.207259,-5.2707596,-5.297527,-3.6509278,-5.8753295,0.56779075,-0.3162885,3.7011147,7.0020013,7.4819846,6.3873444,9.084169,fear,3,c:\Users\Kacpiro Recenzje\Desktop\Studia\XAI_2026\data\raw\Actor_22\03-01-06-01-02-01-22.wav
-336.7792,70.90647,-13.570971,5.391375,-7.711722,9.6948,-13.229816,-8.37582,-11.894337,-14.239697,-8.201656,-1.466314,-1.819226,-10.431088,-6.049536,0.5507454,-7.667608,1.4705727,-7.9108834,-8.374129,-5.3579273,-2.656413,-6.031807,-5.4831543,-6.500199,-2.9968321,-6.531622,-6.399512,-2.6487968,-5.5133915,-1.8278525,0.8059462,-0.15313743,3.7625928,1.41461,2.6232898,3.4973996,4.126453,3.8169024,4.4077106,fear,3,c:\Users\Kacpiro Recenzje\Desktop\Studia\XAI_2026\data\raw\Actor_22\03-01-06-01-02-02-22.wav
-375.02924,58.5794,-28.070444,1.6622628,-12.092411,-1.2867719,-15.062192,-12.762455,-13.636385,-11.284649,-12.164978,-3.7290096,-8.156953,-12.475694,-8.863192,-1.8340836,-10.046927,-0.22344771,-2.6917064,-8.643787,-3.515605,1.170883,2.1743927,4.7657003,7.5122557,11.817674,7.7829156,5.2170496,4.571066,0.76769555,-1.349945,3.220371,-1.5619036,1.1514561,0.3978584,-0.557898,2.0676937,-0.21164352,-0.75988626,-1.8029813,fear,3,c:\Users\Kacpiro Recenzje\Desktop\Studia\XAI_2026\data\raw\Actor_22\03-01-06-02-01-01-22.wav
-359.55695,53.974815,-26.363268,2.4219203,-9.424829,0.587633,-14.430238,-11.501007,-12.707848,-13.466624,-10.279106,-4.3871126,-9.042574,-11.765039,-6.1240172,-2.368861,-11.279564,0.75114757,-4.665729,-11.629138,-2.6838682,-1.1802804,-2.826421,-1.6927543,0.30231535,4.9656596,4.3461013,6.971516,7.7903514,3.9230356,2.6951292,4.266879,-0.4540031,2.58199,1.7382959,0.6955674,2.6779327,0.33738038,-0.9839891,-1.7654138,fear,3,c:\Users\Kacpiro Recenzje\Desktop\Studia\XAI_2026\data\raw\Actor_22\03-01-06-02-01-02-22.wav
-328.79004,52.813435,-28.755983,1.494362,-10.618375,3.8248572,-19.383297,-14.645918,-17.307251,-13.4804325,-13.372738,-3.30367,-11.058287,-12.942713,-7.833217,-2.197539,-11.90463,-0.689087,-4.4743915,-13.756,-6.318734,-4.362811,-7.441695,-3.5036967,2.2906365,7.5879893,9.136052,11.737353,11.2136545,7.189201,2.1883843,2.6652148,-2.856031,2.6277986,2.4389942,2.1433587,2.7575684,-1.361149,-1.5702673,-2.24685,fear,3,c:\Users\Kacpiro Recenzje\Desktop\Studia\XAI_2026\data\raw\Actor_22\03-01-06-02-02-01-22.wav
-374.81235,51.136463,-31.598854,0.79931337,-12.955052,1.1261382,-17.73247,-14.933035,-14.8900385,-13.059508,-13.762894,-3.1133082,-9.839432,-12.9726305,-6.9312344,-0.7316151,-11.1585655,-2.9275417,-4.9992623,-10.784835,-0.24393739,5.5605593,8.225085,8.584389,8.654579,9.271014,4.996718,1.788967,0.5908614,0.268843,0.83379966,1.496672,-3.9309003,1.7346385,0.15986244,-1.3378719,1.5111841,-2.174394,-3.3989778,-2.368758,fear,3,c:\Users\Kacpiro Recenzje\Desktop\Studia\XAI_2026\data\raw\Actor_22\03-01-06-02-02-02-22.wav
-373.03342,81.80265,-9.751699,3.346017,-4.015027,5.945366,-13.086232,-4.8427215,-9.733705,-7.2940145,-8.584835,-5.6094103,0.64904875,-12.371393,-3.3208497,-0.7298258,-8.636644,-0.07517821,-1.7225528,-7.2446294,-5.615596,-0.43661335,-4.880964,-4.6443543,-4.8090515,-3.5204997,-4.870806,-4.2103944,-3.740366,-5.0217776,-3.0256784,-3.3234305,-3.19319,-1.2215829,-1.4848455,-1.6901937,0.20854956,-0.7014066,-2.27907,-1.045165,disgust,2,c:\Users\Kacpiro Recenzje\Desktop\Studia\XAI_2026\data\raw\Actor_22\03-01-07-01-01-01-22.wav
-356.76428,95.520035,-7.780301,0.510711,-6.2791233,9.335124,-14.745346,-5.216846,-10.928932,-5.4484496,-10.959738,-8.808767,4.6151524,-11.761066,-5.784053,-0.71402377,-9.535261,-2.7972229,-3.9272923,-7.3084207,-5.8929906,-3.9684107,-5.7330112,-4.526819,-6.5267715,-4.5721846,-5.3040576,-3.6591027,-3.2553575,-4.8055153,-2.9723713,-3.4770763,-3.3007076,-1.3044696,-1.4195983,-2.2325897,-1.4857398,-0.8877622,-2.397398,-2.8990865,disgust,2,c:\Users\Kacpiro Recenzje\Desktop\Studia\XAI_2026\data\raw\Actor_22\03-01-07-01-01-02-22.wav
-370.35916,89.53099,-9.499187,9.117965,-8.288222,11.912774,-11.972837,-8.026757,-12.271111,-7.5659065,-8.66944,-4.359033,1.6003371,-14.179374,-2.7873304,-0.08381136,-10.194497,-0.6272093,-3.465921,-9.348947,-4.617882,-0.41263098,-6.9571843,-3.9703262,-6.1141887,-4.04104,-5.467974,-4.098435,-2.7008502,-5.7855134,-3.2311428,-2.683876,-4.721384,-1.6968575,-2.0656185,-1.0292108,-1.0269507,-1.6602618,-4.0001225,-4.003786,disgust,2,c:\Users\Kacpiro Recenzje\Desktop\Studia\XAI_2026\data\raw\Actor_22\03-01-07-01-02-01-22.wav
-381.31927,91.311066,-10.032657,5.3308926,-5.495575,12.168133,-12.980348,-3.713985,-11.412384,-10.523464,-9.340039,-2.0141654,3.5031352,-14.137121,-3.353893,-0.16762061,-8.230901,-0.5823245,-3.8883169,-9.956529,-6.0041294,-0.921106,-6.454801,-3.530559,-5.9675407,-2.644721,-5.125692,-4.722078,-1.8980423,-5.1245294,-3.9098947,-4.4658194,-5.8308964,-3.1438975,-2.3214388,-2.314715,-1.8508534,-1.3921207,-2.624516,-3.7101004,disgust,2,c:\Users\Kacpiro Recenzje\Desktop\Studia\XAI_2026\data\raw\Actor_22\03-01-07-01-02-02-22.wav
-309.00314,81.0779,-15.791631,1.7530024,-5.620107,6.8927183,-17.823315,-6.2217712,-17.388247,-6.4257913,-10.349208,-4.397905,1.6504194,-13.805437,-6.448778,-1.8523637,-12.515849,-0.5030063,-6.0392184,-10.48464,-6.1910367,-2.668147,-7.9129715,-6.10107,-6.162905,-5.7459993,-5.261912,-6.0606656,-4.6966004,-6.895351,-3.5386615,-5.0823584,-5.3339357,-1.9116421,-4.3804955,-1.9016395,-1.0103531,0.49054214,1.1874006,3.4209762,disgust,2,c:\Users\Kacpiro Recenzje\Desktop\Studia\XAI_2026\data\raw\Actor_22\03-01-07-02-01-01-22.wav
-349.88385,86.51506,-6.6858683,8.80059,-9.065008,3.7984853,-15.274342,-7.261305,-12.2565365,-2.9864836,-12.352093,-7.4009657,4.7255507,-13.129898,-9.120715,-2.0491524,-8.15528,-3.0061429,-4.3868036,-7.1721745,-6.751433,-1.7377205,-7.987781,-6.3340554,-6.516923,-4.4907355,-5.9350386,-6.3744345,-3.7946548,-5.155213,-4.29405,-3.1041908,-5.5858603,-1.9519675,-1.5484208,-0.68565875,-0.39481306,-0.015591669,0.5116004,-0.79343104,disgust,2,c:\Users\Kacpiro Recenzje\Desktop\Studia\XAI_2026\data\raw\Actor_22\03-01-07-02-01-02-22.wav
-319.16913,80.67472,-13.87477,10.409042,-5.878992,7.0782595,-16.73339,-7.085898,-16.7239,-3.0299423,-13.38727,-2.4519534,-3.8707821,-15.833004,-4.9352016,-1.8742694,-15.544372,0.5516019,-7.359993,-9.424416,-8.150352,-3.3705802,-7.5056734,-7.3474355,-7.584514,-6.089681,-6.696665,-8.977788,-5.100089,-6.9100766,-4.556043,-0.9430639,-1.919344,1.218931,2.9244604,2.1330147,1.0634296,3.853945,1.7835523,2.1099958,disgust,2,c:\Users\Kacpiro Recenzje\Desktop\Studia\XAI_2026\data\raw\Actor_22\03-01-07-02-02-01-22.wav
-316.74167,84.40556,-11.425904,7.322727,-5.0501966,8.137087,-20.121138,-9.332757,-14.571937,-7.383827,-12.343881,-5.095081,0.8617675,-15.649075,-9.112149,-2.5181153,-12.674469,-1.9479665,-7.2361164,-9.657814,-7.4290633,-1.6505755,-9.588245,-6.351112,-5.9884467,-7.1969347,-7.1529613,-8.429133,-5.1986284,-7.8422365,-5.4931993,-4.446167,-4.713862,-1.8746765,-1.8586025,0.47846195,-0.7449057,1.8672669,2.74369,2.5844526,disgust,2,c:\Users\Kacpiro Recenzje\Desktop\Studia\XAI_2026\data\raw\Actor_22\03-01-07-02-02-02-22.wav
-375.56894,75.51075,-4.392086,-0.063233286,-9.309322,7.4164414,-13.222724,-4.457717,-9.820242,-5.9008055,-10.383016,-2.696339,0.6568134,-10.88139,-7.077778,-1.4842645,-9.625474,1.8839403,-3.2221265,-3.682147,-1.2631849,1.4409543,-1.0579375,-2.3952663,-2.6475267,-0.5908855,-2.7421975,-0.55458945,0.9593467,-0.053960487,-0.6586995,0.046637136,-2.2879794,-0.89249706,-0.48801634,0.6537968,0.5582423,1.3403571,-0.011871987,-0.07817278,surprise,7,c:\Users\Kacpiro Recenzje\Desktop\Studia\XAI_2026\data\raw\Actor_22\03-01-08-01-01-01-22.wav
-382.22763,73.33163,-11.286831,-0.112155564,-9.695933,3.578356,-15.164755,-7.951997,-11.257575,-9.1660385,-11.871061,-4.2284126,-2.7252703,-12.062253,-6.945976,-2.1157796,-12.590245,1.17143,-4.484396,-5.7023444,-2.464933,0.6872674,-1.0857823,-1.5963175,-2.6774447,0.009841486,-2.5386443,-0.7899272,-0.35809392,-1.0440487,-0.8689733,-0.36676735,-1.0533559,0.5637998,0.95051813,0.23985009,1.6869944,1.237021,-0.24619916,1.0767599,surprise,7,c:\Users\Kacpiro Recenzje\Desktop\Studia\XAI_2026\data\raw\Actor_22\03-01-08-01-01-02-22.wav
-390.04816,72.14927,-8.423308,1.7292298,-10.138703,4.1566014,-9.859273,-5.3137684,-12.120497,-12.058853,-10.800319,-2.0369825,-0.4124151,-12.3764715,-8.216956,-0.32873866,-9.655954,0.7596312,-2.594392,-2.5529404,-1.8996588,1.8677169,-3.4955657,-3.2523851,-3.089859,-0.7038721,-3.5302835,-2.4802194,-2.032219,-3.0886576,-3.5598087,-1.4671419,-1.2472197,0.16192172,-1.1838305,0.6022591,2.5790496,1.6242857,-0.1601543,0.88815683,surprise,7,c:\Users\Kacpiro Recenzje\Desktop\Studia\XAI_2026\data\raw\Actor_22\03-01-08-01-02-01-22.wav
-368.10938,69.60925,-13.667257,1.8599801,-10.837437,5.041465,-11.03857,-7.7567563,-13.236688,-14.271067,-12.980875,-1.3617947,-1.3309137,-14.38831,-6.861009,2.307116,-7.2407193,4.598694,-2.7475448,-5.097718,-2.8563206,-1.84467,-4.0155573,-3.104764,-3.1716833,-1.1001676,-5.1624928,-2.4302545,-1.9117724,-1.2081075,-1.7939949,-0.047178984,-2.1273806,-0.5150277,-1.5536256,1.8332552,4.42521,4.0895057,1.9425113,2.7248867,surprise,7,c:\Users\Kacpiro Recenzje\Desktop\Studia\XAI_2026\data\raw\Actor_22\03-01-08-01-02-02-22.wav
-332.53683,68.23203,-12.955757,2.867351,-13.603024,4.528115,-13.516422,-7.543353,-10.707868,-10.133214,-12.941852,-0.458064,-1.4920034,-10.7968645,-8.795907,-2.5083678,-10.191468,1.2394581,-5.3631053,-5.9692783,-1.2254877,0.92787105,-0.98534214,-0.21287666,-0.8114742,0.5384739,-2.6172414,0.72799194,0.1628971,0.6803885,-2.06763,0.6926905,-2.7228644,1.0083555,-0.51949984,0.4334931,0.85901594,0.3795331,0.25830176,2.5309553,surprise,7,c:\Users\Kacpiro Recenzje\Desktop\Studia\XAI_2026\data\raw\Actor_22\03-01-08-02-01-01-22.wav
-351.20535,73.191734,-16.555166,0.46959063,-8.983606,3.907977,-13.922476,-7.935673,-10.58321,-10.822045,-10.7520275,0.21593525,-2.4993289,-11.600765,-7.332028,-0.988083,-10.5396595,0.9018772,-4.2577233,-6.638722,0.02147377,0.4286367,-0.17805384,-0.56035316,-2.4043186,0.5494517,-2.5686264,0.00062550214,-0.02652551,-2.7257872,-3.5200827,-0.44812942,-1.7025979,0.22650604,0.30066487,0.8365094,2.861094,3.0846562,2.1658175,2.9822464,surprise,7,c:\Users\Kacpiro Recenzje\Desktop\Studia\XAI_2026\data\raw\Actor_22\03-01-08-02-01-02-22.wav
-327.30334,52.957363,-11.863193,2.174839,-17.054935,2.073461,-12.427305,-10.551716,-13.655644,-11.538908,-15.8078575,-2.2705207,-2.6225216,-11.253456,-10.871861,-0.040221196,-10.100618,0.9023159,-2.957142,-0.95529306,0.79554033,0.17031384,-3.8437464,-2.3525827,-3.2923627,-0.41694176,-2.1916375,-0.34568927,-1.6227767,-0.95504683,-2.3694491,1.0641048,0.8653497,1.613874,-0.7626207,0.050586402,3.3623316,1.2093589,-1.7795807,0.06412349,surprise,7,c:\Users\Kacpiro Recenzje\Desktop\Studia\XAI_2026\data\raw\Actor_22\03-01-08-02-02-01-22.wav
-354.16577,53.54348,-17.692774,2.5600007,-13.327059,6.300564,-12.342198,-8.013656,-11.660204,-8.657137,-12.341873,-1.1516364,-3.2015884,-11.083095,-10.593975,-3.0294714,-14.343511,-1.8492873,-6.680116,-5.0475903,0.7574638,1.9200522,-0.03756811,-2.3302522,-2.5910046,1.5473,-2.961384,1.4129459,3.7812781,5.542799,1.4101979,2.094559,-1.3510164,0.21543995,-2.0344436,0.40860435,2.812177,2.3798764,0.017895097,0.25632215,surprise,7,c:\Users\Kacpiro Recenzje\Desktop\Studia\XAI_2026\data\raw\Actor_22\03-01-08-02-02-02-22.wav
-390.95523,99.587135,0.99566865,9.648974,4.421749,22.20222,-11.794514,0.8173308,-5.0592794,-3.7000902,-9.600179,-6.289403,1.003052,-2.8177092,-6.1008606,0.7271103,-2.4319074,-4.9545894,1.9788152,-2.160191,-5.666733,-3.3255363,-1.9884816,-2.0829532,-4.5853,-2.9475055,-3.4184277,-4.1220975,-2.7936964,-3.9938467,-2.6459637,-1.9141053,-4.1795754,-3.210328,-2.0574222,-2.5089138,-3.3645592,-2.364234,-2.5803251,-3.0235403,neutral,5,c:\Users\Kacpiro Recenzje\Desktop\Studia\XAI_2026\data\raw\Actor_23\03-01-01-01-01-01-23.wav
-380.66257,95.18139,1.4605073,7.226339,7.095026,24.537582,-11.074981,3.2563987,-0.043761775,-2.5712385,-7.935551,-4.2627525,2.947137,-1.0667355,-3.9639719,1.3405552,-1.4266907,-4.145598,1.4934887,-0.6417525,-4.0668974,-3.178188,-1.5007578,-1.1283411,-3.677917,-1.8832978,-1.6251285,-3.524509,-1.8646691,-2.5058389,-2.1550276,-0.4967648,-2.7548213,-1.953696,-0.68178034,-1.9786139,-2.2627926,-2.2757964,-2.4411075,-2.2074914,neutral,5,c:\Users\Kacpiro Recenzje\Desktop\Studia\XAI_2026\data\raw\Actor_23\03-01-01-01-01-02-23.wav
-397.6222,84.65693,-3.6255472,5.8240995,2.058919,21.054033,-13.931989,0.5309668,-2.2783697,-6.2801404,-9.259486,-6.325257,0.3790048,-2.6963627,-6.0587816,-0.670759,-1.9708501,-5.849653,-0.16000946,-2.8197432,-6.8225417,-4.322672,-3.059005,-2.3242552,-6.9739313,-3.8274271,-2.5833163,-4.064683,-3.151203,-4.0707083,-4.052601,-2.9443755,-3.5696,-3.6125505,-1.86066,-2.5072136,-3.454976,-3.9000313,-4.013623,-3.6062388,neutral,5,c:\Users\Kacpiro Recenzje\Desktop\Studia\XAI_2026\data\raw\Actor_23\03-01-01-01-02-01-23.wav
-381.11664,90.429276,0.7593336,6.5411177,3.5199652,23.25375,-13.006739,0.7452653,-3.2777345,-6.45324,-9.69779,-4.579099,-0.23611633,-1.882482,-6.6850777,0.58933187,-2.4547439,-5.453957,-0.33719894,-2.6610992,-6.59045,-3.7410078,-3.4938934,-3.3319197,-6.0858173,-4.900296,-2.019322,-3.8894467,-3.6392796,-4.4595184,-3.9127586,-2.7143512,-4.108143,-3.8100283,-1.1336476,-2.8498487,-4.009325,-4.1036224,-3.4550385,-3.4231982,neutral,5,c:\Users\Kacpiro Recenzje\Desktop\Studia\XAI_2026\data\raw\Actor_23\03-01-01-01-02-02-23.wav
-376.53592,92.3914,11.967419,15.417169,5.5109415,21.871683,-6.7929473,6.1142955,-0.98221797,-1.0282701,-4.101212,-2.969847,1.5941818,-1.4310217,-5.0991426,-1.9035307,-1.552168,-2.1045063,0.39006788,-2.233246,-4.2373586,-1.2446512,-0.4154294,-0.94356054,-2.6766148,-2.1513937,-2.5880373,-2.1633902,-3.4570014,-4.40162,-3.0966914,-1.9919139,-4.5952926,-2.5086975,-0.025387703,-1.9085929,-2.0674868,-2.8080263,-1.526039,-2.211016,calm,1,c:\Users\Kacpiro Recenzje\Desktop\Studia\XAI_2026\data\raw\Actor_23\03-01-02-01-01-01-23.wav
-348.63818,95.044365,7.9095016,16.48527,4.4387026,22.564314,-6.416756,5.534562,-5.700127,-1.2212201,-5.340105,-4.4731827,2.2812605,-0.74739975,-5.799632,0.15145625,-3.0696342,-0.42683,1.4594512,-1.0342637,-3.814409,-1.0750074,-2.500828,-1.7455001,-2.6228316,-1.9653093,-4.107791,-2.528919,-3.0654805,-3.302722,-2.7734833,-1.7416564,-4.942452,-2.9319441,-0.972495,-2.4987535,-3.2297475,-3.950884,-1.7585733,-2.9981456,calm,1,c:\Users\Kacpiro Recenzje\Desktop\Studia\XAI_2026\data\raw\Actor_23\03-01-02-01-01-02-23.wav
-392.9445,91.91281,4.7161927,12.177187,3.8303807,17.588694,-8.970232,3.2050297,-4.3887095,-3.5594447,-7.300794,-3.974958,1.5770707,-1.6491759,-7.6948223,-1.1414784,-3.630307,-2.9441595,0.06777543,-4.757372,-6.1639023,-0.5617328,-2.03488,-3.595569,-2.786396,-3.1761556,-3.0039809,-2.5796669,-3.4571264,-4.9885225,-4.2584796,-2.3013732,-4.028602,-5.421266,-0.77327645,-2.1280239,-3.1934187,-2.7180533,-1.8502237,-2.0380995,calm,1,c:\Users\Kacpiro Recenzje\Desktop\Studia\XAI_2026\data\raw\Actor_23\03-01-02-01-02-01-23.wav
-374.54166,90.607666,5.0887227,14.500015,4.139297,19.935644,-8.675001,3.1092117,-3.5358076,-2.4347394,-7.5645328,-2.9040556,0.77265745,-1.3480065,-6.171513,-0.95308626,-2.3674357,-2.7998176,-0.321725,-3.0254242,-5.965541,-1.7176241,-1.9202642,-4.8003397,-3.6035192,-2.9821768,-3.4747622,-2.0821145,-2.5167131,-4.112947,-3.6686225,-2.2724843,-4.8839917,-4.48248,-0.5910954,-2.955837,-3.2059581,-2.5287995,-2.714742,-1.9278852,calm,1,c:\Users\Kacpiro Recenzje\Desktop\Studia\XAI_2026\data\raw\Actor_23\03-01-02-01-02-02-23.wav
-320.23914,118.44944,5.683979,17.860718,0.93373054,24.335293,-8.578975,3.07038,-8.599794,-1.9892087,-7.131804,-7.0251465,3.787982,-2.64117,-8.552308,-1.5106876,-5.391505,-3.9239693,0.8327182,-4.335299,-5.9553585,-1.4910378,-2.5390747,-3.9405007,-3.9125588,-4.1743045,-5.2661166,-3.8635058,-5.600254,-6.8289537,-4.351573,-3.4715316,-6.359432,-3.564454,-1.0882964,-3.8935235,-4.626462,-5.991125,-3.3215933,-3.5341363,calm,1,c:\Users\Kacpiro Recenzje\Desktop\Studia\XAI_2026\data\raw\Actor_23\03-01-02-02-01-01-23.wav
-327.7149,111.471214,11.030235,15.15028,2.492055,24.879862,-7.197477,4.9805603,-7.8571067,-1.3620856,-6.3021355,-5.0802064,3.2972958,-1.0977708,-7.7702446,-0.37293926,-4.1746755,-3.5650725,1.3064657,-2.242806,-5.304032,-1.7132634,-2.890146,-1.8752913,-3.748594,-1.7528634,-3.7820568,-1.7287887,-4.186513,-5.0452285,-4.0367994,-3.2905614,-6.2645106,-3.200627,-0.15242174,-1.9448162,-3.0537896,-2.990553,-2.6561668,-2.4055734,calm,1,c:\Users\Kacpiro Recenzje\Desktop\Studia\XAI_2026\data\raw\Actor_23\03-01-02-02-01-02-23.wav
-348.01898,92.36175,5.9508595,13.643918,5.592486,23.119799,-6.4278364,3.5314605,-7.1675315,-4.2814636,-7.279836,-2.365022,2.0658045,-0.68834084,-6.9171515,-1.1405392,-1.5250337,-1.0995125,0.13927503,-2.7664814,-5.5764947,-1.5944191,-0.7466705,-3.086768,-3.079205,-3.227979,-3.597591,-2.6346488,-2.670468,-3.9362724,-3.4801905,-1.9401526,-3.9801302,-2.8551366,-1.0062072,-2.00898,-3.2375906,-3.5343978,-1.545045,-2.957391,calm,1,c:\Users\Kacpiro Recenzje\Desktop\Studia\XAI_2026\data\raw\Actor_23\03-01-02-02-02-01-23.wav
-372.78784,105.45428,2.0695055,14.062828,2.4916437,23.238436,-9.016931,3.9307935,-5.610912,-3.7417147,-8.561209,-3.7123306,4.761389,-2.6014473,-8.481745,-1.2264997,-2.3831527,-3.5638509,0.3686282,-5.576203,-6.970971,-0.25423115,-2.5396838,-4.412949,-3.3041606,-4.254364,-4.5043707,-2.5012927,-3.5114474,-5.403434,-4.2033367,-2.958502,-5.817759,-4.188264,-1.8148599,-3.4219713,-2.7810843,-4.06653,-1.8939767,-4.1566925,calm,1,c:\Users\Kacpiro Recenzje\Desktop\Studia\XAI_2026\data\raw\Actor_23\03-01-02-02-02-02-23.wav
-396.1712,71.91748,-7.730764,7.0911098,-2.0369427,13.323769,-10.1014185,-1.8723766,-4.901742,-8.213435,-7.686693,-6.4534807,-0.35151374,-4.4932404,-4.7284255,-2.3108637,-5.7807355,-4.465383,-0.18282624,-2.3425891,-5.930392,-5.017128,-3.3074658,-3.6164877,-5.7672863,-4.959941,-2.4338286,-3.5271196,-3.812191,-1.0779177,-0.41082367,1.0160395,-1.0012976,0.554656,2.2497149,-1.4291538,1.2230291,1.9180359,0.989521,1.2326,happy,4,c:\Users\Kacpiro Recenzje\Desktop\Studia\XAI_2026\data\raw\Actor_23\03-01-03-01-01-01-23.wav
-400.98227,66.30689,-7.5706244,6.8865423,-3.0962403,11.625066,-8.234895,-2.2593691,-3.6848998,-7.2730045,-7.017639,-4.3408136,-0.9753982,-4.003498,-4.6659775,-0.9182389,-5.1047573,-4.8829975,1.2409868,-2.3417342,-6.8515697,-3.8117235,-3.1061125,-4.5006323,-4.98526,-4.049417,-2.2002249,-1.762875,-1.2677172,0.37370554,1.4809818,1.253327,-0.859517,0.741083,1.5403678,-0.09362788,1.6709721,1.9449848,0.47740048,1.0184666,happy,4,c:\Users\Kacpiro Recenzje\Desktop\Studia\XAI_2026\data\raw\Actor_23\03-01-03-01-01-02-23.wav
-404.53668,66.54538,-7.741058,8.65087,-2.4283037,13.637878,-9.186137,-1.7114118,-5.5539784,-8.628952,-8.321594,-4.6538825,-0.23304608,-4.8041124,-4.55493,-0.8573465,-5.704178,-3.7380552,0.38454702,-2.2136018,-6.708079,-2.362126,-3.1889138,-3.5793283,-4.9253144,-5.3098307,-3.533357,-3.3851557,-3.4821625,-4.2583613,-3.1045637,-2.293558,-5.047566,-3.664166,-2.1025984,-3.3205028,-3.6940553,-1.9711221,-1.4022424,0.73383564,happy,4,c:\Users\Kacpiro Recenzje\Desktop\Studia\XAI_2026\data\raw\Actor_23\03-01-03-01-02-01-23.wav
-388.65356,66.02952,-6.222029,11.940951,-1.4847782,13.7030115,-7.921529,-1.8239645,-3.0553064,-7.4654436,-8.6863365,-3.1024516,-0.43222427,-3.931871,-3.842112,-1.0308414,-5.722186,-3.3440092,0.49100932,-2.4320052,-6.2096715,-2.8401961,-2.6960564,-2.9121559,-4.6537538,-5.240781,-2.2607315,-2.6664407,-3.8234975,-4.216434,-3.0205092,-2.1242685,-4.492724,-3.4119093,-2.399119,-3.5135667,-3.3577871,-1.8404546,-1.7273444,-1.1744289,happy,4,c:\Users\Kacpiro Recenzje\Desktop\Studia\XAI_2026\data\raw\Actor_23\03-01-03-01-02-02-23.wav
-404.79782,53.6586,-14.906333,4.572045,-7.842784,5.1168394,-9.452787,-5.318741,-5.7496243,-6.4639497,-8.8787985,-5.6396112,-2.6375105,-4.6270647,-6.6112285,-3.697564,-5.8505173,-6.197134,-1.4535756,-4.8576045,-7.16986,-5.088978,-3.8417544,-3.7781935,-3.057531,-1.3485266,0.65618026,3.446438,2.1867013,3.4920855,4.0632463,2.3165884,-0.0011108074,0.69937104,2.4736495,-0.13422571,0.8576583,2.395441,-0.48388693,-0.6954275,happy,4,c:\Users\Kacpiro Recenzje\Desktop\Studia\XAI_2026\data\raw\Actor_23\03-01-03-02-01-01-23.wav
-415.84274,54.65826,-16.03923,3.1593432,-7.854002,3.9001243,-9.354468,-6.357776,-6.036087,-6.7134132,-8.009739,-6.7662883,-3.468801,-3.4709063,-6.45657,-4.908192,-7.2575583,-6.926196,-1.1861475,-5.1416807,-6.7939568,-4.771413,-3.5437734,-3.9993227,-2.81597,-0.9332647,-0.3455697,3.4656472,1.8667685,3.0995367,3.844751,1.5843544,0.034871854,-0.23134093,1.2461141,-1.4074203,0.26921335,2.652355,-0.39102298,0.47617355,happy,4,c:\Users\Kacpiro Recenzje\Desktop\Studia\XAI_2026\data\raw\Actor_23\03-01-03-02-01-02-23.wav
-392.1126,54.466778,-13.367429,4.934684,-9.098478,4.5861793,-10.46919,-7.2834353,-4.6309276,-6.6591516,-10.898183,-5.413986,-1.1719358,-5.673899,-5.6333494,-3.1349685,-7.2273374,-6.8543987,-1.5721451,-4.0267076,-6.5627613,-4.2660074,-2.9213502,-4.43171,-4.5650344,-3.3068016,-1.1492321,0.4030056,-1.055154,-0.38518152,1.5284142,1.4389522,-0.5765301,0.14320442,2.9296558,0.8857012,0.56109583,1.9439676,0.0061489674,-0.07326294,happy,4,c:\Users\Kacpiro Recenzje\Desktop\Studia\XAI_2026\data\raw\Actor_23\03-01-03-02-02-01-23.wav
-419.60416,59.076588,-13.02404,6.0786633,-5.9648585,5.4264965,-11.1028595,-5.2612658,-3.9174492,-7.3169103,-10.838919,-5.29361,-0.5999773,-5.4902163,-6.325311,-2.4742584,-6.652228,-6.3096395,-1.4809363,-4.516877,-6.715822,-3.6331186,-2.9797773,-3.7869315,-5.0380826,-4.6383386,-3.216835,-0.7925406,-1.3042886,0.43382403,2.9955525,2.672859,0.55345887,0.44402152,1.7844573,-0.031055829,0.906559,1.6960839,0.2805571,0.9921704,happy,4,c:\Users\Kacpiro Recenzje\Desktop\Studia\XAI_2026\data\raw\Actor_23\03-01-03-02-02-02-23.wav
-399.7024,92.024475,5.6894975,8.560675,4.351997,22.376516,-6.282626,5.5550222,-6.3426514,-2.2738595,-7.9485884,-4.922791,-0.81013787,-2.5176733,-5.5092306,-2.0802684,-1.1061499,-2.7200274,-0.7246858,-1.2689128,-4.456512,-1.6627109,-4.036661,-1.4689299,-2.7844522,-1.9494603,-4.3285613,-1.9005756,-2.8894053,-2.9699001,-3.5127447,-1.5896487,-4.0144725,-3.8411407,-2.7222464,-1.4007437,-1.7025368,-3.0268638,-2.1277037,-2.4677432,sad,6,c:\Users\Kacpiro Recenzje\Desktop\Studia\XAI_2026\data\raw\Actor_23\03-01-04-01-01-01-23.wav
-398.34955,98.10296,5.5548563,10.853874,6.6095343,20.302935,-4.913921,5.35753,-4.538817,-3.6254056,-6.3759027,-4.40221,-0.47344986,-0.8689127,-7.6173544,-1.599788,-1.035657,-1.7564303,-0.78366023,-1.1201509,-5.509583,-1.1722649,-3.32297,-2.4554374,-2.5779643,-1.5929924,-4.462226,-1.2638611,-2.8459911,-3.5664837,-2.581273,-1.7820712,-4.951474,-4.10652,-1.9849774,-2.6023407,-2.6732194,-2.583522,-2.382917,-2.1975257,sad,6,c:\Users\Kacpiro Recenzje\Desktop\Studia\XAI_2026\data\raw\Actor_23\03-01-04-01-01-02-23.wav
-373.57175,69.45654,2.7478368,14.749282,2.1961012,16.459684,-5.8412533,7.579093,-6.4773397,-2.4315026,-5.3117867,-5.2258234,0.99496967,-2.5474162,-4.9015994,-0.650632,-0.8125642,-2.628866,-0.9429544,-1.2504995,-4.575176,-1.7402177,-1.4156953,-0.4081744,-2.981119,-2.539233,-3.0400567,-1.4268196,-2.403723,-2.3904963,-4.539499,-1.8136274,-3.6689298,-3.4525657,-1.4778647,-1.4113257,-1.1561122,-1.1822735,-0.78703654,-1.5136628,sad,6,c:\Users\Kacpiro Recenzje\Desktop\Studia\XAI_2026\data\raw\Actor_23\03-01-04-01-02-01-23.wav
-353.61026,78.53466,-0.6511538,15.725074,1.9075077,19.945724,-8.565369,9.805932,-8.922786,-1.2940412,-6.515936,-4.512838,-0.7002567,-1.1119714,-5.4793286,0.10357706,0.07719719,-2.064145,-1.0564791,-0.12948336,-4.227574,-2.644989,-0.81405187,-1.4699899,-4.6358843,-2.7052011,-3.278403,-1.4961625,-1.9740492,-0.93966764,-3.1453538,-1.4862554,-3.3215358,-2.870915,-1.5992311,-2.0534897,-2.421441,-2.1587348,-0.378949,-0.78183454,sad,6,c:\Users\Kacpiro Recenzje\Desktop\Studia\XAI_2026\data\raw\Actor_23\03-01-04-01-02-02-23.wav
-320.92514,83.36628,6.18763,10.556101,3.6244416,22.011026,-11.227932,4.896329,-15.590753,-4.3264065,-11.9785385,-6.8376336,-3.3936641,-5.346989,-5.594074,-1.9372646,-0.71416163,-4.437898,0.41715214,-3.1354265,-6.611459,-1.7642618,-1.6210304,-5.3491826,-4.145764,-4.793742,-3.5414958,-2.9332292,-4.820681,-2.882191,-4.908905,-2.8144584,-3.7150416,-3.3995585,-1.3145983,-1.6828576,0.38124722,1.1265708,-0.019902222,2.398785,sad,6,c:\Users\Kacpiro Recenzje\Desktop\Studia\XAI_2026\data\raw\Actor_23\03-01-04-02-01-01-23.wav
-377.88596,85.247406,0.9649061,0.4447134,4.651734,19.085352,-8.689807,4.767692,-13.242285,-5.700564,-6.4284945,-3.5131652,-1.6045592,-6.105416,-6.0526767,-0.5463806,-0.78284633,-3.9630764,-1.3628592,-2.456266,-6.2235203,-3.3610313,-1.0051073,-2.9377797,-2.8501618,-3.6091595,-4.0136547,-2.5979245,-4.4430814,-2.7779737,-3.7515328,-2.1965454,-3.6631808,-4.365488,-3.0150795,-3.396712,-3.6194522,-2.3807745,-3.3955839,-2.2247922,sad,6,c:\Users\Kacpiro Recenzje\Desktop\Studia\XAI_2026\data\raw\Actor_23\03-01-04-02-01-02-23.wav
-343.90152,68.34965,10.766254,12.91961,-2.9607337,18.64849,-8.176217,7.2864203,-12.446369,-2.6499507,-11.469623,-4.2377152,-1.6237186,-5.345565,-8.905478,-0.0252191,-2.959747,-2.8689067,-1.0661132,-2.552547,-5.3447523,-2.6586692,-2.1355672,-1.3390986,-5.460217,-4.137769,-3.8454807,-0.8615408,-3.8721473,-2.661048,-3.6177783,-2.7457902,-4.696935,-4.67504,-2.906486,-3.0807753,-4.6031237,-3.023579,-4.0581007,-3.270078,sad,6,c:\Users\Kacpiro Recenzje\Desktop\Studia\XAI_2026\data\raw\Actor_23\03-01-04-02-02-01-23.wav
-289.50134,98.68868,-1.1001284,7.138277,3.3440084,24.63959,-10.526305,8.206344,-15.128856,-10.395778,-6.9508777,-1.4939705,-3.1742585,-5.9533634,-7.459407,1.221091,-0.8192881,-3.817417,-0.931943,-4.305035,-5.566233,-1.852788,-2.6203365,-1.1755788,-4.709215,-3.9267821,-3.1186066,-3.7869604,-4.960465,-4.9571376,-4.35967,-2.4826007,-3.297839,-3.0923243,-3.0703962,-3.459887,-3.1167195,-2.3073223,-3.8762665,-3.769854,sad,6,c:\Users\Kacpiro Recenzje\Desktop\Studia\XAI_2026\data\raw\Actor_23\03-01-04-02-02-02-23.wav
-433.2225,62.960922,-9.639664,4.584789,-2.8233287,6.5458107,-8.860702,-1.8160563,-3.3164642,-5.6645956,-9.569301,-5.485511,-1.9889208,-3.91484,-7.2799516,-0.8044823,-2.3152003,-5.231964,-2.257616,-3.190851,-6.781515,-3.1534944,-3.783746,-4.020526,-5.803384,-3.7812366,-2.6862428,-1.4088544,-2.9065366,-2.7361543,-1.3474486,-1.0728757,-2.6997395,-0.60822207,2.1866066,0.14101566,1.57184,2.918415,0.86909384,1.022431,angry,0,c:\Users\Kacpiro Recenzje\Desktop\Studia\XAI_2026\data\raw\Actor_23\03-01-05-01-01-01-23.wav
-423.99066,63.5571,-10.293499,6.1870584,-1.9242737,7.631008,-8.980864,-2.4444158,-4.4967155,-4.800615,-9.511262,-5.8010135,-1.0415274,-4.059724,-7.43051,-1.0703804,-2.996581,-5.9767485,-2.3904014,-2.0007584,-6.004095,-3.1471498,-3.4557617,-4.3960195,-5.8004313,-3.4085455,-2.225604,-1.8601865,-3.336974,-2.8756013,-1.8112745,-1.3933268,-2.951007,-0.71983284,1.97487,0.57994425,0.85197794,1.4603207,0.38877258,1.0240632,angry,0,c:\Users\Kacpiro Recenzje\Desktop\Studia\XAI_2026\data\raw\Actor_23\03-01-05-01-01-02-23.wav
-418.4615,62.444584,-9.109812,6.5634694,-3.5325959,9.349947,-9.199348,-1.3966148,-2.6986697,-5.561292,-7.1046877,-5.138529,-2.19854,-4.2218823,-6.456734,-0.9346268,-4.9123917,-4.349727,-2.0757535,-2.4082432,-5.8851786,-3.2801855,-3.4677246,-5.095443,-6.5447025,-3.2111042,-3.752437,-1.4349827,-3.882426,-3.8110507,-1.0834441,-0.6624464,-1.851882,-0.020592764,2.2302253,0.51997584,0.7648064,2.003263,0.37635332,0.596114,angry,0,c:\Users\Kacpiro Recenzje\Desktop\Studia\XAI_2026\data\raw\Actor_23\03-01-05-01-02-01-23.wav
-403.6307,63.378872,-11.988236,7.857532,-4.61828,7.4265447,-10.6924715,-3.3440197,-4.7361603,-3.6322176,-10.214198,-7.303969,-0.92222756,-4.8116293,-8.671876,-2.7067835,-4.840224,-5.7272325,-4.225727,-3.44802,-5.9894433,-3.3304102,-4.7813687,-5.0293455,-5.9027014,-4.092233,-4.0134244,-3.1401567,-3.9723914,-3.1264186,-2.3295615,0.6441068,-0.43940043,-0.16296019,2.2933073,1.0448691,0.2741812,0.10402839,-0.5100261,0.5465897,angry,0,c:\Users\Kacpiro Recenzje\Desktop\Studia\XAI_2026\data\raw\Actor_23\03-01-05-01-02-02-23.wav
-371.65414,54.58507,-18.146435,1.749101,-6.334185,-0.95024824,-9.403597,-5.5550337,-4.9700875,-5.2119656,-8.244348,-7.614746,-4.7074304,-1.964391,-6.7781267,-2.898607,-3.8268428,-5.8302956,-2.295233,-2.110797,-4.505275,-1.4318486,0.808614,-1.6875218,-1.7776649,1.6491235,2.3397934,4.6221433,3.5172179,4.597309,4.3661427,2.6625166,-1.2869515,-1.6342449,0.88698864,0.42041767,0.29402682,1.0458194,-1.5314473,-1.3012809,angry,0,c:\Users\Kacpiro Recenzje\Desktop\Studia\XAI_2026\data\raw\Actor_23\03-01-05-02-01-01-23.wav
-426.38702,51.284912,-17.395092,-1.3972526,-6.310776,-0.08417874,-10.797534,-4.043399,-5.203348,-5.7618017,-8.317015,-6.0366635,-5.4330063,-2.9589484,-6.378126,-2.4663749,-5.079215,-6.3386664,-1.2653444,-3.6725454,-5.8500648,0.015789708,0.81871045,-1.3411908,0.15006511,3.578212,0.00048254567,1.9729294,1.1730883,1.6264454,3.3984358,2.7547278,0.36582807,0.22038919,1.5138545,1.0655236,-0.36036628,1.6216776,-1.4694571,-0.9400368,angry,0,c:\Users\Kacpiro Recenzje\Desktop\Studia\XAI_2026\data\raw\Actor_23\03-01-05-02-01-02-23.wav
-414.5421,41.8409,-18.08159,-1.1331758,-7.5234027,-0.1560124,-8.256566,-3.650725,-6.1800523,-6.5398235,-5.6220765,-6.1887274,-4.356937,-3.3867352,-5.1112733,-1.6656598,-4.8994946,-5.4875402,-2.470682,-3.595601,-4.2860446,0.40140116,3.6299603,2.2465415,0.66009414,2.855164,2.1375604,1.9143189,-0.20806918,1.1173369,3.968717,3.152279,1.0448551,0.56818104,0.91892964,-0.82554406,-0.95885354,2.2855814,-0.007194546,-1.148723,angry,0,c:\Users\Kacpiro Recenzje\Desktop\Studia\XAI_2026\data\raw\Actor_23\03-01-05-02-02-01-23.wav
-422.39307,43.468105,-15.85372,0.49775004,-6.5182524,0.24833828,-10.119305,-4.7629757,-4.864598,-6.6999245,-8.020425,-7.572985,-3.6636598,-4.6427,-7.4130573,-2.4916642,-6.157158,-6.353528,-3.7268836,-5.5542374,-6.105222,-0.8140516,2.4738796,0.20728946,-0.45306352,2.0182467,0.84541005,0.4865097,0.025270976,1.1599556,4.3713627,3.3178782,1.0149655,1.3442961,0.9422483,-1.5430542,-1.6354299,0.7762228,-0.111947246,0.4295078,angry,0,c:\Users\Kacpiro Recenzje\Desktop\Studia\XAI_2026\data\raw\Actor_23\03-01-05-02-02-02-23.wav
-372.9159,72.54852,0.133596,9.933554,1.9960263,16.532652,-7.9420514,3.008186,-5.5390086,-6.7900314,-6.677244,-3.2364523,0.038653027,-2.634342,-3.6155765,-0.76702905,-2.2147043,-2.8218193,-0.75544167,-1.0534356,-4.531028,-0.5405212,-1.601609,-3.0294845,-3.5746424,-3.797884,-3.2373064,-0.47055438,-3.670743,-2.8789515,-1.6698457,-2.0676703,-3.8947225,-1.8724525,-1.7093828,-3.1952708,-2.8747485,-2.5050502,-1.9437814,-2.8853374,fear,3,c:\Users\Kacpiro Recenzje\Desktop\Studia\XAI_2026\data\raw\Actor_23\03-01-06-01-01-01-23.wav
-439.95584,68.807884,3.136878,8.651799,2.9874208,15.65069,-5.810486,5.5331283,-4.5196223,-1.4274685,-7.26173,-2.8594308,2.0575562,-2.5060778,-4.827893,-0.44842094,-1.286664,-1.9343859,0.19599709,-0.9799903,-4.160048,-1.0208136,-1.9052036,-1.4154611,-3.639674,-3.4558334,-3.4774933,0.060899902,-2.7452133,-2.5404181,-2.2168043,-1.8029145,-3.4264936,-2.4309752,-1.789918,-1.3004363,-2.1813657,-2.0817568,-1.7537903,-2.011464,fear,3,c:\Users\Kacpiro Recenzje\Desktop\Studia\XAI_2026\data\raw\Actor_23\03-01-06-01-01-02-23.wav
-420.78867,56.43474,-1.6748323,8.266465,2.5127199,12.4340925,-4.6119785,2.055902,-4.7023425,-4.409233,-5.792258,-4.238361,1.3442168,-3.137287,-3.6648278,-0.12706922,-1.9847537,-2.8543546,-0.79715765,-2.7765145,-4.518075,-1.3776274,-1.3894318,-2.547288,-4.638433,-3.7187326,-3.010514,0.3479756,-3.0657313,-3.5977864,-1.0491092,-1.6189148,-3.524817,-2.757457,-1.8606329,-1.925417,-2.7522924,-1.7893391,-0.919597,-2.6351888,fear,3,c:\Users\Kacpiro Recenzje\Desktop\Studia\XAI_2026\data\raw\Actor_23\03-01-06-01-02-01-23.wav
-421.51364,58.460487,-1.64387,8.161402,1.0558109,11.91215,-5.65271,2.5431352,-5.575079,-4.726714,-6.1339293,-4.19545,-0.85715055,-3.275087,-3.614705,-0.52756375,-2.6573431,-2.1687574,-1.6029446,-2.8199198,-4.146224,-1.6978443,-1.7452841,-2.0214112,-4.471705,-3.6044347,-3.8172863,-0.36747602,-3.498103,-3.9298382,-2.1975908,-2.4178686,-3.7692668,-3.4236934,-2.543391,-2.1959915,-2.636764,-1.8323195,-1.5503211,-3.0744703,fear,3,c:\Users\Kacpiro Recenzje\Desktop\Studia\XAI_2026\data\raw\Actor_23\03-01-06-01-02-02-23.wav
-358.01385,78.38315,-13.141943,3.7890568,1.4646647,14.087063,-13.557106,-6.3548117,-8.860217,-11.1442175,-10.171654,-5.9719744,-1.2114545,-6.8202024,-8.26375,0.27320522,-4.4829335,-6.5064096,-0.6132272,-2.720641,-6.7048364,-4.90076,-2.2998903,-3.894017,-6.9368114,-4.3841767,-4.838664,-3.5058672,-4.8818946,-5.4048424,-4.269389,-3.5410454,-5.369874,-4.934858,-2.7886007,-5.1184006,-2.8299713,1.5477037,-0.67820597,1.7098023,fear,3,c:\Users\Kacpiro Recenzje\Desktop\Studia\XAI_2026\data\raw\Actor_23\03-01-06-02-01-01-23.wav
-376.6699,76.235466,-7.8236613,8.1139145,-0.6069638,12.9654255,-12.200749,-1.7549479,-8.186991,-10.452273,-7.975397,-6.8508277,-2.3436208,-4.137069,-6.9536457,0.4603396,-4.7164097,-4.910894,-0.007661211,-2.8060036,-5.965177,-3.1248152,-3.4305818,-3.8852863,-5.011636,-3.6723685,-5.1927214,-2.607712,-4.184693,-4.8923206,-3.6870897,-3.452342,-5.1233697,-3.94608,-3.3938482,-5.6964436,-4.6132016,-1.8752593,-2.1482773,0.25409803,fear,3,c:\Users\Kacpiro Recenzje\Desktop\Studia\XAI_2026\data\raw\Actor_23\03-01-06-02-01-02-23.wav
-366.13736,68.82383,-15.761695,6.11007,-4.670093,12.609325,-13.370567,-4.2302237,-8.935761,-7.8015113,-9.453685,-5.9035926,-1.1456469,-4.6796865,-10.496067,-0.9118569,-3.4852579,-6.4142857,-3.217568,-2.5983164,-8.7689,-3.4538202,-4.0015893,-3.0455348,-7.8211184,-5.913336,-4.0829897,-2.6517894,-7.0093594,-6.000049,-3.2418027,-4.941633,-4.583231,-3.1471643,-3.0601556,-2.650614,-1.2928734,0.6910412,0.3037639,1.2835171,fear,3,c:\Users\Kacpiro Recenzje\Desktop\Studia\XAI_2026\data\raw\Actor_23\03-01-06-02-02-01-23.wav
-362.55695,86.39015,-12.693642,6.129532,-3.5440726,15.12674,-9.8224945,-0.7447831,-11.275684,-10.985201,-12.667361,-5.724581,-1.7321504,-3.9499686,-9.093759,-1.0103464,-3.746734,-4.957901,-0.7366367,-0.9570227,-8.04556,-4.548575,-4.4325304,-4.8133283,-9.301477,-3.3980696,-3.6905873,-2.9404755,-5.2061515,-5.3428645,-2.8080797,-4.030729,-4.836793,-4.270437,-3.7093368,-3.4180775,-3.9087417,-0.956321,-2.4043007,-1.1559281,fear,3,c:\Users\Kacpiro Recenzje\Desktop\Studia\XAI_2026\data\raw\Actor_23\03-01-06-02-02-02-23.wav
-440.0383,79.898735,-0.5490095,15.13477,0.09217196,14.721676,-3.7153485,6.9092093,-5.172828,-1.2782574,-5.2598004,-5.4039392,1.8988632,-0.093852945,-5.0736256,-1.5139987,-0.6567883,-1.0775218,-1.356612,0.032089017,-2.3533728,-0.44259235,-2.5252197,-1.9067807,-1.466178,-2.0750706,-3.0437613,1.2729986,-2.7456677,-2.1488063,-0.9103375,-0.542296,-3.4064434,-2.7221572,-0.33938116,-1.6580727,-1.8117514,-0.77729535,-1.8123639,-1.0993963,disgust,2,c:\Users\Kacpiro Recenzje\Desktop\Studia\XAI_2026\data\raw\Actor_23\03-01-07-01-01-01-23.wav
-372.8584,73.49415,-0.094918326,12.097017,1.7309331,14.203707,-6.3759866,4.856047,-5.642716,-2.0089476,-4.160207,-3.9133868,0.989239,-1.6366271,-4.4221573,-1.5968552,-0.89647853,-1.0224777,-1.0042834,-1.3387058,-4.25961,-0.73379016,-2.4308662,-2.2726245,-2.364841,-3.504734,-3.5082917,-0.39668548,-2.874965,-2.0748894,-3.0696557,-1.7200415,-2.6763933,-3.1538622,-1.1149242,-2.359901,-0.7931217,-1.6366194,-1.8179029,-1.390931,disgust,2,c:\Users\Kacpiro Recenzje\Desktop\Studia\XAI_2026\data\raw\Actor_23\03-01-07-01-01-02-23.wav
-405.68552,60.10524,-0.6396532,12.851051,-1.9848707,13.511169,-5.5570087,6.002195,-6.9253273,-2.4038844,-3.2917967,-2.9498262,0.84717554,-2.0181983,-4.472302,-1.4755206,-1.3916667,0.071352534,-1.4859587,-1.2619112,-1.8201886,-0.67382723,-1.6480663,-1.7831126,-2.4378664,-2.6122327,-3.1253142,-0.10603226,-3.1833954,-1.8824004,-2.9819188,-1.4292536,-2.638646,-2.6168962,-1.4974189,-2.025506,-1.3601886,-1.6358432,-2.64695,-1.9839371,disgust,2,c:\Users\Kacpiro Recenzje\Desktop\Studia\XAI_2026\data\raw\Actor_23\03-01-07-01-02-01-23.wav
-394.8496,61.823742,4.185648,14.590111,-1.7985474,13.937542,-6.4290876,7.1502676,-6.6546917,-2.9035082,-4.7115808,-2.3166122,-0.5400335,-2.3524687,-5.3890657,-0.4691947,-2.1309915,-0.5274554,-0.56231505,-1.5326678,-3.1407487,-1.3190444,-2.1496794,-1.7359375,-2.6331203,-3.3413723,-3.0166929,0.5724642,-4.0331674,-2.4106824,-3.163521,-0.03171385,-3.1174958,-2.6144938,-0.76545054,-2.1562362,-2.3708048,-1.9351971,-2.85077,-1.1461715,disgust,2,c:\Users\Kacpiro Recenzje\Desktop\Studia\XAI_2026\data\raw\Actor_23\03-01-07-01-02-02-23.wav
-408.33377,73.35266,0.27780172,11.002881,-0.16774452,10.160156,-5.519758,3.2827473,-5.358232,-1.9069067,-9.180795,-5.7907515,-0.035485424,-3.3172503,-5.8364987,-1.888075,-3.2640471,-4.251727,-1.3544492,-3.9470518,-5.124772,-2.3436103,-3.494886,-3.7992039,-3.935633,-4.294602,-3.4336488,-3.6779563,-5.894906,-1.4174283,-2.6637647,-2.6972482,-3.9143898,-2.1505983,-0.8651523,-3.169718,-2.6359487,-0.18614973,-2.290542,-0.6016067,disgust,2,c:\Users\Kacpiro Recenzje\Desktop\Studia\XAI_2026\data\raw\Actor_23\03-01-07-02-01-01-23.wav
-365.0344,78.9277,0.31003696,13.257934,1.1499326,10.189099,-6.852489,3.2715344,-6.702579,-3.6556196,-9.793517,-5.5210643,0.48823765,-3.8818583,-5.915935,-1.9324112,-3.2540953,-1.85922,0.45761055,-3.5608838,-4.9106517,-1.9770677,-3.4208746,-5.090224,-4.3738484,-3.945815,-4.3000784,-2.6024501,-5.9445124,-1.6173522,-1.9787862,-3.8187914,-5.3356457,-2.9396753,-2.6341524,-4.5110235,-1.4141119,-0.54607326,-1.9299346,-0.3998737,disgust,2,c:\Users\Kacpiro Recenzje\Desktop\Studia\XAI_2026\data\raw\Actor_23\03-01-07-02-01-02-23.wav
-359.68015,71.592964,-1.3525468,14.350339,-2.5583508,14.056804,-5.910417,2.089582,-8.620005,-3.3811114,-10.170078,-6.3745346,-0.9188981,-4.246665,-7.2711043,-2.0846875,-4.1844616,-2.8605576,-2.2414634,-2.014312,-4.6521473,-2.6834142,-3.625812,-4.0472226,-5.5181437,-4.3982625,-3.8964531,-2.8557658,-6.583062,-3.903893,-4.736627,-2.5353112,-4.6328444,-3.5464818,-3.3595266,-3.035374,-2.025875,-0.75459796,-1.3067507,-0.004368843,disgust,2,c:\Users\Kacpiro Recenzje\Desktop\Studia\XAI_2026\data\raw\Actor_23\03-01-07-02-02-01-23.wav
-363.78506,74.33821,-1.7534076,15.971531,-2.7020693,14.628515,-7.053835,1.7712476,-7.140802,-4.073894,-12.596516,-5.8036146,0.78566724,-4.635639,-6.989245,-1.4722394,-4.7471533,-3.5450354,-2.3603961,-2.3709738,-5.5354447,-3.192756,-2.6603377,-3.631024,-4.90046,-4.587205,-4.502307,-1.2835761,-7.2383375,-4.7399735,-4.460132,-2.791368,-4.0398316,-2.7114267,-1.3756275,-2.511472,-1.9946624,-1.3669673,-1.9916546,-0.6396364,disgust,2,c:\Users\Kacpiro Recenzje\Desktop\Studia\XAI_2026\data\raw\Actor_23\03-01-07-02-02-02-23.wav
-417.85837,68.20481,-11.097089,7.596588,-2.8842583,10.691636,-9.433013,-2.2027237,-6.6675715,-7.8303585,-6.724167,-4.790846,0.09420947,-3.678443,-5.673847,-0.96567637,-4.060268,-6.0941377,-2.3708966,-1.86149,-6.56778,-4.9105287,-3.0814612,-2.1483727,-3.4587545,-1.7030644,-1.1096778,0.8587594,-1.1418366,-0.047739036,1.5115898,-0.37977922,-2.6948798,-0.5849647,1.7568667,-0.6394425,-0.5120127,1.8071644,-1.1399397,-2.2581398,surprise,7,c:\Users\Kacpiro Recenzje\Desktop\Studia\XAI_2026\data\raw\Actor_23\03-01-08-01-01-01-23.wav
-406.15488,68.680595,-9.970198,7.9912777,-2.7612696,12.2691345,-8.130851,-3.5891523,-5.5291066,-6.149558,-7.08946,-3.169578,0.9400652,-3.440043,-6.976902,-0.794794,-3.3715577,-6.209738,-1.1836194,-1.1929702,-5.35153,-3.9481652,-2.430194,-2.2662184,-3.64806,-2.9720304,-0.5059792,0.12180347,-0.72642595,3.036835,0.8579301,0.09289513,-0.28306103,0.39384687,2.6967041,0.7177302,0.29584655,1.3148478,0.5249423,-0.27899715,surprise,7,c:\Users\Kacpiro Recenzje\Desktop\Studia\XAI_2026\data\raw\Actor_23\03-01-08-01-01-02-23.wav
-404.61298,67.25955,-9.567045,7.575506,-4.9522653,10.561801,-5.8796787,-3.0130486,-4.424096,-6.5845857,-7.575745,-4.436255,1.7901542,-1.8957727,-5.3672104,-2.171306,-3.9259925,-5.7705984,-2.6556456,-2.476265,-6.565319,-4.8450084,-3.0428164,-1.2208469,-3.3090549,-1.8824128,2.4533,1.8456564,-0.45608097,0.35832533,-0.40622592,-0.40864086,-0.8897716,-0.59912384,2.9445837,0.33481583,-0.58017206,0.26147932,-1.2547,-1.1188413,surprise,7,c:\Users\Kacpiro Recenzje\Desktop\Studia\XAI_2026\data\raw\Actor_23\03-01-08-01-02-01-23.wav
-400.64423,63.495636,-10.178227,3.559588,-6.210165,7.995077,-8.850747,-3.7652636,-6.266269,-8.200543,-7.6399775,-5.030734,-0.6440045,-3.6504953,-6.01445,-4.0711064,-5.3807726,-4.9449263,-3.0216904,-5.097682,-6.9532113,-4.158556,-3.9629529,-2.1354208,-3.7018511,-1.4710522,1.8555491,0.6201082,-0.8300642,0.38986015,-0.7655692,-1.1525441,-1.8385339,-1.8522475,1.0025362,-1.315695,-1.5775346,-0.118818186,-1.6302983,-0.77219224,surprise,7,c:\Users\Kacpiro Recenzje\Desktop\Studia\XAI_2026\data\raw\Actor_23\03-01-08-01-02-02-23.wav
-383.74167,65.8838,-12.973455,7.5197735,-5.148332,11.990319,-8.936593,-5.727639,-9.723565,-6.8764653,-7.1134534,-5.309163,-1.3694034,-4.3725047,-7.5928383,-4.5564365,-5.7000957,-7.552383,-5.1230435,-3.6926959,-8.8054495,-5.4683614,-1.6292826,-0.0385728,0.29491997,2.0545368,2.1299005,0.5758198,-2.1992507,-0.6110614,-0.9650753,-0.012046706,0.862087,-1.3737228,0.8988286,-0.7964629,-1.3432974,1.7888187,1.4216368,1.4073449,surprise,7,c:\Users\Kacpiro Recenzje\Desktop\Studia\XAI_2026\data\raw\Actor_23\03-01-08-02-01-01-23.wav
-381.1369,65.09779,-14.742915,4.7038426,-6.834798,5.8091416,-8.66831,-5.7276635,-8.826239,-8.215492,-7.3509116,-5.1545844,-2.120623,-4.423262,-7.0361404,-3.0596855,-6.335128,-8.009441,-2.9798048,-4.222077,-8.282883,-4.8286176,-1.6750846,-1.5689312,-0.27812755,0.8723875,1.1263908,1.9438293,-1.8655647,-0.9436023,1.1242641,0.46688125,-0.16440625,0.8378122,2.4891798,0.6635722,0.4577891,3.3053203,0.4720189,0.63533765,surprise,7,c:\Users\Kacpiro Recenzje\Desktop\Studia\XAI_2026\data\raw\Actor_23\03-01-08-02-01-02-23.wav
-423.40536,55.43786,-17.385984,4.975845,-11.00408,3.6104279,-9.734498,-4.815926,-8.576566,-8.839517,-7.118394,-6.231075,-2.7323034,-3.519536,-6.706207,-4.7088985,-7.033289,-7.4275403,-4.843518,-5.739572,-6.718963,-4.726845,-1.3178189,0.6818352,-0.4144511,1.8388819,2.3429112,2.2444315,-3.625432,-2.055727,0.6390591,1.2026858,0.5896096,-0.55937696,1.7868263,-1.1968418,-0.24375291,2.405988,1.2221928,0.23155126,surprise,7,c:\Users\Kacpiro Recenzje\Desktop\Studia\XAI_2026\data\raw\Actor_23\03-01-08-02-02-01-23.wav
-396.21527,57.06921,-14.885576,5.759579,-8.539809,7.224777,-9.044744,-3.9365182,-8.267893,-6.4612374,-8.071251,-5.026017,-1.8748482,-4.217797,-5.6456447,-4.008828,-5.9186735,-5.523086,-3.519936,-4.224921,-6.020227,-4.041119,-1.9187405,-1.0870273,-1.60011,-0.4044157,2.2042375,2.991623,-0.13203712,1.6149896,1.3825623,0.97861195,-0.008584962,-0.9048088,1.6936102,0.1856789,0.03658576,2.0451846,0.5992582,0.4325692,surprise,7,c:\Users\Kacpiro Recenzje\Desktop\Studia\XAI_2026\data\raw\Actor_23\03-01-08-02-02-02-23.wav
-351.95212,74.140114,-4.9178376,5.5218196,-6.238035,-0.8354006,-12.211342,-4.902999,-13.345822,-9.981826,-5.8239517,-7.798276,-7.64726,-6.2995486,-3.6322632,-6.3809547,-7.035013,-1.6964388,-7.178216,-6.2185163,-4.241355,-6.463853,-5.450436,-6.0267506,-5.1000533,-5.408224,-5.7273107,-4.1135387,-4.323502,-3.7305155,-2.0302837,-1.3721503,0.013599369,0.04544392,0.5650426,1.749354,2.5507817,4.3015146,5.0266633,7.019783,neutral,5,c:\Users\Kacpiro Recenzje\Desktop\Studia\XAI_2026\data\raw\Actor_24\03-01-01-01-01-01-24.wav
-373.3376,74.06356,-11.750314,5.188707,-5.829376,0.44816515,-15.299444,-3.7385154,-13.68176,-10.175325,-5.5412917,-6.606657,-8.224793,-6.889833,-2.662958,-6.307451,-7.876607,-1.9365476,-6.158397,-6.2462945,-5.1921325,-5.7701817,-4.5093985,-5.586603,-5.4737825,-4.4184823,-5.945008,-3.1935785,-3.7341065,-3.901526,-1.4057686,-1.4705397,-0.57225394,0.03845085,0.5017764,1.8088543,1.4550058,4.30382,4.4782143,5.1683173,neutral,5,c:\Users\Kacpiro Recenzje\Desktop\Studia\XAI_2026\data\raw\Actor_24\03-01-01-01-01-02-24.wav
-395.68112,75.87663,-8.659589,10.484867,-6.3864183,0.8398723,-12.07741,-3.4626496,-14.359942,-8.132566,-3.2131553,-7.577171,-5.8089,-4.571736,-1.719088,-7.433563,-6.280217,0.41383618,-8.413404,-5.3489213,-3.926674,-6.5557885,-4.9058833,-5.4271526,-4.471582,-2.9749184,-3.5031993,-0.6832413,0.13985556,-1.069507,0.45751736,-0.9698155,-0.73388577,1.7789478,3.9516516,5.284673,6.6962605,5.9049177,3.0800307,2.3740814,neutral,5,c:\Users\Kacpiro Recenzje\Desktop\Studia\XAI_2026\data\raw\Actor_24\03-01-01-01-02-01-24.wav
-402.50998,70.43068,-7.9913116,11.392498,-6.6229196,0.88436985,-11.028959,-6.4108872,-15.937795,-8.739573,-5.3883395,-7.9917355,-7.067807,-6.4165964,-1.3813393,-5.529223,-7.3052,0.73844254,-6.333151,-6.0891027,-4.020097,-5.27441,-4.991711,-5.997611,-4.132397,-3.237415,-4.2623796,-2.564609,-2.160049,-1.0428487,-0.71044004,-1.1898646,-0.17446542,1.308758,2.0100343,3.0920177,5.0484853,5.113393,3.4481964,3.6638222,neutral,5,c:\Users\Kacpiro Recenzje\Desktop\Studia\XAI_2026\data\raw\Actor_24\03-01-01-01-02-02-24.wav
-362.41302,65.03162,-1.5509135,9.575018,-4.324973,5.6438775,-11.299412,-2.021566,-15.220786,-8.579666,-7.751813,-6.8902984,-7.501155,-5.3421707,-5.6336255,-7.154523,-7.5454783,-1.1654291,-7.815422,-5.3540893,-4.05094,-4.5538955,-3.6909275,-4.4329815,-3.076412,-1.0841609,-0.5946441,1.4890176,-0.6027458,-0.48872992,-1.9737393,-2.2594264,-2.616747,-0.5905742,-0.20764755,0.0067170598,-0.49500632,0.53433305,1.8842721,5.9848876,calm,1,c:\Users\Kacpiro Recenzje\Desktop\Studia\XAI_2026\data\raw\Actor_24\03-01-02-01-01-01-24.wav
-355.0021,70.72527,-1.5436468,11.693192,-6.217528,2.6114843,-11.2944565,-1.5061953,-11.570314,-8.02959,-7.590076,-4.2518406,-7.5490136,-4.123228,-5.668591,-6.5968995,-6.100829,-1.1230177,-6.7245064,-5.743473,-3.0392177,-5.6689076,-4.3516884,-4.1810784,-4.7091317,-2.2667594,-2.9081702,-0.35545892,-0.54656667,0.50102234,0.92772293,-0.88048655,-1.9428204,-1.6115735,-0.15770984,1.3393782,1.7591308,3.604609,4.628636,5.7314982,calm,1,c:\Users\Kacpiro Recenzje\Desktop\Studia\XAI_2026\data\raw\Actor_24\03-01-02-01-01-02-24.wav
-343.6975,70.77982,-1.9817128,20.74248,-6.3938203,8.303668,-11.136625,0.052364323,-14.33835,-3.793836,-6.6270666,-5.4995556,-6.443524,-4.0293183,-6.122229,-7.4639225,-5.4252324,-0.81183326,-8.173726,-4.1664886,-7.219531,-2.6446707,-3.9897912,-8.397142,-5.362382,-3.7147074,-6.7994056,-4.6250353,-5.3527355,-3.924681,-2.6570046,-5.6834025,-3.4783926,-2.9000492,-0.42627662,2.886229,5.1512322,10.303985,12.134761,13.064587,calm,1,c:\Users\Kacpiro Recenzje\Desktop\Studia\XAI_2026\data\raw\Actor_24\03-01-02-01-02-01-24.wav
-358.87747,69.978424,0.40927967,14.598552,-8.589296,8.999075,-9.197327,-4.4544935,-12.392244,-5.259295,-8.780142,-4.313121,-9.015625,-4.063461,-3.7632399,-5.4717216,-6.421811,-0.5489095,-5.8793936,-3.3274848,-4.7570357,-3.544548,-4.936714,-5.141988,-4.910156,-1.681578,-7.23341,-4.3273153,-3.8480172,-3.5778227,-3.7394345,-4.488983,-3.2050936,-0.5519592,-0.33615795,2.646373,2.9857056,5.6280932,6.8708706,8.878511,calm,1,c:\Users\Kacpiro Recenzje\Desktop\Studia\XAI_2026\data\raw\Actor_24\03-01-02-01-02-02-24.wav
-339.76474,88.8217,-13.317257,8.524353,-10.913957,4.3708286,-16.028843,-4.518558,-15.593587,-9.272992,-7.5640507,-9.010493,-7.94475,-6.5987916,-4.334485,-8.010813,-8.739517,-0.93049306,-8.726675,-7.447927,-5.878877,-7.4756136,-5.941523,-4.7743163,-4.872238,-4.14684,-4.5445194,0.39521042,-2.4134617,-0.3986721,0.6443857,-2.150018,-3.676763,-1.954161,-2.5652895,-0.5877679,0.57291603,3.8385139,5.1884913,7.0178533,calm,1,c:\Users\Kacpiro Recenzje\Desktop\Studia\XAI_2026\data\raw\Actor_24\03-01-02-02-01-01-24.wav
-305.10132,89.50978,-8.821725,16.622868,-5.889672,7.4010744,-13.699204,-1.3428855,-13.012435,-8.045402,-8.013418,-10.807691,-3.4523609,-5.144547,-5.93793,-8.456807,-6.5814533,-1.1402863,-7.454254,-7.4772844,-6.0700474,-7.381242,-3.3760905,-6.9873285,-5.508576,-2.3227863,-4.968889,0.23140505,-0.5342052,-1.2808071,0.7897612,-1.1580482,-3.286852,-0.42350814,1.2025106,2.5880005,4.2478848,5.3342,6.735067,6.478037,calm,1,c:\Users\Kacpiro Recenzje\Desktop\Studia\XAI_2026\data\raw\Actor_24\03-01-02-02-01-02-24.wav
-343.5444,83.254715,-0.9848906,16.347614,-13.8415785,4.205612,-15.421681,-4.5409584,-12.290692,-6.516449,-11.729439,-9.16233,-7.320187,-5.371317,-7.1388817,-8.133309,-7.14192,-1.0217869,-10.336394,-6.158187,-4.191644,-5.1107154,-5.5692677,-6.9216204,-6.0285683,-2.515211,-5.813642,-3.9443095,-2.3496242,-0.91240805,-0.1371198,-0.8860571,1.1836457,3.621466,2.03762,2.5240033,1.043954,3.4564114,4.095018,7.2051477,calm,1,c:\Users\Kacpiro Recenzje\Desktop\Studia\XAI_2026\data\raw\Actor_24\03-01-02-02-02-01-24.wav
-300.583,82.50026,-11.046366,16.383759,-13.886942,9.926244,-16.489952,-3.2870138,-10.814242,-7.387202,-10.59659,-10.478642,-4.1116605,-6.959771,-7.631594,-6.963635,-8.633906,-0.22172394,-9.934486,-6.227462,-6.29071,-6.5820217,-5.5188518,-5.219081,-6.7927337,-2.4942136,-7.790818,-3.7581332,-4.625248,-2.0226903,-1.4031146,-1.0149223,-1.3700285,3.7690585,1.4811985,1.4680839,0.9903786,2.4667597,2.424577,7.3702064,calm,1,c:\Users\Kacpiro Recenzje\Desktop\Studia\XAI_2026\data\raw\Actor_24\03-01-02-02-02-02-24.wav
-382.51373,71.0219,-9.940193,4.562639,-6.9126253,1.8531276,-14.127662,-3.5429683,-9.8196945,-6.83684,-7.200969,-6.616809,-9.127182,-5.273622,-2.4151306,-7.752224,-7.331001,1.1025066,-7.719382,-6.171343,-4.4168944,-5.2873855,-5.6367993,-4.864662,-3.887117,-1.4245837,-2.4127438,0.7631401,-0.9961803,-1.2933576,-1.1633505,-0.81300753,-2.502152,-1.3289777,0.7852833,2.659658,3.860738,3.4401476,2.4783354,2.774308,happy,4,c:\Users\Kacpiro Recenzje\Desktop\Studia\XAI_2026\data\raw\Actor_24\03-01-03-01-01-01-24.wav
-338.5009,85.95291,-17.804274,3.9925108,-3.830749,2.898631,-15.830286,-3.980784,-10.733835,-8.85507,-6.2310452,-5.4114194,-10.924471,-5.503742,-2.176295,-7.0251327,-8.74724,0.86630523,-8.202034,-6.3815846,-4.563931,-5.5299835,-7.3892174,-3.195821,-3.8108706,-1.9508593,-1.4478006,0.6957114,-1.5923194,-2.5715399,-1.4390523,-2.2901495,-2.7404184,1.144662,3.2811232,3.6810155,6.34171,3.8848324,3.1679227,3.0580184,happy,4,c:\Users\Kacpiro Recenzje\Desktop\Studia\XAI_2026\data\raw\Actor_24\03-01-03-01-01-02-24.wav
-419.22617,76.15262,-9.208176,1.8024695,-6.731666,2.8220878,-12.191486,-3.056003,-11.278038,-6.6729746,-5.599049,-6.623966,-6.065418,-3.851547,-2.3893821,-6.7877016,-5.9452915,0.8903066,-7.407107,-4.962891,-2.9988987,-4.2897406,-3.8186486,-3.5930138,-3.335468,-1.8130714,-2.6607053,-0.8453514,-2.45829,-1.3091383,0.41461423,0.8619194,0.97483736,3.695135,4.4301124,2.6565075,3.0763464,1.8720515,0.039071806,1.697773,happy,4,c:\Users\Kacpiro Recenzje\Desktop\Studia\XAI_2026\data\raw\Actor_24\03-01-03-01-02-01-24.wav
-385.2238,67.87498,-17.87098,3.3962684,-6.646852,-0.43825752,-14.780656,-8.229969,-12.45093,-7.092149,-7.485999,-9.0182495,-7.7135644,-4.456156,-3.8572595,-8.889751,-7.3434296,-0.6616719,-9.334656,-6.9471703,-4.3823905,-5.4183965,-7.676455,-4.3882866,-3.9075313,-4.144098,-4.905683,-2.035929,-2.1846213,-1.4114258,1.2506796,2.2071671,2.8398983,4.845496,4.125076,1.0093842,0.495074,0.13025714,0.55938137,4.6279416,happy,4,c:\Users\Kacpiro Recenzje\Desktop\Studia\XAI_2026\data\raw\Actor_24\03-01-03-01-02-02-24.wav
-378.65378,78.35643,-29.331259,5.1650705,-4.7271447,-1.2076937,-25.785627,-1.8561786,-10.200926,-11.233324,-2.9086049,-5.1936693,-10.469621,-2.8018835,-0.14552426,-9.160618,-6.0422006,4.589375,-10.365548,-6.4115624,-3.125263,-4.3557715,-5.5849614,-0.9142322,-1.7866604,-0.007691079,-2.3373969,4.284382,1.9350724,3.7239513,3.8563626,2.4089773,0.5485714,2.5491579,3.514297,2.8200324,6.8799396,7.769824,4.667659,3.1009202,happy,4,c:\Users\Kacpiro Recenzje\Desktop\Studia\XAI_2026\data\raw\Actor_24\03-01-03-02-01-01-24.wav
-369.55713,69.80412,-23.163273,4.867561,2.7374203,-1.6726578,-17.453606,-1.6728252,-7.7441287,-8.429902,-2.202803,-3.4621246,-7.954817,-2.7792947,4.2112837,-4.6864414,-5.6200194,3.7394328,-5.089658,-5.101748,-2.443848,-3.1864133,-4.3160095,-1.635802,-1.4620609,-1.7923958,-2.8968213,0.32578716,0.10979186,-0.31053302,0.110389546,2.0096743,1.4424385,3.949781,3.0647933,-0.08913725,2.9390993,4.267954,5.8994055,8.620835,happy,4,c:\Users\Kacpiro Recenzje\Desktop\Studia\XAI_2026\data\raw\Actor_24\03-01-03-02-01-02-24.wav
-333.53488,66.77813,-25.628744,3.9362242,-8.045019,-2.674718,-23.032417,-6.50343,-13.181544,-11.308771,-9.818548,-4.2205386,-10.104335,-3.9414237,-4.0695133,-10.329448,-7.572328,2.473488,-12.306479,-6.2506866,-4.2131763,-5.3979025,-7.638284,-2.0319893,-2.3688598,1.0101244,1.1558466,5.079683,3.9933312,7.719527,6.3435025,4.172323,4.080352,6.522095,3.346677,0.3964339,2.8514292,0.57959074,0.21084568,3.4306462,happy,4,c:\Users\Kacpiro Recenzje\Desktop\Studia\XAI_2026\data\raw\Actor_24\03-01-03-02-02-01-24.wav
-353.12732,55.03715,-31.01067,2.5167847,-15.717351,-6.3836904,-22.876244,-9.127925,-12.19543,-10.525616,-8.89293,-6.152775,-12.469209,-6.864272,-6.2672324,-9.277429,-7.2381754,-0.1175049,-12.153881,-4.9285254,2.7399747,5.107511,8.236037,15.079964,12.584701,9.625542,0.97087175,2.5418947,0.003412044,1.7283745,-0.15837194,-0.36318427,-0.36197677,0.20127825,-0.013853087,-0.50205034,-1.5761014,-3.1380777,-0.91024435,1.3269049,happy,4,c:\Users\Kacpiro Recenzje\Desktop\Studia\XAI_2026\data\raw\Actor_24\03-01-03-02-02-02-24.wav
-343.71432,88.23453,-3.3347907,13.6914015,-4.9124475,6.137446,-12.947961,-7.870893,-12.252869,-7.8687816,-7.7889614,-8.21821,-6.7003174,-8.765883,-2.8461156,-5.6705675,-4.754187,-1.6831824,-8.332076,-4.701568,-4.307187,-5.2076015,-4.216261,-6.612473,-4.3248596,-3.0352051,-6.3700647,-2.464786,-2.50812,-3.0133715,1.5692098,0.5603521,0.40986383,0.59560466,0.3279919,-0.9697045,-1.7866285,-1.0964297,-1.3807753,1.427184,sad,6,c:\Users\Kacpiro Recenzje\Desktop\Studia\XAI_2026\data\raw\Actor_24\03-01-04-01-01-01-24.wav
-321.79373,87.73068,-0.87173396,21.108288,-5.3501945,8.820139,-12.066236,0.17523567,-13.032223,-5.9401097,-4.294152,-5.610632,-6.052007,-8.160029,-0.6950306,-7.2346663,-2.0533347,-0.40090722,-7.8186417,-1.6307207,-2.7749598,-5.8401527,-3.0347693,-4.3235445,-4.510028,-3.5050442,-5.40361,-3.3322508,-3.4734814,-3.1213522,-3.2550426,-3.39599,-2.1227858,-2.7563515,-2.5683353,-1.1507621,1.4683399,4.263702,6.0857143,10.262455,sad,6,c:\Users\Kacpiro Recenzje\Desktop\Studia\XAI_2026\data\raw\Actor_24\03-01-04-01-01-02-24.wav
-414.41678,71.59645,-3.7854133,7.7837434,-4.7690816,0.39322397,-10.588055,-2.2518446,-14.751818,-10.271898,-6.4448113,-9.695268,-6.8766437,-6.190155,-2.7574341,-7.6686873,-5.9560537,1.3200002,-8.871675,-7.0550485,-3.7698,-4.0756283,-4.4196057,-6.3485117,-5.408093,-4.6241627,-5.756516,-3.6132193,-4.7066164,-2.2498722,-0.40816385,-2.2955053,-1.5055417,0.5787514,0.5982313,0.13907813,0.43827832,1.3328661,2.309546,3.9431698,sad,6,c:\Users\Kacpiro Recenzje\Desktop\Studia\XAI_2026\data\raw\Actor_24\03-01-04-01-02-01-24.wav
-371.2838,82.47526,-0.17499688,17.106256,-6.2398977,4.5114136,-12.681091,-0.018289337,-13.912111,-2.8726313,-8.092567,-7.665231,-3.0751843,-7.2047114,-1.6692946,-5.539868,-5.6058745,1.0108144,-6.113088,-4.9145117,-2.63093,-3.8061533,-4.9239078,-5.7388096,-4.1042175,-2.4076617,-5.5767345,-2.6620073,-4.6347094,-3.181731,-2.237329,-3.1639743,-3.7039146,-1.048401,-1.2749417,0.031517517,0.73177373,1.961525,2.2437732,4.2113333,sad,6,c:\Users\Kacpiro Recenzje\Desktop\Studia\XAI_2026\data\raw\Actor_24\03-01-04-01-02-02-24.wav
-334.3352,85.06737,-26.062687,0.09156594,-6.074978,-7.698843,-22.565195,-12.260148,-15.267884,-22.647182,-11.718537,-0.098433256,-7.4350343,-15.490151,-1.027176,0.38416246,-12.908185,-3.1884181,-1.5037996,-9.841865,-2.8872128,2.515476,2.6909308,3.2126918,4.5021124,5.028024,2.3615549,2.787768,6.8883142,6.4019876,4.426934,6.911495,4.5271673,-0.7877164,-0.37694934,-1.0840296,-2.1634488,0.6217419,-0.4194567,-3.1350656,sad,6,c:\Users\Kacpiro Recenzje\Desktop\Studia\XAI_2026\data\raw\Actor_24\03-01-04-02-01-01-24.wav
-340.37485,102.42451,-13.919276,5.5113926,-5.8567467,-5.369636,-22.635618,-3.295721,-9.369033,-17.484709,-7.2196465,-2.8566072,-7.1784925,-9.672767,0.7469199,-1.7659185,-11.449632,1.8439058,-3.9787087,-8.814275,-0.01585399,-1.3538505,-2.4350388,0.49980435,0.83342487,0.78673387,-1.6370081,2.303303,3.0622675,1.209732,1.2435677,2.7941968,0.7792248,4.134093,3.7499359,2.6110494,2.8104,2.3674684,0.1812387,0.17858204,sad,6,c:\Users\Kacpiro Recenzje\Desktop\Studia\XAI_2026\data\raw\Actor_24\03-01-04-02-01-02-24.wav
-341.07187,78.78482,-12.390033,12.774593,-11.508187,1.686378,-16.686583,-7.504816,-15.310853,-15.775879,-10.50931,-3.05621,-10.315013,-13.768845,0.52225554,-3.7381341,-13.619314,-1.5390201,-7.2471013,-10.39432,-4.3531346,-3.552856,-5.725449,-3.7576306,-1.1556795,1.2649028,-2.3133533,0.7583187,1.874779,3.0462215,0.94966096,4.6632557,4.3147163,4.621758,5.5175376,4.4902873,1.843052,1.6083701,-1.2048421,-1.3809925,sad,6,c:\Users\Kacpiro Recenzje\Desktop\Studia\XAI_2026\data\raw\Actor_24\03-01-04-02-02-01-24.wav
-324.76602,87.64823,-6.3400726,16.97063,-15.362328,1.1069591,-14.961751,-5.3886886,-11.695236,-13.463337,-11.476772,-5.889115,-8.60932,-9.979899,-2.4700754,-4.4707932,-10.030268,-0.401242,-7.4079666,-8.944273,-2.2892146,-4.215545,-5.2217913,-4.0754776,-4.475127,-2.9372747,-4.2530465,-2.2094483,-1.9322889,-0.50437945,1.9341718,7.1039515,6.5648003,11.444033,10.515078,6.3209248,5.49366,2.8311934,-1.4348803,1.192714,sad,6,c:\Users\Kacpiro Recenzje\Desktop\Studia\XAI_2026\data\raw\Actor_24\03-01-04-02-02-02-24.wav
-387.81577,77.584526,-24.141102,5.1451607,-10.103346,-6.849739,-21.108614,-1.2101576,-10.273005,-13.915129,-5.433307,-3.8953836,-8.830237,-6.1383686,1.5017197,-7.8010426,-8.600826,2.816077,-8.104704,-7.409114,-3.8847456,-6.2441363,-6.1182323,-2.811678,-3.287415,-2.0942006,-3.4740267,-0.17793576,-4.609321,-3.517774,0.4055335,0.381905,4.2638383,7.2030635,9.121056,7.2048826,5.1134653,4.5397267,0.57579744,1.2596042,angry,0,c:\Users\Kacpiro Recenzje\Desktop\Studia\XAI_2026\data\raw\Actor_24\03-01-05-01-01-01-24.wav
-375.71988,65.7093,-22.48693,3.5389886,-10.005141,-3.2135725,-18.362673,-3.7800374,-9.2733555,-9.050736,-6.4873104,-3.4739664,-6.1779475,-5.6001396,-0.11513005,-4.9825897,-7.9326797,1.3854227,-6.2420387,-5.3946323,-3.7853796,-5.1172104,-5.0549846,-2.0964358,-3.203835,-1.9278047,-1.56402,3.175943,0.6187757,3.4009507,4.811393,5.5140805,4.4387174,4.1583753,4.921347,3.2733085,3.9741783,3.7995033,0.6044043,0.7816324,angry,0,c:\Users\Kacpiro Recenzje\Desktop\Studia\XAI_2026\data\raw\Actor_24\03-01-05-01-01-02-24.wav
-402.7075,64.3383,-17.13126,4.2100253,-4.554022,-2.457131,-17.212751,-1.1678853,-11.15251,-11.609214,-6.241029,-3.8903956,-4.8403416,-3.960696,1.8418454,-5.5798264,-7.3800526,1.5574538,-5.1484118,-4.3112397,-2.5150542,-3.8720386,-4.2707596,-3.542124,-3.6871326,-3.4969413,-5.525126,-2.6207504,-3.9390004,-5.398996,-1.8850796,-0.9127821,-0.51594704,3.1984699,4.876988,3.3260865,3.8683238,4.1257095,2.6410115,4.6196237,angry,0,c:\Users\Kacpiro Recenzje\Desktop\Studia\XAI_2026\data\raw\Actor_24\03-01-05-01-02-01-24.wav
-327.27612,75.86384,-22.579063,2.1564126,-13.169676,-1.9154599,-25.761562,-6.107117,-9.991807,-15.165321,-7.821515,-3.6744294,-6.463377,-4.1914415,-1.9031699,-7.8228335,-8.869,1.1668051,-9.091692,-6.138652,-3.2114384,-6.227669,-7.754313,-5.9715743,-3.9539812,-6.971805,-6.6822815,-2.5544536,-3.544624,-1.7653673,3.4322085,3.2627494,3.0147579,8.142349,8.1039,4.853935,7.963939,7.3083982,2.6794174,3.1321468,angry,0,c:\Users\Kacpiro Recenzje\Desktop\Studia\XAI_2026\data\raw\Actor_24\03-01-05-01-02-02-24.wav
-319.5134,72.67071,-31.091763,8.421444,-13.1107235,-13.241384,-25.564352,-1.8097756,-10.529188,-16.285364,-6.0463,-6.3255167,-12.409774,-4.1938405,1.0522072,-11.737329,-8.420436,2.1947384,-8.887056,-6.972139,-4.457675,-8.648295,-7.588332,-5.981967,-3.545097,0.13275623,1.5186964,5.8370433,5.967623,8.292442,10.843837,7.9976497,4.565692,4.043857,1.9465104,-0.42038456,1.2509369,1.198493,0.70909023,1.6727127,angry,0,c:\Users\Kacpiro Recenzje\Desktop\Studia\XAI_2026\data\raw\Actor_24\03-01-05-02-01-01-24.wav
-342.65918,76.17483,-32.887814,6.290355,-13.542845,-7.1756077,-25.682467,-2.0892878,-10.391361,-15.247507,-7.272783,-3.6036224,-10.977535,-7.6499424,4.425794,-9.821697,-10.316909,2.0819736,-10.54819,-8.91294,-4.071118,-6.2083006,-5.391006,-2.1132152,-1.277537,-1.6553491,-1.8673338,0.856636,2.4169087,5.7974405,9.260183,8.915442,8.046877,4.132888,1.8477237,0.33633986,0.59423006,3.7051573,1.6194657,1.0445223,angry,0,c:\Users\Kacpiro Recenzje\Desktop\Studia\XAI_2026\data\raw\Actor_24\03-01-05-02-01-02-24.wav
-336.07797,72.54081,-17.686964,7.3047915,-14.547633,-4.917346,-18.224428,-4.730094,-12.413228,-13.621944,-6.9671,-4.7755466,-7.751658,-1.4387605,2.0013056,-7.538952,-6.1671767,0.97715855,-8.780476,-4.312864,-1.6385536,-5.7302713,-6.567588,-3.7400486,-3.7552145,-6.323705,-5.403676,-0.22861405,-1.617052,-2.2469378,-0.14097898,2.4362106,2.1408777,7.047031,8.509941,7.334165,8.264045,6.396856,1.7160677,0.25407794,angry,0,c:\Users\Kacpiro Recenzje\Desktop\Studia\XAI_2026\data\raw\Actor_24\03-01-05-02-02-01-24.wav
-321.17325,77.62572,-35.852345,11.542572,-18.286535,-12.936254,-23.722214,-1.4032124,-15.307087,-14.8820095,-8.071228,-7.6417556,-10.613215,-5.3332825,1.2805218,-11.561502,-10.952484,2.3027315,-9.72251,-8.318718,-2.6878839,-7.3139596,-11.123563,-5.8648663,-6.4611273,-5.363805,-3.2429411,-1.3798962,-2.6888275,1.2897353,5.663346,7.853849,8.254252,11.54381,10.736202,7.8059826,7.287299,3.5689387,-0.64427805,0.7671629,angry,0,c:\Users\Kacpiro Recenzje\Desktop\Studia\XAI_2026\data\raw\Actor_24\03-01-05-02-02-02-24.wav
-331.3875,59.350567,-23.872524,8.429715,-14.509819,-2.3483405,-18.249193,-4.164767,-16.384834,-10.810451,-2.966715,-5.1509166,-11.626507,-2.8373172,-2.5139081,-6.5899363,-4.87288,-0.15184703,-6.6777787,-4.420146,-2.0328302,-0.013328173,4.1171002,2.9193835,5.2289786,8.528601,4.318334,5.6710324,5.299051,5.1899123,2.9863608,1.8252484,0.09791341,-0.06550562,-0.5336706,-1.7987145,-2.1872673,-1.8494133,-3.0168197,-1.7093846,fear,3,c:\Users\Kacpiro Recenzje\Desktop\Studia\XAI_2026\data\raw\Actor_24\03-01-06-01-01-01-24.wav
-313.19952,62.591347,-26.476948,4.737499,-16.54482,-2.4266815,-18.917807,-2.9946916,-15.557475,-10.557801,-5.2316985,-4.934574,-8.872516,-5.791703,-4.112027,-5.856867,-6.5289326,4.5108876,-2.169515,0.0028697345,5.266708,3.2380888,5.325036,5.467402,6.359126,8.631413,3.552815,6.479576,4.5689936,1.4831237,-0.267694,-1.4339511,0.011138159,-0.37564787,-1.0847123,-0.15596293,-2.7002552,-1.7220849,-2.9113398,-0.24354765,fear,3,c:\Users\Kacpiro Recenzje\Desktop\Studia\XAI_2026\data\raw\Actor_24\03-01-06-01-01-02-24.wav
-378.89185,55.60519,-19.355906,8.032419,-15.1461315,-2.1658056,-18.014627,-8.028864,-15.596066,-7.9929876,-8.933587,-4.2401257,-10.870397,-7.8358927,-4.5153556,-5.1412935,-8.4071455,-0.7326175,-6.646178,-6.718324,-6.7227106,-2.649144,-4.1545053,-0.24386308,6.3388686,11.565487,8.808581,11.380609,10.173753,7.38197,2.6539366,1.2518598,-1.056777,2.6492486,1.7705549,0.6003573,-0.43574908,-2.0879045,-3.4672709,-0.94510686,fear,3,c:\Users\Kacpiro Recenzje\Desktop\Studia\XAI_2026\data\raw\Actor_24\03-01-06-01-02-01-24.wav
-334.46057,61.31486,-18.848473,9.96843,-14.438657,-1.7980568,-14.872499,-2.886435,-14.913479,-9.246155,-5.5874796,-4.2921257,-9.165695,-4.564551,-5.493908,-6.161396,-5.564673,0.07190547,-7.2312937,-7.677084,-6.8723125,-2.9786317,-2.5110197,1.4630088,8.58181,12.826889,10.91267,12.923383,10.153037,6.1661596,2.7491343,2.6549478,2.3182874,4.3932943,1.4126955,0.61295986,-1.2545578,-1.7959791,-1.3450965,0.4268118,fear,3,c:\Users\Kacpiro Recenzje\Desktop\Studia\XAI_2026\data\raw\Actor_24\03-01-06-01-02-02-24.wav
-363.1489,45.22528,-37.7303,-6.7631536,-17.845158,-5.2222004,-26.993916,-14.599218,-18.877934,-20.265049,-6.354938,-2.456551,0.67510617,7.0405345,12.600323,9.820188,8.418646,7.7356114,-4.860776,-6.519472,-1.22544,-0.9824091,-2.0314393,-5.361964,-0.17404354,4.6993923,3.5453494,4.191381,-0.7008149,-1.1585045,0.52945465,0.6138831,-1.4161582,-1.5691241,0.45767385,0.28496224,-1.0835855,-1.0133511,-0.77308726,1.7427528,fear,3,c:\Users\Kacpiro Recenzje\Desktop\Studia\XAI_2026\data\raw\Actor_24\03-01-06-02-01-01-24.wav
-343.7126,40.37128,-22.711802,-3.6761289,-18.07217,-6.243759,-22.858786,-7.5627146,-11.674358,-12.884184,-8.258587,-6.029044,-7.277639,-2.9283006,4.5788746,7.9124594,10.361631,16.334393,7.079718,-1.3365147,-2.8018928,-2.2600794,-3.5344186,-3.406017,-0.33209884,-0.17027083,-5.1330214,-0.24083975,-0.8920361,-0.42223585,0.3063864,0.37924626,0.15638974,1.0326493,1.9838806,1.1883962,-0.32115564,-0.60752934,-1.5287238,0.42300966,fear,3,c:\Users\Kacpiro Recenzje\Desktop\Studia\XAI_2026\data\raw\Actor_24\03-01-06-02-01-02-24.wav
-384.4191,32.032608,-33.26469,-6.019767,-19.116217,-3.4298341,-19.07345,-14.204089,-16.749722,-15.918862,-8.096543,0.28649458,0.6760392,6.9201007,13.368026,12.629595,9.056789,6.8404565,-5.3202233,-5.976314,-0.21430683,1.5664624,-0.08299664,-4.134541,-3.053219,-1.6325799,-0.8057551,3.430192,1.416562,0.92365724,-0.4119666,-0.69714963,-0.13081105,-0.17955653,-0.124526925,-1.2638795,-0.973929,-0.600072,-2.0592525,0.4795844,fear,3,c:\Users\Kacpiro Recenzje\Desktop\Studia\XAI_2026\data\raw\Actor_24\03-01-06-02-02-01-24.wav
-352.40137,33.756844,-37.712345,-8.522609,-29.31306,-2.3401103,-22.475174,-15.5057535,-17.271164,-15.768786,-8.627591,1.4624366,5.138834,13.67793,18.924864,14.507923,5.453407,1.2057779,-12.966589,-8.196048,-0.870755,0.4694281,-4.662124,-10.88493,-4.269704,4.8409433,7.7330437,6.8394213,-0.027614295,-1.1050538,0.734314,0.04356552,-1.7074015,-3.3923292,-0.16050953,1.3065873,-1.6523446,-1.6304568,-0.46554068,4.3181553,fear,3,c:\Users\Kacpiro Recenzje\Desktop\Studia\XAI_2026\data\raw\Actor_24\03-01-06-02-02-02-24.wav
-302.45804,113.17893,-24.990246,1.4866139,-7.3295484,-11.289625,-21.752377,-6.005043,-13.569813,-13.206051,-11.368041,-7.3272696,-5.760196,-9.080216,-0.78352183,-8.241498,-4.702513,-2.158251,-5.610891,-8.274083,-6.3088603,-7.074952,-8.046083,-5.6678314,-6.36411,-4.862293,-7.300718,-4.8755126,-4.4077806,-6.1310143,-3.5815165,-3.295303,-2.0299838,-0.20616464,0.26216397,0.24012399,-0.3530597,-1.1753663,0.23932728,1.8033288,disgust,2,c:\Users\Kacpiro Recenzje\Desktop\Studia\XAI_2026\data\raw\Actor_24\03-01-07-01-01-01-24.wav
-333.69598,93.6733,-20.020437,1.5775722,-4.9360075,-5.832683,-21.196095,-3.9713593,-15.392469,-12.438232,-4.5229993,-2.9302123,-7.695238,-9.92935,-1.2778099,-5.7536936,-8.193539,-0.62742114,-4.8570805,-5.9391956,-7.313745,-3.600915,-6.7498007,-5.0815897,-5.259336,-3.7074056,-4.898453,-3.6022942,-3.6982832,-3.4822667,-3.1774745,-0.8048016,1.0374013,2.076749,4.277163,2.4813242,1.2287974,0.71598476,-1.0702202,-0.605955,disgust,2,c:\Users\Kacpiro Recenzje\Desktop\Studia\XAI_2026\data\raw\Actor_24\03-01-07-01-01-02-24.wav
-367.05054,90.79223,-30.06898,7.9911885,-3.112931,-9.169957,-16.902788,-7.264158,-19.040237,-13.184932,-7.265871,-5.6771846,-11.279564,-5.7877836,-0.3903197,-8.368845,-8.741258,-0.3155972,-7.125398,-8.015112,-3.6835194,-4.784859,-7.3138323,-2.5727773,-5.4367757,-4.7832165,-5.8943925,-6.687001,-5.156702,-6.225312,-2.9427288,-2.3218246,-0.34386167,5.14726,5.5155706,5.36024,5.364877,2.378487,0.7757139,1.1603348,disgust,2,c:\Users\Kacpiro Recenzje\Desktop\Studia\XAI_2026\data\raw\Actor_24\03-01-07-01-02-01-24.wav
-348.308,92.082565,-18.82144,2.2680616,-4.861943,-2.8325465,-21.0186,-4.8769937,-19.725676,-13.603431,-10.857001,-5.3582273,-3.1858222,-13.081683,-1.1646497,-3.0328546,-10.157708,-3.7764204,-6.9790487,-5.0743446,-5.8271,-1.8217428,-6.612796,-5.519137,-3.6664858,-5.969405,-5.4170547,-3.8214939,-5.6210823,-4.864612,-5.625622,-3.156883,-3.2045712,-2.583633,-0.3524883,0.31009376,1.4453183,2.8627605,1.0829741,4.190262,disgust,2,c:\Users\Kacpiro Recenzje\Desktop\Studia\XAI_2026\data\raw\Actor_24\03-01-07-01-02-02-24.wav
-310.64307,103.67175,-11.0578785,7.0841084,-14.321932,-11.142241,-16.133606,-3.4032288,-19.642889,-14.22194,-8.47475,0.18453266,-7.20972,-7.456789,1.3088506,-6.2248683,-5.8390574,1.3422474,-4.664202,-5.6801324,-3.312241,-2.7510662,-5.292922,-4.069568,-3.1332557,-2.8846931,-4.0308433,-1.8627994,-1.8793452,-1.6646249,-1.3764911,0.8152946,-1.1598148,-0.9338632,-0.22987173,-2.6424878,-1.8589778,-0.5023074,-1.1863269,-0.98965454,disgust,2,c:\Users\Kacpiro Recenzje\Desktop\Studia\XAI_2026\data\raw\Actor_24\03-01-07-02-01-01-24.wav
-269.58008,84.207016,-36.44775,5.6691065,-20.526981,-5.211421,-22.884575,-5.7496986,-19.830463,-8.074086,-3.5789876,-4.240619,-9.848014,-9.580125,0.12594113,-6.623185,-10.663298,-1.8809745,-8.514359,-7.47712,-3.6083074,-4.5749445,-5.42494,0.34001,-0.73886824,-0.45663518,-2.4821708,1.3578478,-0.74545765,3.2893693,7.187594,6.500678,7.9779816,7.4354978,3.563892,-0.14518012,-0.046924565,2.2451537,0.50042325,2.597663,disgust,2,c:\Users\Kacpiro Recenzje\Desktop\Studia\XAI_2026\data\raw\Actor_24\03-01-07-02-01-02-24.wav
-322.031,74.719315,-28.36928,-4.0923862,-15.468196,-7.7323422,-21.85959,-7.310015,-22.55422,-11.539213,-5.4426503,-5.126128,-8.447283,-7.2113147,-2.6557136,-9.811911,-6.3034506,-2.3781877,-9.931175,-8.06624,-10.253146,-7.332427,-8.402018,-3.3483398,-0.0883394,1.3025008,-0.031491976,2.8373196,1.1067089,-0.11311871,-0.7024036,0.7088625,0.7967893,3.4464152,4.434423,4.468218,2.8424838,3.6557093,1.2198886,-0.005045248,disgust,2,c:\Users\Kacpiro Recenzje\Desktop\Studia\XAI_2026\data\raw\Actor_24\03-01-07-02-02-01-24.wav
-277.70245,75.919106,-30.456726,7.235967,-17.632925,-3.0997422,-26.709621,-9.519583,-23.106709,-11.534382,-8.487852,-5.875827,-7.427436,-7.3188734,-4.592368,-8.407242,-10.247444,-4.83618,-8.265642,-6.75589,-9.055039,-6.9305954,-10.567966,-7.9118547,-10.002204,-4.790048,-6.9471927,-1.7732908,2.5503702,7.928852,9.560265,13.159527,11.306232,9.540647,8.240381,2.7049713,0.6496935,2.7167022,-0.114011616,1.5442176,disgust,2,c:\Users\Kacpiro Recenzje\Desktop\Studia\XAI_2026\data\raw\Actor_24\03-01-07-02-02-02-24.wav
-381.74924,47.048847,-6.2085404,8.619863,-8.618842,1.1525657,-10.627331,-0.5312549,-10.110498,-4.434589,-5.812158,-6.071238,-5.7534513,-4.8485236,-6.323107,-6.0622373,-4.612653,-0.16076812,-4.9578676,-2.279981,-1.922872,0.9490493,1.591934,1.1514375,1.8707446,1.0290601,-1.0746853,1.2985382,0.06258717,0.9393581,1.943455,2.2848022,1.1433029,1.2334372,0.68796617,-0.36007932,-0.21179332,0.66941494,-0.15255554,0.57821274,surprise,7,c:\Users\Kacpiro Recenzje\Desktop\Studia\XAI_2026\data\raw\Actor_24\03-01-08-01-01-01-24.wav
-365.38037,57.684772,-16.684217,2.5082688,-13.170062,-1.2803378,-17.24581,-4.654594,-17.368156,-8.307032,-4.3641734,-4.834253,-8.079564,-6.6254206,-3.6049066,-5.064724,-0.97515154,4.1648684,-1.7867644,1.4887103,-0.92997473,-0.30614963,-1.5758651,-1.5013481,-1.3640141,0.67710465,-1.1308104,0.76062024,-0.25262028,0.9654948,0.2156469,-0.75702304,0.46442312,0.62563473,0.73834175,1.8220631,0.97691584,1.0401086,1.4084738,2.6508098,surprise,7,c:\Users\Kacpiro Recenzje\Desktop\Studia\XAI_2026\data\raw\Actor_24\03-01-08-01-01-02-24.wav
-379.38538,52.50592,-15.379704,7.6120605,-9.287021,-0.9939461,-11.773424,-3.440745,-12.516724,-5.7138133,-5.791666,-5.3284564,-7.4070845,-2.1202471,-3.9381793,-5.724488,-4.1941695,2.0495143,-6.7687883,-2.0585666,-3.113865,-0.8400624,-1.796908,-0.47000712,0.44510722,1.9556352,0.5126991,4.386254,2.3297713,1.3681887,-0.5378263,-2.3155212,-1.262639,1.9845507,2.9705703,2.0917728,1.7597035,0.22261685,-0.9467121,1.0055735,surprise,7,c:\Users\Kacpiro Recenzje\Desktop\Studia\XAI_2026\data\raw\Actor_24\03-01-08-01-02-01-24.wav
-385.39197,52.095585,-22.968992,4.256605,-12.6844425,-4.5318193,-16.086649,-5.4151587,-17.741135,-9.599253,-3.9271111,-7.901933,-7.552499,-4.434186,-5.140543,-3.5090375,-0.31518662,6.8252807,-1.8383958,0.6264492,-1.9238757,-0.80120623,-2.5352905,-1.159521,0.054335684,1.7896558,-1.7357199,1.1716332,-0.23825671,-0.5569006,-2.592937,-1.0836064,1.8340839,3.5356386,3.736845,0.3165622,0.02409379,-0.0069684642,-0.018407904,1.9306259,surprise,7,c:\Users\Kacpiro Recenzje\Desktop\Studia\XAI_2026\data\raw\Actor_24\03-01-08-01-02-02-24.wav
-369.15814,74.10432,-19.512238,3.4073365,-18.050701,-5.4263673,-22.706207,-6.6979227,-13.29915,-11.602337,-5.9291024,-5.127438,-8.795737,-1.8328621,3.4167788,-2.9296286,-2.4623613,4.45508,-4.7204514,-2.860205,-1.4948245,-4.4398637,-0.7265909,-1.7260662,-1.4441488,0.08112484,-0.46335763,3.8513713,2.0657346,1.3502228,2.3876991,3.4413548,2.5060976,3.8188763,3.5698037,1.5841918,-0.7454656,0.37867516,-0.9011786,0.4799032,surprise,7,c:\Users\Kacpiro Recenzje\Desktop\Studia\XAI_2026\data\raw\Actor_24\03-01-08-02-01-01-24.wav
-339.1675,70.14533,-28.976427,6.397466,-16.4716,-3.564403,-27.153255,-8.337615,-14.180528,-11.65891,-3.8675845,-1.7147148,-5.8201737,-0.20754053,1.6556985,-4.2715616,-4.0784893,4.1103888,-5.535443,-2.3180468,1.305488,-3.5637891,-3.723851,0.2674876,0.59718245,1.0361114,0.114563085,2.7688928,-0.031015923,0.49061054,-0.3395255,0.91628855,1.0008686,3.466955,1.8304658,0.6194134,-0.07984795,2.2453692,-0.3064031,0.014901777,surprise,7,c:\Users\Kacpiro Recenzje\Desktop\Studia\XAI_2026\data\raw\Actor_24\03-01-08-02-01-02-24.wav
-345.552,52.70491,-18.165882,15.100112,-14.326173,1.6058022,-16.545298,0.55931544,-16.987654,-3.354616,-2.427885,-4.8059244,-7.4236073,-2.4266257,-7.207858,-4.8915806,-2.071117,2.4379504,-4.4629683,-1.8718833,-1.1610906,1.5637906,-0.23279577,0.122768104,4.1746135,7.187403,-0.44232166,7.4476233,2.9893486,4.4302397,2.3457518,4.1984644,1.1335436,2.0310097,-0.30765262,0.61599565,-0.9755181,0.85728866,-0.81830955,0.21181907,surprise,7,c:\Users\Kacpiro Recenzje\Desktop\Studia\XAI_2026\data\raw\Actor_24\03-01-08-02-02-01-24.wav
-362.5026,52.009563,-11.555283,10.785572,-13.107255,4.3308353,-14.335432,-5.3569927,-11.279389,-6.1985793,-7.844956,-3.4311454,-6.8751698,-6.536689,-4.4593134,-3.2403538,-2.4959388,3.0659397,-1.4475244,1.2235439,1.0462213,4.6558943,0.30347914,-0.8910121,1.3938646,3.003279,-1.0413623,4.1790075,2.8857634,4.6038394,2.5046926,2.0592062,0.6416416,1.9216009,1.045568,1.5185707,1.3811879,1.1074119,0.1125076,1.346456,surprise,7,c:\Users\Kacpiro Recenzje\Desktop\Studia\XAI_2026\data\raw\Actor_24\03-01-08-02-02-02-24.wav
